train_no,train_type,current_station,next_station,distance_remaining_km,current_speed_kmph,current_delay_min,historical_avg_delay_min,congestion_score,weather,hour,day_of_week,actual_remaining_time_min
12951,Rajdhani,Mumbai,Surat,223.9,68.7,20.9,5.6,0.205,Rain,0,2,204.3
12723,Express,Vijayawada,Gudur,166.9,59.3,30.3,24.0,0.194,Clear,6,1,208.7
12723,Express,Warangal,Vijayawada,240.1,74.5,10.5,5.3,0.08,Rain,2,2,212.1
12259,Duronto,DDU,New Delhi,244.0,72.0,15.5,18.5,0.27,Rain,9,6,230.9
12301,Rajdhani,Prayagraj,DDU,143.8,49.2,5.2,0.0,0.21,Clear,4,4,185.8
12627,Express,Vijayawada,Warangal,186.7,59.3,7.8,13.7,0.126,Clear,5,2,193.8
12259,Duronto,Asansol,Dhanbad,120.5,77.8,6.7,14.9,0.279,Clear,2,6,108.1
12627,Express,Chennai,Gudur,160.0,61.1,11.2,17.1,0.394,Clear,0,2,153.1
12259,Duronto,Asansol,Dhanbad,112.0,74.4,15.7,19.3,0.017,Rain,3,6,112.3
12301,Rajdhani,New Delhi,Kanpur,183.7,64.3,11.6,20.4,0.383,Heavy Rain,0,6,180.1
12860,Express,Pune,Solapur,227.6,74.8,27.8,5.3,0.576,Clear,2,2,207.5
12301,Rajdhani,DDU,Gaya,213.7,83.0,0.5,0.0,0.142,Clear,7,3,134.3
12259,Duronto,Asansol,Dhanbad,114.6,66.6,43.5,1.0,0.36,Heavy Rain,2,4,130.7
12301,Rajdhani,DDU,Gaya,158.8,79.3,23.1,17.1,0.166,Clear,7,3,138.5
12259,Duronto,Dhanbad,Gaya,197.1,73.1,19.1,10.3,0.145,Clear,3,2,154.3
12627,Express,Chennai,Gudur,151.8,55.1,20.2,0.0,0.203,Fog,0,0,167.7
12951,Rajdhani,Surat,Vadodara,138.8,68.5,13.4,0.0,0.262,Rain,2,4,127.2
12860,Express,Kalaburagi,Wadi,110.3,78.5,7.0,10.1,0.39,Clear,8,3,91.9
12301,Rajdhani,Prayagraj,DDU,211.8,71.0,-3.4,15.1,0.063,Rain,4,3,165.3
12301,Rajdhani,Kanpur,Prayagraj,222.7,78.9,8.5,1.3,0.106,Clear,2,0,169.4
12301,Rajdhani,Prayagraj,DDU,189.5,71.8,20.7,0.3,0.312,Clear,5,0,166.4
12723,Express,Vijayawada,Gudur,208.0,58.0,-3.1,9.7,0.201,Clear,5,6,199.2
12951,Rajdhani,Kota,New Delhi,208.5,66.4,20.7,5.9,0.038,Clear,10,2,214.5
12301,Rajdhani,Prayagraj,DDU,188.2,64.6,35.0,6.7,0.18,Heavy Rain,5,2,190.5
12627,Express,Gudur,Nellore,63.7,61.6,5.5,14.8,0.169,Fog,2,4,78.7
12301,Rajdhani,DDU,Gaya,145.8,70.0,18.2,13.0,0.481,Clear,7,1,160.9
12259,Duronto,Sealdah,Asansol,227.9,79.5,6.7,13.2,0.357,Rain,0,0,153.9
12951,Rajdhani,Mumbai,Surat,167.5,63.4,-5.0,22.4,0.133,Clear,0,0,195.7
12723,Express,Kazipet,Warangal,40.0,64.7,-5.0,5.2,0.305,Clear,2,6,36.6
12860,Express,Pune,Solapur,205.9,60.4,20.5,16.2,0.28,Clear,3,5,207.1
12627,Express,Nellore,Vijayawada,137.4,51.1,4.5,1.0,0.437,Heavy Rain,3,4,213.3
12301,Rajdhani,Gaya,Howrah,190.1,70.7,3.5,11.1,0.582,Clear,10,1,178.9
12301,Rajdhani,New Delhi,Kanpur,210.4,78.4,-5.0,24.0,0.537,Clear,23,3,164.8
12301,Rajdhani,Gaya,Howrah,196.7,72.4,35.6,2.3,0.511,Clear,10,4,187.2
12951,Rajdhani,Mumbai,Surat,215.5,82.9,22.0,0.0,0.249,Heavy Rain,23,1,193.7
12860,Express,Solapur,Kalaburagi,143.5,67.0,12.0,13.4,0.529,Clear,5,3,157.3
12627,Express,Vijayawada,Warangal,149.0,52.5,14.7,21.7,0.157,Rain,6,5,216.1
12723,Express,Hyderabad,Kazipet,133.8,68.0,10.2,3.4,0.093,Clear,0,1,137.7
12723,Express,Vijayawada,Gudur,208.4,70.5,0.9,18.9,0.405,Clear,5,1,202.3
12627,Express,Warangal,Secunderabad,192.9,63.2,10.2,6.7,0.14,Heavy Rain,9,0,204.2
12259,Duronto,Dhanbad,Gaya,153.4,66.5,13.2,29.9,0.111,Rain,3,3,168.6
12723,Express,Vijayawada,Gudur,219.1,65.1,17.7,9.0,0.066,Heavy Rain,6,4,212.8
12259,Duronto,Sealdah,Asansol,138.1,55.7,-3.4,2.5,0.231,Fog,23,2,165.9
12301,Rajdhani,Gaya,Howrah,199.7,69.1,13.8,0.0,0.44,Rain,9,5,200.8
12627,Express,Warangal,Secunderabad,178.0,55.6,17.3,21.0,0.445,Rain,9,3,207.4
12627,Express,Nellore,Vijayawada,249.3,82.8,29.2,10.7,0.37,Clear,3,4,195.2
12301,Rajdhani,New Delhi,Kanpur,195.0,73.5,-5.0,21.0,0.253,Clear,0,4,161.3
12627,Express,Nellore,Vijayawada,159.9,56.7,-5.0,16.7,0.134,Heavy Rain,4,0,198.8
12301,Rajdhani,Gaya,Howrah,180.3,58.4,2.4,14.6,0.294,Clear,9,4,186.0
12627,Express,Warangal,Secunderabad,172.8,58.3,9.1,0.0,0.633,Heavy Rain,9,2,207.5
12627,Express,Chennai,Gudur,160.4,68.5,-5.0,15.8,0.212,Fog,0,1,161.2
12259,Duronto,DDU,New Delhi,251.3,67.8,7.8,0.0,0.37,Heavy Rain,9,2,224.6
12951,Rajdhani,Ratlam,Kota,244.9,78.5,18.6,3.4,0.295,Fog,7,5,197.9
12723,Express,Hyderabad,Kazipet,144.6,64.9,29.7,17.0,0.308,Heavy Rain,0,2,153.0
12259,Duronto,Gaya,DDU,179.1,64.7,-1.2,6.4,0.608,Clear,6,4,185.4
12860,Express,Mumbai,Pune,189.5,58.9,29.4,9.8,0.144,Clear,0,4,206.6
12627,Express,Vijayawada,Warangal,239.5,73.6,-5.0,2.4,0.336,Clear,6,5,196.2
12627,Express,Nellore,Vijayawada,190.5,72.3,17.1,0.0,0.251,Clear,3,1,199.0
12301,Rajdhani,Gaya,Howrah,225.2,70.1,12.7,3.3,0.253,Fog,9,3,182.0
12301,Rajdhani,DDU,Gaya,156.9,74.4,8.5,0.0,0.256,Rain,8,1,144.5
12860,Express,Pune,Solapur,199.3,65.0,40.9,23.2,0.305,Clear,3,4,193.3
12951,Rajdhani,Mumbai,Surat,271.3,80.8,-5.0,6.6,0.663,Clear,0,5,189.3
12627,Express,Warangal,Secunderabad,156.3,58.9,4.9,6.6,0.208,Clear,8,3,192.1
12860,Express,Mumbai,Pune,135.1,49.5,23.6,12.3,0.05,Clear,0,2,221.6
12627,Express,Nellore,Vijayawada,189.2,70.1,-0.2,1.6,0.266,Clear,4,4,185.4
12860,Express,Pune,Solapur,119.1,45.1,15.1,15.0,0.51,Clear,3,5,212.0
12259,Duronto,Sealdah,Asansol,136.9,61.8,25.3,22.8,0.625,Fog,0,5,178.7
12301,Rajdhani,Prayagraj,DDU,200.9,71.0,29.0,0.0,0.48,Clear,5,4,176.0
12301,Rajdhani,Prayagraj,DDU,188.4,66.3,1.5,16.1,0.237,Clear,4,4,177.7
12951,Rajdhani,Surat,Vadodara,179.9,83.2,19.9,11.0,0.281,Clear,3,2,121.0
12259,Duronto,Gaya,DDU,167.6,58.1,-4.6,5.0,0.157,Clear,6,6,175.2
12627,Express,Nellore,Vijayawada,232.9,77.9,18.8,17.0,0.262,Clear,3,2,186.9
12860,Express,Mumbai,Pune,182.2,59.4,33.6,15.5,0.214,Clear,23,3,208.8
12860,Express,Mumbai,Pune,192.4,69.0,25.7,4.8,0.154,Clear,0,4,200.6
12951,Rajdhani,Surat,Vadodara,169.9,79.8,5.5,5.6,0.285,Clear,3,4,126.9
12301,Rajdhani,New Delhi,Kanpur,211.7,87.0,6.9,0.0,0.1,Clear,0,1,167.4
12860,Express,Mumbai,Pune,175.7,63.2,13.3,30.9,0.477,Fog,23,2,226.1
12860,Express,Pune,Solapur,211.5,74.2,11.1,14.9,0.518,Fog,3,1,202.1
12951,Rajdhani,Surat,Vadodara,154.8,68.9,32.0,14.1,0.161,Heavy Rain,2,2,145.2
12301,Rajdhani,Prayagraj,DDU,205.7,71.5,18.6,5.3,0.232,Clear,5,6,171.6
12723,Express,Warangal,Vijayawada,209.3,66.9,13.0,15.5,0.173,Rain,2,0,204.7
12860,Express,Pune,Solapur,171.0,58.9,46.0,11.6,0.152,Clear,3,2,204.7
12259,Duronto,Asansol,Dhanbad,132.3,73.4,12.1,14.2,0.286,Clear,2,6,113.5
12627,Express,Warangal,Secunderabad,221.1,78.3,23.3,9.5,0.113,Clear,9,5,190.3
12259,Duronto,Gaya,DDU,181.1,63.9,2.7,29.1,0.169,Clear,6,6,176.1
12627,Express,Nellore,Vijayawada,143.6,54.9,14.2,16.4,0.057,Clear,3,3,196.3
12951,Rajdhani,Vadodara,Ratlam,231.0,80.3,-5.0,0.0,0.217,Fog,5,2,167.6
12951,Rajdhani,Kota,New Delhi,214.9,73.8,2.3,13.8,0.121,Rain,10,4,206.9
12259,Duronto,Sealdah,Asansol,150.6,64.9,5.3,10.4,0.251,Clear,0,6,158.3
12860,Express,Wadi,Secunderabad,156.2,53.4,29.0,20.3,0.452,Clear,11,4,193.9
12951,Rajdhani,Kota,New Delhi,271.7,73.8,8.3,15.9,0.351,Rain,10,4,209.0
12723,Express,Hyderabad,Kazipet,110.3,49.1,32.1,10.7,0.362,Clear,0,1,152.4
12723,Express,Vijayawada,Gudur,224.0,63.4,41.4,22.4,0.17,Clear,5,6,224.1
12723,Express,Kazipet,Warangal,40.0,52.8,11.5,11.4,0.031,Heavy Rain,1,0,66.6
12627,Express,Vijayawada,Warangal,179.7,59.8,33.3,15.2,0.162,Clear,5,2,200.9
12860,Express,Pune,Solapur,199.6,63.3,6.1,23.7,0.123,Clear,2,1,183.6
12301,Rajdhani,Prayagraj,DDU,205.2,68.6,12.7,0.0,0.318,Clear,5,1,172.7
12951,Rajdhani,Kota,New Delhi,242.1,65.9,25.8,16.1,0.033,Rain,10,4,212.3
12301,Rajdhani,Prayagraj,DDU,152.8,67.4,7.3,9.7,0.087,Clear,6,3,165.6
12301,Rajdhani,Kanpur,Prayagraj,205.9,67.5,20.2,5.0,0.261,Fog,3,0,178.9
12259,Duronto,Dhanbad,Gaya,159.7,60.7,11.8,0.0,0.223,Rain,3,0,167.9
12259,Duronto,DDU,New Delhi,184.4,59.3,18.0,12.0,0.192,Rain,9,0,212.6
12301,Rajdhani,Gaya,Howrah,202.0,65.0,18.9,12.3,0.12,Clear,9,0,179.7
12301,Rajdhani,Gaya,Howrah,189.6,74.2,13.4,3.4,0.198,Rain,11,1,186.1
12627,Express,Gudur,Nellore,80.0,68.5,12.8,14.9,0.154,Clear,2,3,76.4
12259,Duronto,Asansol,Dhanbad,133.4,80.2,-1.3,24.9,0.261,Clear,2,2,107.5
12301,Rajdhani,DDU,Gaya,143.0,64.1,34.1,17.4,0.465,Clear,7,3,164.5
12860,Express,Mumbai,Pune,224.9,66.0,14.4,0.0,0.118,Rain,23,6,205.4
12860,Express,Mumbai,Pune,170.8,56.9,34.0,10.8,0.375,Heavy Rain,23,4,228.7
12301,Rajdhani,Gaya,Howrah,220.7,78.7,15.9,8.7,0.392,Rain,9,6,188.7
12627,Express,Warangal,Secunderabad,173.3,56.8,4.8,27.9,0.4,Clear,8,6,210.1
12951,Rajdhani,Surat,Vadodara,136.9,79.7,18.5,11.0,0.495,Clear,3,4,136.5
12860,Express,Wadi,Secunderabad,152.8,58.7,22.3,19.2,0.465,Clear,10,1,180.2
12259,Duronto,Asansol,Dhanbad,125.0,72.4,10.3,0.5,0.251,Rain,2,3,117.0
12627,Express,Warangal,Secunderabad,178.0,63.4,-2.1,0.0,0.088,Clear,9,4,191.6
12627,Express,Chennai,Gudur,148.5,59.8,16.7,0.5,0.046,Rain,23,0,156.7
12301,Rajdhani,Gaya,Howrah,219.2,82.2,30.1,11.6,0.492,Clear,10,5,194.9
12627,Express,Gudur,Nellore,52.2,52.2,11.9,17.5,0.224,Clear,3,4,83.1
12723,Express,Hyderabad,Kazipet,148.9,66.3,27.6,21.4,0.126,Rain,23,5,146.1
12301,Rajdhani,Kanpur,Prayagraj,163.3,71.7,8.8,10.4,0.167,Fog,2,3,183.0
12627,Express,Vijayawada,Warangal,205.5,61.8,-5.0,24.4,0.269,Clear,5,4,193.2
12723,Express,Vijayawada,Gudur,209.7,75.1,10.2,15.4,0.321,Rain,5,4,212.0
12951,Rajdhani,Mumbai,Surat,236.7,72.5,24.1,10.8,0.232,Clear,23,1,199.7
12259,Duronto,Dhanbad,Gaya,156.1,67.6,3.2,0.0,0.155,Rain,3,0,137.9
12301,Rajdhani,DDU,Gaya,165.8,67.0,22.5,9.0,0.137,Clear,7,5,154.0
12301,Rajdhani,New Delhi,Kanpur,201.2,67.8,-1.9,0.0,0.107,Fog,0,1,167.4
12860,Express,Mumbai,Pune,152.1,53.4,1.6,19.8,0.014,Rain,23,4,208.2
12627,Express,Warangal,Secunderabad,175.5,62.7,1.3,0.0,0.402,Clear,9,6,192.0
12860,Express,Kalaburagi,Wadi,72.9,49.4,3.8,21.9,0.505,Clear,8,0,105.7
12723,Express,Vijayawada,Gudur,190.6,57.4,-5.0,0.9,0.277,Clear,6,5,202.1
12860,Express,Mumbai,Pune,201.7,63.7,6.8,3.9,0.211,Clear,0,0,201.5
12627,Express,Warangal,Secunderabad,134.3,44.4,6.1,19.3,0.39,Rain,8,0,219.6
12627,Express,Chennai,Gudur,185.1,82.5,6.8,18.1,0.284,Clear,23,4,147.9
12301,Rajdhani,Gaya,Howrah,208.9,71.4,-1.1,6.9,0.416,Clear,9,5,179.2
12301,Rajdhani,New Delhi,Kanpur,174.3,71.0,9.2,12.1,0.161,Rain,0,5,160.6
12259,Duronto,Sealdah,Asansol,201.0,81.6,-0.1,11.7,0.216,Rain,0,3,155.4
12259,Duronto,DDU,New Delhi,224.6,72.9,10.3,22.3,0.34,Clear,8,0,213.6
12301,Rajdhani,Prayagraj,DDU,184.3,64.3,-1.7,20.4,0.091,Clear,5,1,172.3
12860,Express,Kalaburagi,Wadi,63.8,50.4,-5.0,15.0,0.341,Clear,8,4,90.0
12301,Rajdhani,Gaya,Howrah,198.4,69.3,-1.6,9.8,0.441,Fog,10,0,186.5
12301,Rajdhani,Kanpur,Prayagraj,200.2,69.9,9.7,8.7,0.175,Fog,2,1,178.1
12860,Express,Kalaburagi,Wadi,96.0,65.4,25.5,16.0,0.204,Fog,8,4,102.6
12627,Express,Warangal,Secunderabad,195.5,62.6,6.1,0.0,0.213,Heavy Rain,9,0,198.3
12259,Duronto,DDU,New Delhi,204.2,69.1,-5.0,0.0,0.105,Heavy Rain,9,0,218.5
12860,Express,Pune,Solapur,189.8,59.9,21.8,8.6,0.492,Heavy Rain,2,0,215.1
12860,Express,Pune,Solapur,185.3,55.4,13.8,10.1,0.202,Clear,3,2,199.1
12301,Rajdhani,DDU,Gaya,106.5,54.2,13.6,0.0,0.51,Clear,9,2,165.3
12951,Rajdhani,Ratlam,Kota,231.9,79.2,6.4,8.9,0.592,Rain,7,5,202.4
12860,Express,Solapur,Kalaburagi,193.0,67.8,19.9,2.8,0.539,Heavy Rain,6,2,189.2
12860,Express,Wadi,Secunderabad,161.8,64.0,-5.0,15.0,0.12,Rain,9,1,174.2
12723,Express,Vijayawada,Gudur,210.0,66.1,20.9,15.2,0.452,Clear,5,5,222.8
12860,Express,Kalaburagi,Wadi,93.8,63.6,12.5,1.3,0.252,Clear,8,0,93.6
12951,Rajdhani,Surat,Vadodara,148.9,68.7,7.3,0.0,0.229,Clear,2,1,140.3
12723,Express,Hyderabad,Kazipet,135.3,59.5,-5.0,0.8,0.256,Heavy Rain,0,3,149.0
12951,Rajdhani,Mumbai,Surat,206.7,63.9,15.4,6.1,0.184,Clear,0,5,188.2
12860,Express,Wadi,Secunderabad,152.2,64.6,34.6,15.4,0.27,Clear,11,2,185.6
12627,Express,Chennai,Gudur,124.9,50.0,22.1,13.2,0.254,Clear,0,2,175.2
12860,Express,Solapur,Kalaburagi,198.9,72.5,-3.0,0.0,0.124,Clear,6,0,137.6
12301,Rajdhani,DDU,Gaya,183.1,77.3,9.5,9.2,0.097,Clear,7,3,146.6
12723,Express,Gudur,Chennai,170.5,61.1,31.0,9.3,0.597,Clear,9,5,222.1
12627,Express,Vijayawada,Warangal,178.4,63.9,1.6,8.8,0.171,Clear,6,6,196.1
12951,Rajdhani,Ratlam,Kota,237.4,74.3,8.4,10.8,0.482,Clear,7,5,193.6
12627,Express,Vijayawada,Warangal,186.1,68.3,-0.2,4.4,0.122,Rain,7,3,184.4
12301,Rajdhani,Gaya,Howrah,192.8,74.8,13.1,3.5,0.291,Rain,9,0,184.7
12951,Rajdhani,Ratlam,Kota,190.2,69.9,12.9,22.1,0.306,Clear,7,2,191.3
12301,Rajdhani,Prayagraj,DDU,175.8,60.6,3.9,13.2,0.372,Clear,4,4,183.2
12860,Express,Pune,Solapur,240.3,73.0,33.2,5.8,0.539,Rain,3,4,206.8
12259,Duronto,Gaya,DDU,160.1,66.6,2.3,21.2,0.564,Heavy Rain,6,1,203.7
12951,Rajdhani,Kota,New Delhi,286.2,88.9,46.0,22.3,0.094,Clear,9,5,222.9
12951,Rajdhani,Vadodara,Ratlam,177.7,70.2,25.4,10.0,0.306,Clear,5,4,191.9
12723,Express,Warangal,Vijayawada,211.8,73.4,19.8,14.5,0.074,Heavy Rain,2,4,223.2
12259,Duronto,Dhanbad,Gaya,222.0,87.6,-1.4,9.6,0.302,Clear,3,0,147.6
12259,Duronto,Gaya,DDU,158.8,67.2,16.9,12.0,0.436,Clear,6,1,174.7
12860,Express,Pune,Solapur,218.4,65.4,10.4,9.0,0.16,Clear,3,4,184.5
12259,Duronto,Dhanbad,Gaya,177.1,77.9,11.9,7.5,0.573,Clear,3,4,167.8
12627,Express,Vijayawada,Warangal,227.2,69.4,23.1,16.0,0.171,Clear,6,1,189.9
12627,Express,Chennai,Gudur,185.4,76.9,4.1,12.1,0.256,Clear,23,2,147.5
12301,Rajdhani,Prayagraj,DDU,217.1,73.4,12.5,13.6,0.168,Fog,5,1,182.1
12723,Express,Warangal,Vijayawada,246.7,70.8,26.0,0.0,0.311,Clear,2,5,213.8
12627,Express,Warangal,Secunderabad,136.3,48.2,13.0,19.6,0.179,Clear,9,0,214.1
12723,Express,Hyderabad,Kazipet,143.3,67.7,14.1,10.8,0.21,Clear,0,1,145.4
12723,Express,Hyderabad,Kazipet,91.3,42.3,9.9,16.1,0.148,Fog,23,5,162.3
12259,Duronto,Sealdah,Asansol,160.1,61.6,21.0,7.4,0.207,Fog,23,6,174.5
12951,Rajdhani,Surat,Vadodara,162.6,77.8,20.0,2.8,0.106,Heavy Rain,2,3,138.2
12259,Duronto,Dhanbad,Gaya,216.2,83.6,9.8,14.7,0.142,Clear,3,2,155.1
12627,Express,Gudur,Nellore,83.5,67.4,19.8,7.9,0.402,Clear,1,3,82.6
12723,Express,Gudur,Chennai,193.8,57.5,29.7,4.4,0.1,Clear,8,2,206.9
12259,Duronto,DDU,New Delhi,171.5,58.7,-5.0,15.1,0.43,Clear,9,2,233.3
12860,Express,Kalaburagi,Wadi,85.2,55.6,13.0,16.0,0.376,Rain,8,2,101.1
12627,Express,Chennai,Gudur,193.0,77.5,-1.8,17.5,0.117,Rain,1,5,148.2
12259,Duronto,DDU,New Delhi,263.2,67.1,-4.0,1.1,0.334,Clear,9,2,208.6
12951,Rajdhani,Mumbai,Surat,194.4,72.3,-5.0,12.5,0.185,Rain,23,5,184.6
12627,Express,Chennai,Gudur,163.0,61.7,8.2,18.6,0.104,Clear,0,4,148.7
12723,Express,Warangal,Vijayawada,253.5,69.8,21.3,19.2,0.163,Clear,2,2,209.2
12723,Express,Warangal,Vijayawada,193.6,56.2,6.1,6.0,0.078,Rain,3,3,201.9
12259,Duronto,DDU,New Delhi,249.3,67.5,6.6,12.3,0.29,Clear,9,2,212.5
12723,Express,Warangal,Vijayawada,217.9,58.3,12.2,5.1,0.12,Fog,3,6,219.7
12627,Express,Chennai,Gudur,121.9,52.6,6.8,0.7,0.334,Rain,0,0,166.6
12259,Duronto,Dhanbad,Gaya,145.6,68.4,-5.0,12.1,0.162,Clear,3,2,149.2
12301,Rajdhani,Gaya,Howrah,205.1,70.3,5.2,17.4,0.432,Clear,11,5,186.8
12301,Rajdhani,Kanpur,Prayagraj,218.3,72.6,15.9,10.2,0.17,Heavy Rain,2,3,174.1
12860,Express,Mumbai,Pune,206.8,67.4,20.2,11.7,0.374,Clear,0,0,214.9
12627,Express,Chennai,Gudur,162.0,70.1,-3.8,19.7,0.435,Clear,0,0,146.2
12860,Express,Mumbai,Pune,209.9,59.0,19.5,3.3,0.49,Heavy Rain,0,4,217.8
12627,Express,Gudur,Nellore,60.1,64.7,31.3,13.6,0.398,Heavy Rain,2,5,95.3
12860,Express,Mumbai,Pune,201.9,61.5,-4.1,16.2,0.306,Clear,23,5,197.5
12301,Rajdhani,Prayagraj,DDU,191.6,66.1,9.2,3.1,0.479,Clear,4,5,175.7
12723,Express,Gudur,Chennai,191.6,63.6,29.8,17.7,0.072,Clear,10,6,211.3
12723,Express,Vijayawada,Gudur,206.6,73.2,13.4,8.4,0.137,Clear,6,6,204.2
12259,Duronto,DDU,New Delhi,220.6,70.7,-1.8,10.1,0.323,Rain,8,1,227.2
12259,Duronto,DDU,New Delhi,210.3,64.9,30.0,16.4,0.355,Clear,9,6,234.7
12627,Express,Chennai,Gudur,171.3,71.3,19.1,8.7,0.332,Clear,23,6,150.3
12951,Rajdhani,Ratlam,Kota,195.2,59.8,4.4,9.8,0.346,Fog,8,1,196.9
12951,Rajdhani,Vadodara,Ratlam,185.4,74.0,2.6,9.1,0.197,Clear,5,4,187.4
12259,Duronto,Sealdah,Asansol,171.0,68.3,-2.6,16.1,0.287,Clear,23,2,161.1
12627,Express,Vijayawada,Warangal,142.3,51.7,15.5,15.3,0.255,Clear,6,4,198.9
12627,Express,Warangal,Secunderabad,244.1,77.0,25.4,8.7,0.169,Clear,9,5,188.8
12723,Express,Warangal,Vijayawada,179.2,61.1,2.5,10.4,0.3,Clear,3,0,209.8
12860,Express,Kalaburagi,Wadi,58.2,50.9,-0.3,13.2,0.605,Clear,9,5,100.1
12259,Duronto,Dhanbad,Gaya,183.9,67.8,-5.0,0.0,0.184,Heavy Rain,4,3,146.0
12951,Rajdhani,Kota,New Delhi,222.5,58.8,7.3,12.4,0.138,Clear,10,2,214.0
12627,Express,Nellore,Vijayawada,205.2,65.9,25.4,16.2,0.279,Clear,3,5,208.0
12301,Rajdhani,Kanpur,Prayagraj,168.3,72.2,4.5,11.2,0.311,Clear,3,3,175.8
12627,Express,Gudur,Nellore,58.6,57.0,27.6,13.5,0.276,Heavy Rain,2,0,105.2
12301,Rajdhani,New Delhi,Kanpur,118.9,53.9,16.8,12.7,0.063,Rain,23,1,179.1
12723,Express,Vijayawada,Gudur,211.1,56.5,29.2,17.5,0.397,Clear,5,6,230.2
12259,Duronto,Dhanbad,Gaya,131.3,62.7,18.7,9.3,0.288,Clear,3,0,155.6
12951,Rajdhani,Vadodara,Ratlam,184.2,76.1,33.2,21.2,0.231,Rain,4,4,195.0
12860,Express,Pune,Solapur,200.8,62.8,-2.2,0.0,0.507,Fog,2,1,205.3
12301,Rajdhani,DDU,Gaya,160.1,67.2,16.8,2.1,0.083,Rain,8,2,141.3
12860,Express,Wadi,Secunderabad,175.9,63.8,12.9,26.8,0.143,Clear,9,3,173.6
12951,Rajdhani,Surat,Vadodara,102.3,53.1,-5.0,22.9,0.365,Clear,4,2,148.1
12723,Express,Gudur,Chennai,246.9,71.4,16.5,10.0,0.103,Rain,8,3,206.9
12951,Rajdhani,Vadodara,Ratlam,154.4,53.7,4.4,0.0,0.204,Heavy Rain,4,5,195.8
12860,Express,Kalaburagi,Wadi,85.8,68.0,-0.5,11.1,0.17,Clear,9,5,81.5
12301,Rajdhani,Gaya,Howrah,213.5,74.0,-1.2,16.8,0.267,Clear,10,2,178.8
12301,Rajdhani,Prayagraj,DDU,181.1,72.5,20.8,14.4,0.26,Clear,5,5,162.9
12301,Rajdhani,Kanpur,Prayagraj,191.9,65.6,11.6,3.9,0.141,Clear,1,6,176.3
12259,Duronto,Dhanbad,Gaya,143.9,69.9,23.9,0.5,0.18,Heavy Rain,4,4,165.9
12723,Express,Vijayawada,Gudur,151.2,51.7,4.5,26.1,0.249,Rain,5,4,220.3
12860,Express,Solapur,Kalaburagi,146.0,67.9,19.3,7.8,0.273,Heavy Rain,6,4,179.1
12860,Express,Wadi,Secunderabad,169.2,67.4,27.2,17.5,0.409,Clear,9,5,177.9
12951,Rajdhani,Kota,New Delhi,236.1,67.6,22.4,21.8,0.541,Rain,10,2,228.9
12723,Express,Gudur,Chennai,231.2,63.8,4.4,5.4,0.226,Clear,9,1,206.6
12259,Duronto,Asansol,Dhanbad,102.1,75.4,5.2,3.4,0.133,Rain,2,2,92.7
12951,Rajdhani,Ratlam,Kota,214.0,78.3,-5.0,10.3,0.286,Clear,7,4,181.9
12951,Rajdhani,Vadodara,Ratlam,142.2,52.8,14.6,9.1,0.043,Clear,4,5,184.1
12723,Express,Warangal,Vijayawada,230.7,71.5,5.2,13.9,0.202,Clear,2,4,208.3
12860,Express,Solapur,Kalaburagi,138.7,55.6,29.8,0.0,0.251,Rain,6,3,180.2
12627,Express,Gudur,Nellore,52.2,56.1,13.9,1.5,0.243,Clear,2,3,88.9
12723,Express,Kazipet,Warangal,40.0,68.3,14.2,23.3,0.066,Clear,2,1,43.0
12259,Duronto,Asansol,Dhanbad,111.4,70.3,12.0,23.8,0.029,Clear,2,1,108.6
12301,Rajdhani,DDU,Gaya,167.2,81.3,14.9,13.1,0.576,Clear,8,6,145.2
12951,Rajdhani,Ratlam,Kota,147.4,57.4,2.7,3.8,0.029,Clear,7,1,186.4
12723,Express,Hyderabad,Kazipet,114.4,57.2,38.0,3.3,0.054,Clear,0,3,146.7
12860,Express,Pune,Solapur,143.3,49.8,8.5,2.9,0.115,Clear,3,0,186.9
12951,Rajdhani,Kota,New Delhi,229.9,73.4,-5.0,22.1,0.053,Clear,11,6,208.1
12860,Express,Kalaburagi,Wadi,75.1,59.8,11.9,6.4,0.261,Rain,8,6,106.8
12627,Express,Chennai,Gudur,163.8,59.7,29.9,21.9,0.654,Clear,23,0,175.0
12951,Rajdhani,Ratlam,Kota,239.3,73.7,17.4,17.4,0.577,Clear,7,0,195.5
12723,Express,Vijayawada,Gudur,253.8,77.2,24.5,9.3,0.037,Heavy Rain,6,4,221.0
12860,Express,Mumbai,Pune,203.5,73.2,0.5,0.0,0.139,Clear,23,4,202.8
12301,Rajdhani,DDU,Gaya,157.0,68.0,1.9,7.6,0.247,Clear,7,6,149.8
12301,Rajdhani,Kanpur,Prayagraj,158.4,68.0,10.6,26.5,0.083,Clear,3,2,165.2
12723,Express,Hyderabad,Kazipet,137.9,69.0,28.7,0.0,0.472,Clear,23,6,147.3
12627,Express,Chennai,Gudur,122.8,59.4,17.7,0.0,0.163,Clear,23,6,159.4
12259,Duronto,Sealdah,Asansol,164.9,73.0,9.6,4.6,0.289,Clear,23,3,156.7
12723,Express,Kazipet,Warangal,40.0,55.0,-5.0,11.5,0.472,Rain,2,1,54.8
12723,Express,Kazipet,Warangal,40.0,51.8,6.4,3.6,0.101,Clear,2,2,57.9
12301,Rajdhani,Gaya,Howrah,215.5,68.8,21.4,20.4,0.523,Clear,10,4,192.7
12723,Express,Hyderabad,Kazipet,126.8,57.7,1.1,7.0,0.194,Clear,23,6,140.4
12301,Rajdhani,DDU,Gaya,190.3,79.6,9.2,11.0,0.132,Clear,6,3,152.9
12301,Rajdhani,New Delhi,Kanpur,201.6,74.5,-5.0,20.3,0.46,Fog,23,2,177.9
12627,Express,Nellore,Vijayawada,250.3,73.0,27.6,14.0,0.573,Clear,3,1,204.9
12860,Express,Mumbai,Pune,209.9,63.7,-5.0,10.6,0.33,Heavy Rain,23,6,213.1
12723,Express,Hyderabad,Kazipet,140.0,64.2,-5.0,5.7,0.285,Rain,23,5,133.6
12259,Duronto,DDU,New Delhi,237.0,68.0,18.1,11.2,0.395,Fog,9,4,226.5
12259,Duronto,Sealdah,Asansol,143.7,63.2,14.8,15.7,0.099,Clear,0,5,162.2
12301,Rajdhani,Prayagraj,DDU,205.5,71.7,4.4,23.2,0.173,Clear,5,0,166.3
12627,Express,Vijayawada,Warangal,203.4,62.1,17.4,26.9,0.127,Heavy Rain,6,0,214.8
12259,Duronto,Dhanbad,Gaya,185.8,67.3,19.4,13.8,0.359,Clear,3,2,155.9
12860,Express,Wadi,Secunderabad,175.2,67.2,4.8,10.1,0.463,Clear,10,0,182.9
12627,Express,Warangal,Secunderabad,156.3,50.3,22.9,0.0,0.356,Rain,9,1,208.1
12259,Duronto,Sealdah,Asansol,183.3,68.5,-5.0,17.7,0.362,Rain,23,0,156.8
12860,Express,Mumbai,Pune,215.8,60.2,3.1,15.5,0.651,Fog,23,6,218.3
12259,Duronto,Gaya,DDU,208.6,76.5,-1.0,5.5,0.446,Rain,6,2,178.5
12951,Rajdhani,Surat,Vadodara,114.4,64.0,-4.6,2.2,0.349,Clear,1,3,125.5
12723,Express,Kazipet,Warangal,47.4,72.9,4.3,13.4,0.146,Clear,1,4,36.3
12860,Express,Kalaburagi,Wadi,93.6,69.9,19.2,19.8,0.405,Clear,7,1,100.9
12627,Express,Nellore,Vijayawada,154.7,55.6,-4.3,13.2,0.198,Clear,3,3,193.5
12951,Rajdhani,Surat,Vadodara,148.8,76.1,18.1,0.0,0.245,Clear,2,5,138.3
12259,Duronto,Asansol,Dhanbad,109.6,67.9,2.7,8.9,0.114,Clear,2,0,96.4
12259,Duronto,Asansol,Dhanbad,95.3,68.2,14.4,18.5,0.468,Rain,1,4,121.7
12951,Rajdhani,Ratlam,Kota,192.5,73.4,23.1,8.3,0.128,Clear,7,0,196.5
12301,Rajdhani,Prayagraj,DDU,206.2,69.4,3.0,0.0,0.224,Clear,5,2,170.1
12723,Express,Warangal,Vijayawada,173.5,50.4,15.6,0.5,0.43,Clear,2,2,210.1
12860,Express,Pune,Solapur,200.5,72.2,31.0,1.5,0.068,Clear,3,1,203.0
12259,Duronto,Gaya,DDU,209.1,70.7,8.8,26.6,0.239,Clear,7,5,178.4
12723,Express,Warangal,Vijayawada,220.3,65.8,18.6,6.2,0.385,Clear,1,4,211.8
12259,Duronto,DDU,New Delhi,271.8,71.1,12.3,15.4,0.376,Clear,9,3,226.3
12259,Duronto,Asansol,Dhanbad,91.5,66.0,2.4,12.6,0.428,Clear,1,6,94.4
12860,Express,Solapur,Kalaburagi,147.6,54.6,11.2,10.5,0.233,Rain,5,0,174.9
12259,Duronto,Dhanbad,Gaya,212.1,81.0,21.9,4.7,0.206,Clear,3,2,157.3
12860,Express,Kalaburagi,Wadi,76.5,66.6,-5.0,11.3,0.156,Clear,9,2,99.3
12951,Rajdhani,Kota,New Delhi,247.3,84.9,19.9,31.7,0.199,Clear,11,4,212.7
12301,Rajdhani,New Delhi,Kanpur,155.1,60.2,17.1,13.2,0.531,Rain,0,6,192.1
12723,Express,Warangal,Vijayawada,164.0,52.5,7.9,20.8,0.297,Clear,2,4,222.8
12951,Rajdhani,Surat,Vadodara,124.8,65.7,17.8,16.5,0.395,Clear,2,4,148.1
12723,Express,Kazipet,Warangal,40.0,61.8,6.5,0.0,0.209,Fog,2,1,57.2
12259,Duronto,Dhanbad,Gaya,155.5,70.3,-3.1,26.0,0.336,Clear,3,1,155.2
12259,Duronto,DDU,New Delhi,231.0,67.8,-5.0,1.7,0.286,Clear,9,0,208.5
12723,Express,Hyderabad,Kazipet,124.6,64.3,33.6,4.8,0.109,Rain,23,2,145.6
12723,Express,Hyderabad,Kazipet,138.6,61.6,15.6,3.3,0.059,Clear,23,1,158.2
12259,Duronto,DDU,New Delhi,297.4,76.4,25.8,1.8,0.428,Rain,9,2,219.0
12259,Duronto,Sealdah,Asansol,140.8,62.2,6.8,9.8,0.294,Clear,23,5,148.4
12259,Duronto,Sealdah,Asansol,207.1,75.1,10.8,9.7,0.244,Clear,23,0,168.6
12723,Express,Gudur,Chennai,208.4,65.0,9.2,10.3,0.025,Rain,9,0,204.8
12627,Express,Nellore,Vijayawada,136.2,44.4,15.6,2.9,0.251,Heavy Rain,4,4,214.7
12259,Duronto,Sealdah,Asansol,168.4,70.9,-0.3,9.1,0.374,Clear,0,2,165.6
12259,Duronto,Dhanbad,Gaya,125.3,59.7,5.7,14.9,0.169,Rain,3,3,160.6
12951,Rajdhani,Ratlam,Kota,185.5,69.6,1.5,10.3,0.448,Heavy Rain,8,2,198.9
12627,Express,Warangal,Secunderabad,201.4,63.2,29.6,6.5,0.145,Clear,9,5,194.4
12301,Rajdhani,New Delhi,Kanpur,173.2,71.6,27.2,7.3,0.357,Clear,23,5,174.0
12301,Rajdhani,Gaya,Howrah,147.6,55.4,23.7,5.0,0.338,Clear,9,4,192.7
12259,Duronto,Dhanbad,Gaya,186.7,81.1,1.9,3.2,0.296,Heavy Rain,4,4,164.9
12627,Express,Warangal,Secunderabad,187.4,69.0,40.9,6.3,0.138,Rain,9,3,208.7
12951,Rajdhani,Mumbai,Surat,221.5,66.5,20.9,5.8,0.341,Clear,23,3,193.4
12301,Rajdhani,New Delhi,Kanpur,175.3,76.6,14.2,0.0,0.399,Rain,0,3,166.0
12259,Duronto,Dhanbad,Gaya,182.8,81.1,17.2,15.3,0.335,Fog,4,5,159.8
12301,Rajdhani,New Delhi,Kanpur,210.1,75.0,15.3,0.0,0.329,Clear,0,3,162.5
12301,Rajdhani,DDU,Gaya,183.4,79.1,2.5,13.4,0.244,Clear,8,4,158.6
12259,Duronto,Asansol,Dhanbad,116.8,66.1,33.3,17.7,0.127,Clear,2,3,110.2
12259,Duronto,Sealdah,Asansol,231.4,80.6,-5.0,8.7,0.259,Clear,0,3,167.8
12860,Express,Wadi,Secunderabad,137.3,54.6,-5.0,7.4,0.054,Clear,9,1,173.6
12301,Rajdhani,Prayagraj,DDU,221.7,77.4,14.5,15.3,0.275,Heavy Rain,4,5,180.1
12723,Express,Gudur,Chennai,158.6,51.1,-5.0,0.0,0.1,Clear,8,1,204.3
12951,Rajdhani,Ratlam,Kota,187.6,73.3,-5.0,4.3,0.016,Clear,8,1,173.8
12259,Duronto,Dhanbad,Gaya,182.7,72.7,42.6,6.7,0.592,Clear,4,0,164.7
12723,Express,Warangal,Vijayawada,191.7,60.8,2.6,15.7,0.22,Rain,3,3,204.4
12259,Duronto,Dhanbad,Gaya,182.4,69.3,0.5,25.9,0.232,Fog,3,4,164.0
12860,Express,Mumbai,Pune,218.8,65.2,17.5,10.2,0.148,Fog,23,1,214.1
12723,Express,Gudur,Chennai,138.3,45.4,23.8,1.1,0.111,Clear,8,1,233.6
12860,Express,Kalaburagi,Wadi,89.0,66.7,7.1,7.1,0.184,Heavy Rain,8,1,103.4
12259,Duronto,Gaya,DDU,214.1,73.8,10.2,9.6,0.297,Rain,7,0,179.4
12723,Express,Gudur,Chennai,162.6,58.5,7.5,14.2,0.318,Rain,9,6,223.8
12723,Express,Vijayawada,Gudur,164.5,59.3,31.1,3.1,0.218,Fog,5,3,227.8
12259,Duronto,DDU,New Delhi,264.1,78.2,29.5,12.9,0.442,Heavy Rain,9,1,228.7
12627,Express,Gudur,Nellore,49.6,47.8,10.8,16.6,0.068,Clear,3,2,86.0
12259,Duronto,Sealdah,Asansol,149.2,62.7,3.9,5.6,0.155,Fog,23,4,159.5
12301,Rajdhani,DDU,Gaya,132.6,63.3,8.5,4.2,0.179,Rain,8,6,143.8
12860,Express,Kalaburagi,Wadi,65.7,55.8,33.4,21.8,0.288,Clear,7,1,115.7
12860,Express,Mumbai,Pune,202.6,69.9,15.5,10.4,0.288,Fog,23,2,220.0
12259,Duronto,Gaya,DDU,210.7,70.5,11.8,9.7,0.16,Clear,6,1,166.5
12301,Rajdhani,New Delhi,Kanpur,217.8,78.8,23.6,7.7,0.047,Clear,23,1,156.2
12723,Express,Gudur,Chennai,249.7,68.7,19.5,9.0,0.347,Fog,8,0,207.3
12301,Rajdhani,Prayagraj,DDU,213.6,72.7,35.9,1.3,0.078,Rain,4,6,183.8
12723,Express,Hyderabad,Kazipet,143.5,61.1,39.9,0.0,0.429,Clear,23,0,149.6
12951,Rajdhani,Kota,New Delhi,229.1,63.3,29.4,14.5,0.506,Clear,10,1,224.4
12627,Express,Warangal,Secunderabad,200.5,77.0,33.5,16.2,0.189,Heavy Rain,10,3,207.8
12627,Express,Vijayawada,Warangal,165.6,53.4,10.1,22.0,0.352,Clear,7,0,211.6
12627,Express,Nellore,Vijayawada,188.4,66.0,0.4,0.9,0.396,Clear,3,2,191.4
12301,Rajdhani,Prayagraj,DDU,187.8,79.3,3.1,3.5,0.283,Clear,5,0,172.6
12627,Express,Chennai,Gudur,130.5,58.4,20.9,16.7,0.451,Clear,0,1,170.9
12627,Express,Nellore,Vijayawada,151.4,53.5,6.7,11.5,0.211,Clear,3,1,193.1
12301,Rajdhani,New Delhi,Kanpur,182.1,81.3,24.9,9.1,0.059,Clear,23,6,166.9
12723,Express,Kazipet,Warangal,40.0,53.1,22.1,16.9,0.122,Rain,1,5,64.8
12259,Duronto,Asansol,Dhanbad,116.3,74.6,-5.0,24.9,0.354,Rain,2,5,112.0
12723,Express,Vijayawada,Gudur,193.0,58.0,12.9,8.5,0.188,Clear,6,6,208.8
12259,Duronto,Dhanbad,Gaya,168.1,74.8,18.6,15.2,0.414,Clear,3,5,167.6
12627,Express,Warangal,Secunderabad,174.5,63.2,-3.8,19.0,0.205,Rain,9,5,190.7
12723,Express,Hyderabad,Kazipet,146.5,64.2,34.5,14.8,0.073,Fog,0,0,168.4
12259,Duronto,Dhanbad,Gaya,178.1,65.8,15.9,8.2,0.155,Fog,4,5,149.2
12723,Express,Gudur,Chennai,137.4,47.0,-5.0,12.6,0.312,Clear,9,2,210.2
12951,Rajdhani,Ratlam,Kota,173.6,56.4,14.0,9.7,0.114,Clear,8,2,200.6
12860,Express,Kalaburagi,Wadi,97.0,79.5,14.3,0.0,0.158,Clear,8,3,90.9
12860,Express,Kalaburagi,Wadi,82.4,54.1,11.7,13.5,0.149,Rain,8,4,107.4
12627,Express,Nellore,Vijayawada,255.5,80.5,5.8,1.2,0.265,Rain,3,0,190.4
12951,Rajdhani,Vadodara,Ratlam,199.3,68.2,9.3,4.7,0.128,Clear,5,1,171.2
12860,Express,Wadi,Secunderabad,170.5,67.4,21.9,0.0,0.179,Fog,9,4,179.7
12259,Duronto,Asansol,Dhanbad,70.8,45.2,18.2,19.6,0.215,Clear,1,0,141.5
12860,Express,Pune,Solapur,163.7,60.2,2.7,0.0,0.258,Rain,3,4,193.7
12951,Rajdhani,Ratlam,Kota,193.9,60.4,13.8,10.3,0.261,Clear,7,3,198.5
12627,Express,Warangal,Secunderabad,220.9,74.5,23.5,10.5,0.246,Clear,9,4,188.2
12951,Rajdhani,Mumbai,Surat,190.1,67.5,32.3,28.2,0.327,Fog,23,0,211.0
12723,Express,Kazipet,Warangal,40.0,54.5,21.7,3.9,0.045,Clear,2,0,53.3
12723,Express,Gudur,Chennai,151.1,52.5,22.8,7.8,0.273,Rain,8,5,221.8
12301,Rajdhani,New Delhi,Kanpur,213.8,80.9,6.7,14.4,0.055,Clear,23,0,164.9
12860,Express,Kalaburagi,Wadi,60.8,48.3,-3.9,17.0,0.095,Clear,8,0,105.7
12627,Express,Nellore,Vijayawada,167.4,58.8,11.1,13.4,0.209,Clear,2,5,195.8
12723,Express,Gudur,Chennai,217.7,61.3,37.1,2.2,0.219,Rain,9,0,226.2
12951,Rajdhani,Vadodara,Ratlam,176.6,69.3,23.5,4.5,0.086,Clear,5,1,178.6
12259,Duronto,Gaya,DDU,150.0,56.3,25.9,11.3,0.471,Fog,6,2,204.3
12860,Express,Kalaburagi,Wadi,99.0,71.2,34.0,20.8,0.374,Fog,8,4,114.9
12627,Express,Vijayawada,Warangal,160.6,57.2,0.1,16.4,0.219,Clear,7,2,189.1
12723,Express,Kazipet,Warangal,40.0,61.1,5.0,6.9,0.513,Clear,0,3,49.9
12259,Duronto,Asansol,Dhanbad,115.7,71.8,9.3,5.5,0.052,Clear,2,5,102.3
12951,Rajdhani,Vadodara,Ratlam,153.2,55.7,31.0,12.4,0.089,Clear,5,6,202.4
12951,Rajdhani,Surat,Vadodara,127.2,68.7,0.1,7.2,0.178,Heavy Rain,3,6,134.4
12723,Express,Vijayawada,Gudur,161.4,56.9,28.4,17.1,0.192,Fog,6,6,232.4
12301,Rajdhani,DDU,Gaya,179.3,71.3,15.4,20.4,0.208,Rain,7,6,154.8
12723,Express,Hyderabad,Kazipet,146.2,65.5,10.1,10.2,0.151,Rain,23,0,134.1
12259,Duronto,DDU,New Delhi,198.3,57.5,5.4,11.3,0.224,Clear,9,4,217.8
12951,Rajdhani,Surat,Vadodara,139.6,66.6,27.0,19.6,0.346,Clear,3,6,143.3
12951,Rajdhani,Mumbai,Surat,216.7,66.9,12.7,15.3,0.329,Heavy Rain,23,5,212.2
12301,Rajdhani,Kanpur,Prayagraj,205.7,68.4,13.9,17.0,0.238,Fog,2,1,176.5
12723,Express,Kazipet,Warangal,40.0,65.5,12.2,27.3,0.166,Clear,2,3,46.1
12301,Rajdhani,Kanpur,Prayagraj,198.3,71.9,0.7,6.2,0.142,Clear,3,3,159.2
12860,Express,Solapur,Kalaburagi,188.8,66.4,6.9,13.3,0.368,Clear,4,4,167.4
12259,Duronto,Sealdah,Asansol,191.7,68.8,26.7,6.6,0.266,Clear,23,1,162.1
12723,Express,Vijayawada,Gudur,184.7,55.9,11.1,1.6,0.163,Clear,7,4,209.9
12259,Duronto,Asansol,Dhanbad,129.6,79.0,11.1,0.0,0.014,Heavy Rain,3,4,109.6
12627,Express,Nellore,Vijayawada,130.3,44.7,12.1,13.1,0.613,Rain,3,2,229.3
12723,Express,Kazipet,Warangal,47.2,72.9,8.2,12.8,0.219,Clear,2,1,50.0
12723,Express,Hyderabad,Kazipet,128.6,52.6,-0.7,11.5,0.431,Clear,0,2,143.6
12301,Rajdhani,Prayagraj,DDU,201.8,75.1,25.3,3.7,0.239,Clear,5,6,168.4
12627,Express,Nellore,Vijayawada,158.7,59.4,5.0,14.4,0.225,Clear,4,3,197.4
12259,Duronto,Sealdah,Asansol,148.2,66.1,-5.0,9.7,0.149,Clear,23,2,151.4
12259,Duronto,Sealdah,Asansol,137.4,50.7,21.4,21.1,0.592,Clear,23,2,179.1
12627,Express,Nellore,Vijayawada,177.3,65.4,9.5,7.6,0.464,Rain,3,5,199.1
12723,Express,Vijayawada,Gudur,168.7,53.2,-5.0,10.8,0.276,Clear,4,4,206.5
12723,Express,Gudur,Chennai,222.5,60.0,20.2,0.0,0.187,Clear,9,6,211.8
12259,Duronto,Gaya,DDU,189.2,73.5,1.7,3.9,0.468,Clear,6,3,181.6
12259,Duronto,Asansol,Dhanbad,114.1,73.2,2.6,8.3,0.161,Heavy Rain,2,0,116.5
12627,Express,Warangal,Secunderabad,183.2,60.5,5.9,0.0,0.304,Fog,9,3,193.6
12627,Express,Gudur,Nellore,75.0,65.0,8.3,10.4,0.208,Rain,2,6,66.0
12301,Rajdhani,Prayagraj,DDU,181.9,69.8,10.1,13.3,0.046,Rain,5,3,171.5
12259,Duronto,Sealdah,Asansol,141.6,64.0,-5.0,0.6,0.573,Clear,23,4,148.3
12723,Express,Warangal,Vijayawada,187.4,55.3,9.7,9.5,0.092,Clear,3,2,207.5
12259,Duronto,Gaya,DDU,203.2,69.0,-2.3,12.5,0.532,Heavy Rain,5,2,193.4
12860,Express,Pune,Solapur,246.9,74.6,-0.3,6.2,0.249,Clear,3,0,177.6
12627,Express,Warangal,Secunderabad,170.1,62.1,8.7,18.4,0.188,Clear,9,6,190.4
12259,Duronto,Asansol,Dhanbad,100.1,56.7,16.2,13.3,0.374,Rain,2,6,134.4
12301,Rajdhani,Gaya,Howrah,193.2,64.6,16.3,24.2,0.454,Clear,9,4,195.1
12951,Rajdhani,Surat,Vadodara,155.5,73.7,27.1,4.6,0.621,Clear,4,4,144.9
12860,Express,Kalaburagi,Wadi,73.1,56.0,0.6,0.0,0.09,Clear,8,4,91.9
12301,Rajdhani,Gaya,Howrah,180.6,65.7,8.0,12.0,0.309,Clear,10,5,184.5
12301,Rajdhani,Kanpur,Prayagraj,223.2,74.2,22.8,14.4,0.093,Rain,3,4,183.5
12627,Express,Nellore,Vijayawada,174.7,63.6,-5.0,0.0,0.067,Clear,3,5,190.1
12627,Express,Chennai,Gudur,164.7,77.0,11.6,9.9,0.324,Heavy Rain,23,2,176.5
12259,Duronto,DDU,New Delhi,293.7,81.6,5.1,11.1,0.213,Rain,9,2,202.8
12627,Express,Warangal,Secunderabad,247.9,78.3,20.4,21.7,0.504,Clear,9,6,204.5
12301,Rajdhani,DDU,Gaya,139.3,64.0,4.9,9.2,0.111,Rain,8,2,144.1
12259,Duronto,DDU,New Delhi,209.8,70.1,39.8,5.3,0.423,Clear,10,4,234.5
12723,Express,Gudur,Chennai,240.5,65.7,6.4,15.4,0.311,Clear,9,1,205.9
12860,Express,Solapur,Kalaburagi,99.0,42.9,33.6,26.7,0.306,Rain,6,2,199.9
12627,Express,Nellore,Vijayawada,166.0,53.0,22.0,20.3,0.264,Rain,4,4,219.9
12301,Rajdhani,DDU,Gaya,160.1,74.7,-5.0,16.2,0.588,Rain,8,4,151.8
12723,Express,Gudur,Chennai,180.7,59.8,12.4,0.0,0.285,Clear,8,4,209.4
12951,Rajdhani,Surat,Vadodara,135.6,71.3,17.0,14.1,0.093,Clear,2,6,134.2
12860,Express,Pune,Solapur,207.0,62.2,2.5,20.4,0.223,Clear,4,5,199.4
12860,Express,Mumbai,Pune,185.8,66.6,15.3,18.0,0.292,Clear,1,4,194.9
12723,Express,Hyderabad,Kazipet,148.0,71.3,6.2,19.8,0.026,Fog,0,3,158.7
12860,Express,Kalaburagi,Wadi,79.1,67.1,18.7,12.3,0.439,Rain,9,2,100.4
12951,Rajdhani,Surat,Vadodara,137.1,72.7,-5.0,6.3,0.427,Clear,3,3,134.9
12723,Express,Kazipet,Warangal,40.0,59.5,24.2,2.4,0.553,Clear,2,4,66.1
12723,Express,Gudur,Chennai,186.9,60.6,23.6,22.1,0.203,Clear,10,6,216.6
12723,Express,Gudur,Chennai,179.8,53.7,22.1,14.1,0.17,Clear,8,0,213.4
12951,Rajdhani,Ratlam,Kota,131.4,48.0,10.9,24.9,0.203,Clear,7,1,213.1
12860,Express,Wadi,Secunderabad,159.8,58.0,10.3,0.0,0.372,Clear,9,4,180.8
12301,Rajdhani,Kanpur,Prayagraj,183.1,77.5,14.5,17.1,0.309,Clear,2,5,158.0
12259,Duronto,Asansol,Dhanbad,151.1,85.7,12.2,17.3,0.263,Heavy Rain,2,1,124.8
12860,Express,Pune,Solapur,177.4,68.1,11.0,0.8,0.088,Clear,2,2,180.6
12860,Express,Pune,Solapur,197.6,64.3,16.1,0.0,0.393,Rain,3,5,194.4
12723,Express,Kazipet,Warangal,40.0,64.8,21.2,8.1,0.062,Rain,2,4,55.4
12627,Express,Vijayawada,Warangal,185.4,62.1,10.8,14.1,0.106,Rain,6,4,188.4
12723,Express,Gudur,Chennai,199.7,56.3,6.1,23.6,0.208,Clear,9,6,206.4
12301,Rajdhani,DDU,Gaya,142.8,69.9,6.9,11.1,0.419,Clear,8,2,146.1
12259,Duronto,Gaya,DDU,173.2,66.7,11.5,0.0,0.203,Clear,5,5,173.4
12259,Duronto,Sealdah,Asansol,158.3,68.4,22.4,10.8,0.176,Clear,0,2,164.6
12951,Rajdhani,Surat,Vadodara,130.2,71.9,0.4,0.0,0.278,Rain,3,6,129.4
12627,Express,Nellore,Vijayawada,184.8,58.0,21.9,17.0,0.329,Clear,3,3,212.3
12951,Rajdhani,Vadodara,Ratlam,180.4,66.5,1.6,20.3,0.3,Rain,4,5,184.5
12951,Rajdhani,Kota,New Delhi,222.8,74.1,-0.4,11.5,0.309,Heavy Rain,10,3,210.7
12860,Express,Kalaburagi,Wadi,91.5,73.8,-5.0,3.2,0.028,Clear,7,0,80.7
12301,Rajdhani,New Delhi,Kanpur,171.4,64.5,14.5,10.2,0.312,Rain,23,2,176.6
12301,Rajdhani,Kanpur,Prayagraj,172.3,73.9,12.2,5.1,0.106,Heavy Rain,3,2,175.3
12860,Express,Pune,Solapur,148.8,50.4,6.1,18.0,0.231,Clear,2,1,211.0
12723,Express,Gudur,Chennai,172.4,57.7,13.8,15.4,0.274,Clear,8,5,216.6
12860,Express,Kalaburagi,Wadi,89.2,58.5,11.9,14.7,0.374,Clear,8,4,94.0
12259,Duronto,Sealdah,Asansol,169.0,66.8,3.7,4.0,0.563,Clear,23,5,159.3
12627,Express,Gudur,Nellore,62.7,61.7,15.6,9.4,0.045,Clear,2,1,74.2
12860,Express,Wadi,Secunderabad,194.6,66.3,14.8,10.9,0.276,Clear,10,3,175.2
12951,Rajdhani,Ratlam,Kota,210.7,77.4,9.5,12.4,0.214,Rain,8,3,184.6
12627,Express,Chennai,Gudur,133.6,60.2,9.7,5.5,0.769,Clear,23,1,178.3
12860,Express,Solapur,Kalaburagi,188.9,69.7,-2.3,18.4,0.361,Clear,5,0,156.6
12259,Duronto,Sealdah,Asansol,167.2,71.8,-5.0,19.8,0.309,Clear,0,6,161.3
12860,Express,Wadi,Secunderabad,165.8,68.4,8.8,16.0,0.217,Clear,10,0,176.6
12301,Rajdhani,Kanpur,Prayagraj,182.8,75.0,-2.0,4.5,0.293,Clear,2,6,169.4
12951,Rajdhani,Surat,Vadodara,143.5,67.0,6.9,5.4,0.036,Heavy Rain,3,4,145.2
12627,Express,Gudur,Nellore,51.6,55.5,14.7,3.8,0.334,Clear,2,1,81.6
12259,Duronto,Dhanbad,Gaya,194.1,71.4,1.5,9.4,0.263,Rain,4,4,160.5
12259,Duronto,Asansol,Dhanbad,129.9,74.7,9.3,0.7,0.323,Clear,2,0,103.6
12627,Express,Chennai,Gudur,154.4,56.5,-2.8,3.7,0.555,Clear,23,0,162.7
12627,Express,Vijayawada,Warangal,176.7,67.9,20.0,3.9,0.131,Clear,7,2,193.4
12259,Duronto,DDU,New Delhi,241.0,73.4,24.2,0.1,0.088,Clear,9,4,216.2
12301,Rajdhani,Gaya,Howrah,157.8,51.1,25.3,3.0,0.286,Rain,10,6,215.8
12723,Express,Vijayawada,Gudur,213.0,58.2,13.4,30.3,0.228,Rain,5,5,223.6
12301,Rajdhani,Gaya,Howrah,254.3,81.7,-3.8,2.4,0.215,Clear,10,5,174.4
12723,Express,Gudur,Chennai,193.2,64.1,10.4,0.0,0.259,Clear,9,5,203.3
12951,Rajdhani,Kota,New Delhi,222.0,74.4,18.0,20.5,0.004,Rain,9,2,215.0
12259,Duronto,DDU,New Delhi,267.6,78.0,-5.0,20.9,0.36,Clear,9,5,218.3
12723,Express,Kazipet,Warangal,40.0,61.5,-5.0,13.1,0.342,Clear,2,0,39.0
12860,Express,Mumbai,Pune,158.9,44.9,15.4,7.0,0.161,Fog,0,4,224.5
12259,Duronto,Asansol,Dhanbad,78.5,57.3,23.7,22.7,0.133,Rain,1,4,121.9
12860,Express,Solapur,Kalaburagi,128.7,50.0,27.0,10.6,0.396,Clear,6,2,179.8
12723,Express,Vijayawada,Gudur,207.5,70.2,17.9,22.0,0.113,Clear,5,5,207.9
12860,Express,Pune,Solapur,222.8,65.3,15.9,3.1,0.306,Fog,2,5,200.3
12860,Express,Mumbai,Pune,175.3,48.5,5.4,24.2,0.359,Fog,0,6,222.8
12723,Express,Vijayawada,Gudur,186.0,60.2,23.9,12.9,0.297,Clear,5,2,224.2
12259,Duronto,Gaya,DDU,210.7,78.4,42.6,11.2,0.432,Clear,7,4,196.9
12723,Express,Kazipet,Warangal,40.0,46.2,13.7,16.4,0.134,Clear,2,4,66.9
12627,Express,Nellore,Vijayawada,125.4,46.0,0.0,6.5,0.413,Fog,3,6,207.2
12301,Rajdhani,Kanpur,Prayagraj,170.7,64.8,18.6,6.2,0.593,Clear,2,5,182.3
12723,Express,Hyderabad,Kazipet,129.5,53.8,37.3,11.2,0.153,Clear,0,0,168.0
12301,Rajdhani,DDU,Gaya,161.5,71.0,12.0,0.0,0.27,Clear,7,1,144.3
12951,Rajdhani,Vadodara,Ratlam,172.0,59.9,30.1,16.6,0.305,Clear,4,1,194.9
12951,Rajdhani,Surat,Vadodara,128.6,68.7,7.9,10.1,0.326,Rain,2,4,136.3
12301,Rajdhani,Prayagraj,DDU,164.1,63.0,15.0,5.1,0.29,Clear,4,4,174.5
12723,Express,Warangal,Vijayawada,257.6,69.3,27.2,20.6,0.333,Clear,2,5,215.2
12627,Express,Warangal,Secunderabad,216.8,66.6,18.0,7.5,0.282,Fog,10,3,207.0
12259,Duronto,Gaya,DDU,220.7,71.6,6.5,10.2,0.415,Fog,6,6,179.2
12627,Express,Warangal,Secunderabad,126.1,44.7,-5.0,8.9,0.308,Fog,9,4,214.7
12860,Express,Kalaburagi,Wadi,71.4,53.9,22.6,7.6,0.292,Clear,8,0,105.2
12723,Express,Kazipet,Warangal,44.1,72.1,-5.0,9.2,0.165,Clear,2,6,40.1
12627,Express,Nellore,Vijayawada,149.5,54.3,14.3,5.0,0.095,Fog,4,4,199.7
12723,Express,Gudur,Chennai,247.7,68.1,9.1,4.2,0.264,Fog,8,4,217.3
12723,Express,Hyderabad,Kazipet,133.1,59.0,-5.0,0.0,0.201,Clear,22,2,140.2
12259,Duronto,Asansol,Dhanbad,104.3,66.9,-5.0,4.7,0.264,Clear,2,1,103.8
12951,Rajdhani,Mumbai,Surat,158.7,60.5,-5.0,14.4,0.413,Fog,0,4,196.5
12723,Express,Warangal,Vijayawada,172.4,54.9,16.4,18.5,0.113,Clear,3,4,219.5
12860,Express,Wadi,Secunderabad,167.8,61.4,34.9,6.5,0.203,Rain,10,0,181.7
12723,Express,Kazipet,Warangal,40.9,76.2,17.9,24.5,0.138,Clear,1,6,40.7
12301,Rajdhani,DDU,Gaya,147.5,69.7,23.0,5.0,0.274,Clear,8,0,152.3
12301,Rajdhani,Gaya,Howrah,211.1,73.5,-5.0,15.5,0.406,Clear,10,3,180.8
12951,Rajdhani,Mumbai,Surat,211.5,70.9,9.8,0.0,0.027,Clear,23,1,180.8
12301,Rajdhani,Prayagraj,DDU,185.2,68.6,35.7,14.6,0.297,Clear,4,2,183.3
12860,Express,Mumbai,Pune,250.8,72.7,-2.2,0.8,0.06,Clear,0,2,192.5
12723,Express,Warangal,Vijayawada,153.7,41.5,29.6,16.6,0.39,Rain,2,0,249.3
12301,Rajdhani,New Delhi,Kanpur,170.1,71.6,-5.0,8.9,0.046,Clear,22,6,160.9
12301,Rajdhani,Kanpur,Prayagraj,177.5,61.6,22.1,16.5,0.225,Clear,2,0,179.4
12301,Rajdhani,Prayagraj,DDU,171.3,72.1,19.3,11.7,0.146,Rain,5,4,180.2
12723,Express,Kazipet,Warangal,40.0,55.7,22.6,7.2,0.487,Clear,1,5,64.1
12627,Express,Nellore,Vijayawada,203.3,75.2,15.8,9.4,0.241,Clear,4,3,189.3
12627,Express,Gudur,Nellore,49.2,47.9,5.8,26.7,0.195,Rain,2,0,98.5
12259,Duronto,DDU,New Delhi,262.2,66.9,31.4,12.3,0.57,Clear,8,4,239.2
12627,Express,Warangal,Secunderabad,208.8,68.3,7.9,1.9,0.348,Fog,9,1,195.7
12723,Express,Gudur,Chennai,214.2,70.8,15.5,1.6,0.087,Clear,8,1,186.1
12301,Rajdhani,New Delhi,Kanpur,162.4,63.6,22.8,0.0,0.625,Clear,23,0,169.7
12627,Express,Warangal,Secunderabad,208.0,60.4,-4.3,0.9,0.617,Clear,9,4,192.2
12723,Express,Hyderabad,Kazipet,136.9,56.7,5.7,7.1,0.316,Clear,0,2,152.2
12301,Rajdhani,Gaya,Howrah,224.7,71.4,9.2,6.3,0.477,Rain,11,6,181.3
12259,Duronto,Asansol,Dhanbad,121.8,75.9,14.6,22.0,0.147,Rain,2,0,104.8
12301,Rajdhani,DDU,Gaya,160.6,77.1,-1.2,1.1,0.192,Clear,7,6,133.6
12723,Express,Hyderabad,Kazipet,134.2,54.4,12.2,3.9,0.265,Clear,23,0,143.6
12951,Rajdhani,Ratlam,Kota,193.3,62.9,-5.0,0.0,0.767,Fog,8,5,192.8
12627,Express,Nellore,Vijayawada,196.6,67.8,2.4,1.1,0.315,Clear,4,2,185.3
12301,Rajdhani,Gaya,Howrah,222.1,70.2,1.4,5.8,0.193,Clear,10,5,182.9
12301,Rajdhani,Gaya,Howrah,193.7,65.3,25.6,16.7,0.709,Fog,9,6,215.9
12723,Express,Kazipet,Warangal,40.0,62.8,16.6,4.3,0.406,Heavy Rain,1,4,65.3
12723,Express,Warangal,Vijayawada,252.8,69.6,-2.5,0.1,0.55,Fog,2,4,204.5
12301,Rajdhani,DDU,Gaya,162.6,66.8,9.9,18.5,0.57,Rain,8,0,146.7
12723,Express,Warangal,Vijayawada,182.8,64.5,15.0,7.1,0.344,Clear,2,4,212.2
12951,Rajdhani,Surat,Vadodara,178.4,86.7,30.5,7.9,0.446,Clear,2,2,139.2
12259,Duronto,DDU,New Delhi,220.4,70.5,-5.0,1.7,0.058,Clear,9,1,209.4
12627,Express,Vijayawada,Warangal,148.5,55.5,-5.0,17.3,0.55,Rain,6,5,216.0
12723,Express,Warangal,Vijayawada,198.8,67.1,6.7,19.0,0.209,Clear,3,3,207.0
12301,Rajdhani,New Delhi,Kanpur,156.6,63.7,15.3,1.6,0.573,Fog,0,3,175.5
12627,Express,Warangal,Secunderabad,126.7,49.0,2.0,14.6,0.125,Clear,10,5,195.4
12627,Express,Gudur,Nellore,73.7,66.7,2.5,13.4,0.187,Rain,2,1,71.0
12627,Express,Nellore,Vijayawada,143.7,42.5,20.3,19.7,0.399,Clear,3,2,220.2
12627,Express,Chennai,Gudur,176.7,76.9,4.0,11.0,0.436,Clear,0,3,156.7
12860,Express,Solapur,Kalaburagi,161.7,58.2,14.9,21.8,0.446,Clear,5,1,175.2
12627,Express,Nellore,Vijayawada,170.3,60.4,14.3,6.8,0.807,Clear,2,6,212.6
12860,Express,Wadi,Secunderabad,186.0,61.2,4.8,8.4,0.383,Clear,10,5,182.1
12259,Duronto,Dhanbad,Gaya,211.5,77.8,-2.4,20.1,0.154,Clear,3,5,149.4
12301,Rajdhani,Kanpur,Prayagraj,253.7,83.4,21.6,20.9,0.243,Clear,2,6,186.0
12259,Duronto,Gaya,DDU,222.9,75.6,17.7,18.4,0.365,Clear,7,5,183.2
12259,Duronto,Asansol,Dhanbad,92.9,61.9,-0.7,0.0,0.271,Clear,2,4,105.1
12951,Rajdhani,Ratlam,Kota,220.9,80.5,11.1,27.6,0.193,Clear,7,3,197.4
12951,Rajdhani,Vadodara,Ratlam,204.7,72.7,17.4,6.3,0.217,Rain,4,3,192.2
12951,Rajdhani,Surat,Vadodara,173.8,82.8,7.7,7.7,0.327,Rain,3,5,139.7
12301,Rajdhani,DDU,Gaya,153.9,68.1,16.0,7.3,0.26,Clear,7,5,148.8
12259,Duronto,Dhanbad,Gaya,208.3,78.5,17.1,21.8,0.267,Clear,3,1,154.8
12723,Express,Warangal,Vijayawada,194.3,67.9,5.2,4.0,0.163,Clear,2,4,206.4
12627,Express,Vijayawada,Warangal,163.9,59.3,9.8,0.0,0.193,Rain,6,5,202.3
12951,Rajdhani,Mumbai,Surat,249.8,77.4,5.2,8.6,0.191,Clear,23,3,189.1
12301,Rajdhani,DDU,Gaya,144.8,64.5,6.8,5.8,0.222,Clear,6,5,148.5
12301,Rajdhani,Prayagraj,DDU,176.4,65.4,27.4,11.3,0.288,Clear,5,1,175.9
12301,Rajdhani,Prayagraj,DDU,234.3,81.0,21.2,8.9,0.32,Clear,5,0,179.9
12259,Duronto,DDU,New Delhi,200.2,67.1,20.1,7.0,0.423,Clear,9,4,217.8
12627,Express,Gudur,Nellore,51.5,51.8,-5.0,0.0,0.489,Fog,2,5,96.9
12951,Rajdhani,Surat,Vadodara,143.3,64.6,1.2,1.7,0.093,Clear,4,5,118.4
12627,Express,Vijayawada,Warangal,187.1,55.4,8.8,16.3,0.228,Clear,6,5,196.2
12259,Duronto,DDU,New Delhi,254.4,65.1,4.1,0.0,0.204,Heavy Rain,9,6,223.0
12860,Express,Pune,Solapur,146.6,54.0,28.8,0.4,0.626,Clear,3,1,214.3
12860,Express,Kalaburagi,Wadi,70.5,57.4,-5.0,12.3,0.208,Rain,8,5,92.8
12860,Express,Wadi,Secunderabad,145.9,53.2,25.0,15.7,0.1,Rain,10,2,188.4
12301,Rajdhani,DDU,Gaya,153.7,61.7,23.3,0.0,0.108,Clear,8,5,153.6
12259,Duronto,Sealdah,Asansol,157.0,65.2,16.5,7.5,0.049,Clear,23,5,169.2
12951,Rajdhani,Mumbai,Surat,242.9,75.4,24.1,5.2,0.073,Rain,0,3,198.4
12951,Rajdhani,Kota,New Delhi,238.9,74.5,34.0,0.5,0.429,Clear,10,6,217.8
12951,Rajdhani,Mumbai,Surat,237.7,76.7,17.1,0.9,0.373,Rain,0,5,192.5
12259,Duronto,Gaya,DDU,193.9,72.8,1.7,25.0,0.248,Clear,7,0,184.4
12301,Rajdhani,Prayagraj,DDU,175.0,71.5,-5.0,15.1,0.464,Clear,5,0,174.3
12723,Express,Kazipet,Warangal,40.0,64.0,10.5,14.7,0.141,Clear,1,0,50.0
12860,Express,Kalaburagi,Wadi,86.2,60.5,18.3,5.6,0.354,Rain,8,3,93.0
12723,Express,Warangal,Vijayawada,214.1,59.0,13.6,19.2,0.171,Clear,3,2,206.5
12259,Duronto,Gaya,DDU,186.8,74.2,8.6,10.7,0.566,Clear,6,5,182.7
12259,Duronto,Dhanbad,Gaya,195.5,72.9,23.9,24.9,0.201,Clear,3,2,160.1
12627,Express,Chennai,Gudur,156.5,64.1,-2.1,12.1,0.031,Rain,0,0,157.6
12627,Express,Gudur,Nellore,86.5,70.0,20.0,7.0,0.494,Rain,1,4,84.1
12259,Duronto,Dhanbad,Gaya,138.4,51.2,22.9,10.7,0.298,Clear,5,2,183.1
12860,Express,Mumbai,Pune,222.4,63.5,-5.0,22.7,0.468,Rain,0,1,208.5
12301,Rajdhani,DDU,Gaya,133.3,65.6,12.7,0.0,0.529,Clear,8,6,158.9
12627,Express,Nellore,Vijayawada,193.6,72.2,11.7,15.6,0.442,Clear,3,2,182.5
12951,Rajdhani,Mumbai,Surat,204.6,63.5,-5.0,1.4,0.143,Rain,23,2,187.3
12259,Duronto,Asansol,Dhanbad,110.1,77.3,7.2,0.6,0.17,Clear,2,3,104.0
12301,Rajdhani,New Delhi,Kanpur,141.0,50.7,7.4,11.4,0.627,Clear,0,4,183.1
12951,Rajdhani,Ratlam,Kota,200.2,64.6,16.4,11.2,0.435,Clear,7,3,205.6
12860,Express,Wadi,Secunderabad,166.1,66.1,18.7,3.2,0.138,Fog,10,6,182.6
12951,Rajdhani,Kota,New Delhi,194.7,67.8,4.7,15.2,0.372,Clear,11,4,212.2
12627,Express,Gudur,Nellore,57.1,60.3,0.5,15.2,0.297,Rain,2,1,86.5
12723,Express,Kazipet,Warangal,40.0,58.0,3.9,17.5,0.117,Clear,2,3,44.1
12301,Rajdhani,New Delhi,Kanpur,170.8,60.1,17.0,14.7,0.429,Clear,0,4,176.7
12723,Express,Hyderabad,Kazipet,89.5,47.1,7.8,14.3,0.369,Clear,23,4,161.0
12860,Express,Kalaburagi,Wadi,81.3,70.6,3.7,13.1,0.277,Clear,7,1,94.7
12259,Duronto,Asansol,Dhanbad,124.0,75.9,17.4,18.0,0.417,Clear,2,5,112.6
12723,Express,Kazipet,Warangal,40.0,62.7,-5.0,11.3,0.207,Clear,1,3,42.2
12627,Express,Gudur,Nellore,71.3,62.3,6.2,10.2,0.223,Clear,2,3,86.7
12951,Rajdhani,Kota,New Delhi,175.5,58.6,29.3,20.9,0.193,Clear,10,6,233.1
12301,Rajdhani,Prayagraj,DDU,193.7,67.6,15.5,39.5,0.039,Clear,5,3,169.5
12951,Rajdhani,Mumbai,Surat,214.3,76.0,0.5,20.3,0.457,Rain,0,3,199.9
12860,Express,Mumbai,Pune,181.3,62.1,11.4,6.5,0.201,Clear,23,0,195.1
12259,Duronto,Asansol,Dhanbad,104.5,76.2,-5.0,14.8,0.235,Heavy Rain,1,3,112.0
12723,Express,Vijayawada,Gudur,169.3,53.9,28.5,7.6,0.412,Clear,6,0,226.4
12301,Rajdhani,New Delhi,Kanpur,199.6,71.4,21.1,5.3,0.36,Clear,0,0,168.5
12951,Rajdhani,Ratlam,Kota,291.3,86.3,7.0,17.7,0.316,Clear,8,6,194.1
12723,Express,Vijayawada,Gudur,253.1,72.4,16.2,4.1,0.122,Rain,4,0,210.8
12259,Duronto,Asansol,Dhanbad,81.1,53.0,8.2,6.1,0.48,Clear,2,2,114.1
12723,Express,Gudur,Chennai,275.1,76.0,4.1,1.6,0.191,Clear,9,2,209.0
12951,Rajdhani,Ratlam,Kota,193.5,61.8,15.3,6.0,0.288,Clear,7,2,192.9
12723,Express,Vijayawada,Gudur,187.1,56.6,15.8,10.9,0.586,Clear,6,6,219.0
12951,Rajdhani,Ratlam,Kota,281.0,84.1,16.7,12.0,0.1,Clear,7,4,191.1
12301,Rajdhani,DDU,Gaya,155.7,67.1,15.6,4.4,0.435,Clear,7,4,159.9
12259,Duronto,Sealdah,Asansol,222.5,86.6,27.7,15.4,0.23,Clear,0,2,169.7
12627,Express,Nellore,Vijayawada,161.0,58.5,-5.0,11.1,0.26,Clear,4,0,198.3
12723,Express,Vijayawada,Gudur,179.4,49.9,-2.3,3.5,0.184,Clear,6,5,218.4
12627,Express,Nellore,Vijayawada,176.1,52.2,4.4,1.1,0.27,Clear,3,6,201.6
12301,Rajdhani,Prayagraj,DDU,137.0,58.8,19.3,9.6,0.404,Rain,5,2,176.8
12860,Express,Pune,Solapur,211.9,62.0,8.7,14.6,0.152,Clear,3,5,185.9
12723,Express,Hyderabad,Kazipet,120.7,64.6,-1.2,15.3,0.203,Clear,23,2,133.3
12723,Express,Hyderabad,Kazipet,148.5,60.3,-1.5,14.4,0.3,Clear,23,3,143.1
12301,Rajdhani,Kanpur,Prayagraj,239.8,87.4,18.0,20.2,0.261,Clear,1,3,192.1
12627,Express,Nellore,Vijayawada,193.5,61.5,2.9,18.3,0.495,Clear,3,4,195.9
12723,Express,Vijayawada,Gudur,220.8,69.6,14.8,7.8,0.286,Rain,6,6,211.4
12627,Express,Gudur,Nellore,59.1,61.7,-0.1,12.3,0.377,Clear,2,6,85.1
12301,Rajdhani,New Delhi,Kanpur,148.2,63.3,22.9,14.3,0.366,Clear,0,5,191.3
12951,Rajdhani,Vadodara,Ratlam,142.7,59.1,6.4,6.7,0.271,Clear,4,4,189.7
12301,Rajdhani,Kanpur,Prayagraj,192.0,64.0,21.8,9.7,0.689,Clear,2,4,182.5
12951,Rajdhani,Mumbai,Surat,188.3,73.6,20.3,10.7,0.327,Rain,0,1,198.1
12723,Express,Gudur,Chennai,216.2,65.0,12.3,5.2,0.53,Fog,9,2,206.1
12627,Express,Vijayawada,Warangal,126.2,39.9,38.4,0.0,0.12,Fog,6,0,224.4
12860,Express,Solapur,Kalaburagi,155.0,66.6,25.1,29.9,0.224,Rain,6,6,161.8
12860,Express,Mumbai,Pune,219.1,66.5,11.4,0.0,0.102,Clear,23,3,193.4
12951,Rajdhani,Kota,New Delhi,273.6,73.2,17.3,7.1,0.142,Fog,10,1,221.5
12301,Rajdhani,New Delhi,Kanpur,148.8,61.7,15.1,0.0,0.624,Fog,0,4,174.1
12259,Duronto,Dhanbad,Gaya,132.6,63.0,5.7,7.8,0.206,Clear,4,1,151.4
12627,Express,Vijayawada,Warangal,216.6,69.4,19.3,0.0,0.23,Heavy Rain,6,0,197.6
12259,Duronto,Asansol,Dhanbad,130.3,77.6,26.7,12.6,0.242,Clear,1,6,110.3
12951,Rajdhani,Surat,Vadodara,129.2,65.9,-0.9,13.6,0.238,Clear,2,1,124.6
12860,Express,Kalaburagi,Wadi,88.5,61.7,9.1,1.1,0.343,Rain,8,0,97.7
12723,Express,Gudur,Chennai,164.4,59.4,-5.0,18.9,0.335,Clear,8,0,205.2
12259,Duronto,Asansol,Dhanbad,126.2,72.5,24.7,13.4,0.28,Clear,2,4,110.8
12301,Rajdhani,Prayagraj,DDU,240.1,78.8,13.9,3.2,0.078,Rain,5,2,181.0
12301,Rajdhani,DDU,Gaya,126.3,63.1,13.3,9.1,0.283,Clear,7,0,146.3
12860,Express,Pune,Solapur,137.1,49.9,24.1,12.0,0.175,Clear,2,1,204.8
12951,Rajdhani,Ratlam,Kota,197.7,68.6,-5.0,28.7,0.275,Clear,7,4,191.5
12860,Express,Pune,Solapur,199.6,67.9,1.7,2.2,0.448,Clear,2,3,190.3
12860,Express,Pune,Solapur,191.0,62.8,30.6,0.3,0.45,Fog,2,4,204.9
12860,Express,Solapur,Kalaburagi,153.9,62.6,12.4,11.3,0.176,Clear,6,5,168.2
12860,Express,Wadi,Secunderabad,167.7,66.7,16.7,16.5,0.266,Clear,9,5,175.3
12951,Rajdhani,Ratlam,Kota,224.2,75.9,9.5,2.4,0.407,Clear,7,0,188.5
12951,Rajdhani,Vadodara,Ratlam,261.9,80.6,16.4,21.6,0.179,Rain,5,5,183.7
12627,Express,Nellore,Vijayawada,182.9,69.3,-1.5,28.5,0.426,Clear,2,0,193.4
12860,Express,Pune,Solapur,195.4,66.7,18.3,7.0,0.196,Rain,3,2,201.9
12951,Rajdhani,Vadodara,Ratlam,162.3,64.9,12.3,13.1,0.261,Clear,4,5,184.8
12627,Express,Gudur,Nellore,57.5,49.9,31.0,9.0,0.344,Clear,2,1,96.6
12259,Duronto,DDU,New Delhi,233.5,66.3,18.7,3.4,0.416,Clear,9,5,232.8
12301,Rajdhani,Prayagraj,DDU,237.9,79.4,-5.0,5.4,0.306,Clear,5,2,169.9
12627,Express,Vijayawada,Warangal,189.7,62.6,21.2,12.1,0.171,Clear,6,2,203.1
12301,Rajdhani,DDU,Gaya,139.4,67.9,12.9,0.9,0.356,Heavy Rain,8,4,169.7
12860,Express,Mumbai,Pune,139.3,49.2,20.7,8.1,0.213,Clear,23,2,220.0
12951,Rajdhani,Ratlam,Kota,201.9,68.4,19.2,7.7,0.067,Clear,8,6,179.9
12860,Express,Wadi,Secunderabad,131.3,54.6,-0.7,3.8,0.061,Clear,10,2,175.5
12723,Express,Hyderabad,Kazipet,100.5,52.1,-5.0,6.6,0.633,Rain,0,6,156.5
12627,Express,Nellore,Vijayawada,156.8,58.1,19.3,12.2,0.243,Rain,4,6,203.3
12259,Duronto,Gaya,DDU,234.2,78.7,3.6,10.7,0.012,Clear,6,5,171.1
12723,Express,Kazipet,Warangal,40.0,54.3,-1.6,12.2,0.278,Rain,3,6,57.1
12951,Rajdhani,Surat,Vadodara,135.7,59.6,-3.7,10.4,0.046,Clear,2,2,141.4
12951,Rajdhani,Mumbai,Surat,229.6,75.7,6.0,16.6,0.481,Rain,0,3,208.2
12723,Express,Vijayawada,Gudur,184.1,54.7,-5.0,0.5,0.029,Rain,5,5,205.0
12723,Express,Hyderabad,Kazipet,116.5,50.8,3.9,5.9,0.408,Clear,23,6,159.5
12627,Express,Vijayawada,Warangal,143.3,53.0,-2.4,19.3,0.402,Clear,6,2,202.3
12627,Express,Gudur,Nellore,57.3,54.5,30.6,17.1,0.334,Clear,2,5,98.8
12301,Rajdhani,Kanpur,Prayagraj,233.8,76.4,8.0,9.8,0.438,Heavy Rain,2,2,190.2
12951,Rajdhani,Mumbai,Surat,140.6,54.3,14.0,1.6,0.133,Clear,23,0,186.5
12951,Rajdhani,Mumbai,Surat,183.5,62.1,1.0,4.5,0.222,Fog,23,0,194.5
12860,Express,Wadi,Secunderabad,162.8,54.8,-5.0,3.1,0.043,Heavy Rain,9,5,175.9
12860,Express,Wadi,Secunderabad,135.1,51.9,13.4,19.3,0.492,Fog,9,0,200.2
12259,Duronto,Asansol,Dhanbad,116.8,78.0,24.9,9.9,0.147,Clear,1,1,112.9
12951,Rajdhani,Vadodara,Ratlam,192.4,71.7,21.4,15.7,0.351,Clear,3,3,198.0
12259,Duronto,Sealdah,Asansol,160.5,69.4,7.8,11.9,0.286,Rain,23,1,165.8
12951,Rajdhani,Vadodara,Ratlam,177.8,73.0,2.7,8.3,0.685,Clear,5,4,182.4
12951,Rajdhani,Ratlam,Kota,194.7,72.6,27.8,7.3,0.09,Clear,8,6,192.6
12301,Rajdhani,New Delhi,Kanpur,186.3,66.7,35.5,16.4,0.22,Clear,0,4,172.7
12951,Rajdhani,Vadodara,Ratlam,252.2,83.5,-5.0,10.5,0.353,Heavy Rain,5,6,183.9
12951,Rajdhani,Surat,Vadodara,101.0,55.8,21.4,8.9,0.049,Fog,2,1,147.7
12259,Duronto,Sealdah,Asansol,193.0,81.9,26.2,13.9,0.225,Clear,23,5,172.9
12860,Express,Solapur,Kalaburagi,165.2,60.2,19.3,29.6,0.409,Clear,6,2,175.1
12951,Rajdhani,Mumbai,Surat,245.7,75.2,-5.0,0.0,0.462,Rain,0,4,186.7
12951,Rajdhani,Vadodara,Ratlam,251.1,86.2,-5.0,2.3,0.126,Clear,5,6,168.7
12951,Rajdhani,Ratlam,Kota,174.1,55.5,16.6,0.0,0.129,Clear,7,2,202.2
12259,Duronto,Dhanbad,Gaya,172.1,65.3,-0.0,1.2,0.408,Fog,4,1,159.3
12627,Express,Chennai,Gudur,156.3,63.8,16.1,10.2,0.364,Clear,23,0,160.7
12259,Duronto,Dhanbad,Gaya,147.4,61.0,24.7,10.0,0.579,Rain,3,4,181.6
12951,Rajdhani,Vadodara,Ratlam,245.1,88.3,12.2,5.2,0.28,Rain,4,0,187.4
12259,Duronto,Gaya,DDU,205.9,79.6,23.7,11.3,0.095,Clear,6,2,180.9
12860,Express,Mumbai,Pune,213.3,75.7,-5.0,11.5,0.125,Rain,0,6,198.1
12259,Duronto,Sealdah,Asansol,197.3,69.6,1.0,10.4,0.341,Heavy Rain,0,3,172.8
12259,Duronto,Gaya,DDU,232.5,74.4,18.7,0.0,0.373,Rain,5,3,176.6
12259,Duronto,Sealdah,Asansol,190.9,71.1,21.9,5.9,0.332,Fog,23,5,172.2
12723,Express,Hyderabad,Kazipet,166.1,71.2,29.1,11.6,0.279,Clear,23,0,149.6
12301,Rajdhani,Gaya,Howrah,202.8,65.8,3.5,17.8,0.244,Heavy Rain,10,2,202.5
12259,Duronto,Gaya,DDU,151.2,61.9,4.2,7.1,0.294,Clear,5,3,175.4
12723,Express,Vijayawada,Gudur,217.2,62.2,12.0,2.4,0.417,Clear,6,2,211.0
12627,Express,Chennai,Gudur,174.6,73.9,29.1,5.2,0.335,Heavy Rain,23,2,165.7
12723,Express,Warangal,Vijayawada,175.7,63.4,14.7,0.0,0.172,Clear,2,3,197.5
12301,Rajdhani,Prayagraj,DDU,201.3,70.8,6.1,7.4,0.18,Clear,5,5,160.4
12259,Duronto,Sealdah,Asansol,189.2,67.7,-2.8,2.2,0.435,Clear,23,5,166.7
12301,Rajdhani,Prayagraj,DDU,178.5,61.6,16.4,12.2,0.241,Clear,5,4,189.0
12951,Rajdhani,Vadodara,Ratlam,190.8,77.1,20.7,12.7,0.546,Heavy Rain,5,6,207.6
12860,Express,Mumbai,Pune,181.4,66.8,10.1,0.0,0.154,Heavy Rain,23,5,222.2
12723,Express,Gudur,Chennai,252.3,72.0,16.4,0.0,0.175,Rain,8,4,201.2
12301,Rajdhani,New Delhi,Kanpur,136.7,59.5,5.6,5.4,0.383,Clear,23,5,166.3
12627,Express,Vijayawada,Warangal,198.8,64.3,13.7,13.2,0.133,Rain,6,5,194.4
12259,Duronto,Gaya,DDU,260.2,90.8,21.9,13.6,0.165,Clear,7,2,182.5
12301,Rajdhani,DDU,Gaya,134.5,65.5,24.5,9.3,0.36,Clear,8,2,164.6
12723,Express,Hyderabad,Kazipet,129.3,66.6,8.0,18.5,0.347,Clear,23,6,142.6
12860,Express,Solapur,Kalaburagi,123.5,56.8,14.9,9.5,0.107,Rain,5,0,160.6
12951,Rajdhani,Ratlam,Kota,222.1,69.5,22.1,8.6,0.205,Clear,8,5,196.3
12951,Rajdhani,Mumbai,Surat,142.7,56.0,20.1,25.5,0.138,Clear,0,0,199.3
12301,Rajdhani,Gaya,Howrah,224.2,77.7,22.4,0.0,0.365,Clear,10,0,184.7
12627,Express,Chennai,Gudur,126.0,48.2,29.7,7.0,0.227,Fog,0,3,184.4
12723,Express,Warangal,Vijayawada,202.8,62.3,15.3,40.4,0.268,Heavy Rain,2,2,236.5
12723,Express,Vijayawada,Gudur,177.2,51.4,7.2,7.3,0.671,Clear,5,2,229.7
12259,Duronto,Asansol,Dhanbad,88.6,64.3,7.7,2.0,0.165,Clear,2,2,91.7
12259,Duronto,Gaya,DDU,237.1,90.3,11.5,5.2,0.287,Rain,6,4,187.3
12627,Express,Vijayawada,Warangal,182.9,62.6,25.7,4.5,0.139,Clear,7,5,197.4
12627,Express,Vijayawada,Warangal,213.8,73.1,17.1,0.0,0.389,Clear,6,5,191.2
12259,Duronto,DDU,New Delhi,264.6,81.5,19.6,4.7,0.512,Rain,8,6,228.5
12860,Express,Solapur,Kalaburagi,123.5,54.9,2.8,18.1,0.202,Heavy Rain,6,4,175.0
12860,Express,Mumbai,Pune,220.4,65.0,10.2,25.4,0.152,Clear,0,5,205.0
12951,Rajdhani,Kota,New Delhi,204.3,58.2,19.3,20.6,0.586,Clear,9,0,227.8
12301,Rajdhani,DDU,Gaya,146.3,59.8,8.1,5.2,0.369,Clear,7,4,149.9
12723,Express,Vijayawada,Gudur,191.5,62.5,10.3,16.0,0.036,Clear,5,4,206.2
12860,Express,Solapur,Kalaburagi,141.8,58.4,5.6,14.2,0.547,Clear,6,0,167.6
12951,Rajdhani,Vadodara,Ratlam,252.1,86.7,27.5,11.2,0.193,Clear,4,3,184.9
12259,Duronto,Asansol,Dhanbad,99.3,64.6,4.6,14.7,0.087,Clear,2,6,111.0
12301,Rajdhani,Kanpur,Prayagraj,227.6,79.3,14.4,22.1,0.021,Rain,2,3,170.9
12951,Rajdhani,Ratlam,Kota,229.2,76.4,-5.0,17.2,0.158,Rain,7,3,190.9
12627,Express,Warangal,Secunderabad,195.1,63.1,28.7,16.7,0.19,Clear,9,0,203.2
12723,Express,Hyderabad,Kazipet,93.3,48.0,14.4,15.6,0.661,Rain,23,4,175.9
12301,Rajdhani,New Delhi,Kanpur,163.4,63.7,20.7,9.4,0.393,Heavy Rain,22,2,177.4
12860,Express,Pune,Solapur,162.4,62.7,11.4,4.4,0.133,Clear,3,0,187.1
12259,Duronto,Gaya,DDU,181.0,68.4,11.8,3.6,0.133,Rain,6,1,174.8
12860,Express,Wadi,Secunderabad,143.0,60.2,-3.5,0.0,0.166,Heavy Rain,10,1,172.0
12723,Express,Warangal,Vijayawada,218.5,65.1,17.9,13.4,0.128,Rain,2,3,216.2
12723,Express,Gudur,Chennai,175.7,59.3,8.4,19.1,0.15,Clear,8,5,209.2
12723,Express,Gudur,Chennai,211.7,66.0,14.3,22.8,0.288,Fog,9,4,218.5
12723,Express,Hyderabad,Kazipet,139.1,67.8,19.4,27.8,0.685,Clear,23,5,152.6
12951,Rajdhani,Vadodara,Ratlam,189.6,75.0,22.9,8.8,0.56,Clear,4,5,199.8
12723,Express,Gudur,Chennai,177.0,48.9,-0.4,0.0,0.086,Clear,9,2,212.8
12860,Express,Solapur,Kalaburagi,144.6,51.5,15.1,8.0,0.036,Clear,6,5,169.1
12301,Rajdhani,DDU,Gaya,184.9,79.3,20.8,0.0,0.468,Clear,7,1,152.7
12723,Express,Hyderabad,Kazipet,135.3,69.1,16.5,21.9,0.068,Clear,23,2,145.0
12951,Rajdhani,Vadodara,Ratlam,168.5,66.4,16.5,6.7,0.58,Fog,4,1,204.7
12723,Express,Hyderabad,Kazipet,115.6,62.5,-0.9,17.8,0.307,Clear,23,2,142.9
12723,Express,Warangal,Vijayawada,175.3,55.3,10.6,4.9,0.181,Rain,3,1,212.0
12723,Express,Warangal,Vijayawada,163.9,58.7,27.0,0.0,0.468,Clear,3,0,217.9
12860,Express,Mumbai,Pune,150.0,53.0,7.3,10.6,0.356,Fog,0,1,214.9
12301,Rajdhani,Gaya,Howrah,169.0,70.1,1.4,20.1,0.731,Clear,9,1,187.8
12627,Express,Chennai,Gudur,121.0,53.9,13.1,0.0,0.192,Rain,0,0,160.0
12627,Express,Vijayawada,Warangal,191.7,57.5,7.4,20.3,0.186,Clear,6,2,202.3
12259,Duronto,Dhanbad,Gaya,183.7,86.2,31.7,8.5,0.133,Clear,3,2,155.3
12860,Express,Wadi,Secunderabad,187.3,65.7,4.9,27.3,0.151,Fog,10,4,186.1
12723,Express,Vijayawada,Gudur,249.4,68.9,-5.0,10.4,0.306,Heavy Rain,6,3,222.6
12723,Express,Warangal,Vijayawada,269.1,75.2,20.4,12.1,0.118,Clear,2,3,197.0
12259,Duronto,DDU,New Delhi,191.8,61.6,-3.4,4.0,0.695,Clear,8,4,225.7
12301,Rajdhani,New Delhi,Kanpur,195.0,74.4,21.5,7.4,0.171,Clear,0,4,164.4
12301,Rajdhani,New Delhi,Kanpur,207.9,72.9,24.6,13.6,0.074,Fog,23,1,177.3
12951,Rajdhani,Vadodara,Ratlam,236.9,75.5,18.3,11.0,0.311,Clear,4,3,186.3
12951,Rajdhani,Surat,Vadodara,134.7,67.5,16.2,17.3,0.592,Clear,3,5,140.1
12860,Express,Wadi,Secunderabad,142.2,62.7,-1.1,9.8,0.154,Fog,9,4,171.7
12627,Express,Nellore,Vijayawada,198.4,61.5,2.0,0.0,0.26,Clear,3,2,188.7
12860,Express,Wadi,Secunderabad,148.6,61.5,10.8,11.8,0.164,Clear,9,2,177.1
12259,Duronto,DDU,New Delhi,230.0,66.2,16.4,12.7,0.44,Clear,9,5,230.3
12259,Duronto,Asansol,Dhanbad,93.0,59.4,-1.2,0.5,0.21,Clear,2,4,101.1
12860,Express,Solapur,Kalaburagi,150.1,70.1,-1.2,14.0,0.505,Rain,5,5,168.9
12723,Express,Gudur,Chennai,187.8,67.0,12.7,18.5,0.01,Clear,9,6,204.5
12301,Rajdhani,Gaya,Howrah,238.6,73.6,6.3,12.1,0.281,Clear,8,5,189.7
12259,Duronto,Dhanbad,Gaya,179.1,72.6,20.6,0.0,0.337,Rain,3,1,174.3
12259,Duronto,Dhanbad,Gaya,194.6,79.8,13.6,8.2,0.278,Clear,4,4,160.9
12860,Express,Wadi,Secunderabad,153.7,61.8,18.2,5.1,0.238,Clear,9,5,172.8
12723,Express,Kazipet,Warangal,40.0,46.6,13.7,13.3,0.359,Clear,2,5,63.9
12627,Express,Vijayawada,Warangal,154.0,60.1,2.2,8.2,0.145,Clear,6,1,198.6
12723,Express,Warangal,Vijayawada,203.5,64.0,8.1,1.5,0.329,Clear,2,2,192.3
12860,Express,Mumbai,Pune,176.9,60.5,5.4,11.2,0.243,Rain,23,0,204.4
12723,Express,Vijayawada,Gudur,243.8,72.8,25.7,3.6,0.618,Rain,6,5,226.9
12301,Rajdhani,Kanpur,Prayagraj,186.2,66.9,13.9,9.6,0.327,Rain,3,4,191.1
12259,Duronto,Asansol,Dhanbad,101.5,58.4,17.5,24.8,0.214,Rain,1,5,118.6
12301,Rajdhani,Gaya,Howrah,216.4,74.7,11.9,0.0,0.244,Rain,10,6,180.7
12860,Express,Mumbai,Pune,171.2,54.5,3.3,2.9,0.078,Clear,23,2,199.3
12951,Rajdhani,Ratlam,Kota,240.0,73.6,31.7,4.3,0.054,Clear,7,5,191.2
12301,Rajdhani,Prayagraj,DDU,148.3,55.3,27.9,2.5,0.239,Rain,4,1,197.3
12860,Express,Kalaburagi,Wadi,103.5,71.6,21.5,9.2,0.26,Clear,8,5,87.7
12860,Express,Pune,Solapur,176.3,67.8,30.9,1.8,0.048,Rain,3,2,189.3
12723,Express,Kazipet,Warangal,40.0,56.6,8.3,20.4,0.122,Rain,1,3,56.6
12627,Express,Warangal,Secunderabad,171.8,64.3,12.6,0.0,0.266,Clear,9,1,193.4
12860,Express,Solapur,Kalaburagi,159.5,64.7,35.8,2.1,0.757,Heavy Rain,5,6,193.0
12951,Rajdhani,Surat,Vadodara,136.0,79.6,-5.0,23.2,0.353,Rain,3,0,136.3
12627,Express,Vijayawada,Warangal,161.6,57.7,7.3,6.3,0.682,Rain,6,6,219.4
12259,Duronto,Asansol,Dhanbad,89.8,62.8,1.0,22.2,0.221,Rain,1,6,105.2
12301,Rajdhani,Prayagraj,DDU,256.3,86.5,10.4,15.7,0.511,Clear,4,5,169.6
12723,Express,Warangal,Vijayawada,270.7,73.9,9.1,30.2,0.256,Clear,2,3,220.9
12627,Express,Vijayawada,Warangal,171.7,53.5,18.4,0.0,0.313,Rain,7,2,205.1
12627,Express,Nellore,Vijayawada,215.2,71.9,-2.7,18.0,0.69,Clear,2,4,195.9
12951,Rajdhani,Mumbai,Surat,223.7,70.2,18.3,4.2,0.09,Clear,23,4,194.1
12301,Rajdhani,Gaya,Howrah,264.3,84.3,27.2,18.6,0.39,Heavy Rain,10,5,206.8
12301,Rajdhani,Kanpur,Prayagraj,202.4,75.4,12.8,0.0,0.334,Clear,3,3,182.2
12301,Rajdhani,New Delhi,Kanpur,181.2,66.8,16.0,0.0,0.043,Clear,23,2,150.7
12259,Duronto,Gaya,DDU,171.4,69.4,9.3,0.3,0.304,Clear,6,6,172.4
12627,Express,Chennai,Gudur,134.8,52.6,5.4,0.2,0.76,Clear,0,6,168.4
12723,Express,Gudur,Chennai,187.6,55.5,-5.0,18.9,0.514,Clear,8,6,220.6
12259,Duronto,DDU,New Delhi,224.8,72.7,18.9,12.4,0.101,Clear,8,3,218.7
12259,Duronto,Asansol,Dhanbad,113.0,68.2,14.3,15.9,0.052,Fog,2,1,110.1
12723,Express,Hyderabad,Kazipet,142.1,67.6,25.8,9.2,0.142,Rain,0,2,143.6
12723,Express,Hyderabad,Kazipet,136.2,55.2,14.3,22.3,0.495,Clear,0,1,157.5
12951,Rajdhani,Kota,New Delhi,292.0,79.5,13.7,4.8,0.455,Rain,10,0,213.0
12301,Rajdhani,Kanpur,Prayagraj,155.0,66.7,8.3,15.6,0.266,Clear,3,4,178.2
12860,Express,Kalaburagi,Wadi,105.5,69.8,15.3,15.0,0.321,Clear,9,6,104.9
12723,Express,Gudur,Chennai,269.2,76.9,24.0,8.3,0.389,Clear,8,2,213.4
12627,Express,Gudur,Nellore,59.4,49.0,8.2,21.5,0.141,Fog,2,0,95.9
12259,Duronto,Asansol,Dhanbad,117.3,67.9,6.1,0.0,0.272,Clear,2,5,101.6
12627,Express,Chennai,Gudur,182.9,68.7,19.0,6.1,0.6,Clear,23,5,159.9
12627,Express,Nellore,Vijayawada,198.4,72.0,-1.0,4.4,0.097,Clear,3,0,183.4
12259,Duronto,DDU,New Delhi,209.8,56.5,-2.8,8.3,0.597,Clear,9,2,226.0
12301,Rajdhani,DDU,Gaya,179.2,70.9,21.1,9.7,0.155,Clear,7,5,151.3
12951,Rajdhani,Kota,New Delhi,223.6,77.7,12.6,17.9,0.111,Fog,11,6,219.6
12627,Express,Warangal,Secunderabad,179.0,70.1,9.8,20.3,0.141,Rain,9,5,201.3
12860,Express,Pune,Solapur,183.2,65.5,9.6,14.6,0.277,Heavy Rain,2,6,204.4
12951,Rajdhani,Mumbai,Surat,234.6,68.5,22.6,9.6,0.078,Clear,0,0,181.5
12627,Express,Gudur,Nellore,66.5,66.8,4.6,12.3,0.293,Clear,2,1,74.7
12301,Rajdhani,DDU,Gaya,174.9,68.2,-5.0,13.0,0.227,Fog,8,0,155.7
12627,Express,Warangal,Secunderabad,204.5,75.8,-5.0,14.5,0.152,Clear,8,3,184.7
12723,Express,Gudur,Chennai,273.0,77.4,13.7,10.8,0.133,Clear,9,5,208.0
12259,Duronto,Asansol,Dhanbad,96.5,70.2,26.4,11.4,0.072,Clear,1,6,112.5
12301,Rajdhani,DDU,Gaya,170.7,76.0,15.6,0.0,0.297,Clear,8,5,142.0
12259,Duronto,Sealdah,Asansol,138.1,62.1,15.1,0.0,0.083,Fog,23,0,168.0
12951,Rajdhani,Mumbai,Surat,214.1,78.0,-5.0,5.8,0.296,Clear,23,4,182.7
12259,Duronto,Gaya,DDU,189.4,75.4,16.3,0.9,0.356,Clear,6,3,185.1
12723,Express,Hyderabad,Kazipet,134.6,57.7,-3.7,16.6,0.091,Clear,0,4,143.0
12951,Rajdhani,Ratlam,Kota,184.7,67.9,31.3,18.4,0.211,Fog,8,3,196.5
12860,Express,Pune,Solapur,205.2,61.7,15.2,9.7,0.349,Clear,3,6,206.1
12627,Express,Gudur,Nellore,75.5,62.0,28.8,0.0,0.326,Clear,1,0,91.6
12951,Rajdhani,Ratlam,Kota,210.9,61.6,42.5,12.9,0.223,Clear,8,5,208.4
12860,Express,Pune,Solapur,190.4,58.9,10.9,0.0,0.394,Clear,3,6,207.9
12259,Duronto,Asansol,Dhanbad,81.6,51.3,7.2,0.0,0.247,Clear,3,6,123.0
12951,Rajdhani,Ratlam,Kota,262.4,79.1,23.6,12.4,0.022,Clear,7,2,190.5
12259,Duronto,Sealdah,Asansol,183.1,75.4,13.2,14.8,0.155,Clear,0,3,152.6
12951,Rajdhani,Ratlam,Kota,170.6,59.3,16.7,16.4,0.409,Clear,7,3,203.0
12951,Rajdhani,Surat,Vadodara,127.6,68.5,13.3,0.6,0.177,Rain,3,5,130.8
12723,Express,Warangal,Vijayawada,201.8,58.4,19.3,15.7,0.207,Clear,2,2,225.8
12301,Rajdhani,Gaya,Howrah,177.4,61.3,-1.3,15.9,0.208,Clear,10,4,181.2
12301,Rajdhani,Kanpur,Prayagraj,220.8,81.7,11.5,15.2,0.187,Fog,3,4,167.5
12259,Duronto,DDU,New Delhi,227.5,69.5,27.7,13.3,0.103,Clear,9,4,223.3
12627,Express,Nellore,Vijayawada,181.8,61.6,-3.9,8.1,0.305,Clear,4,4,179.9
12301,Rajdhani,Gaya,Howrah,216.3,76.3,-2.1,6.2,0.623,Rain,10,3,188.9
12627,Express,Chennai,Gudur,155.5,68.3,2.3,0.0,0.711,Clear,23,5,158.4
12951,Rajdhani,Kota,New Delhi,299.6,78.7,10.1,4.6,0.645,Rain,11,0,226.2
12259,Duronto,Sealdah,Asansol,213.5,77.0,29.4,11.0,0.399,Clear,0,5,170.4
12860,Express,Pune,Solapur,191.0,67.4,-5.0,11.1,0.172,Clear,3,1,184.2
12301,Rajdhani,DDU,Gaya,176.8,74.2,14.2,15.0,0.091,Clear,7,0,151.8
12301,Rajdhani,Gaya,Howrah,149.8,54.9,24.5,0.0,0.57,Rain,10,6,199.3
12627,Express,Chennai,Gudur,124.2,53.7,28.2,29.4,0.462,Clear,0,1,177.7
12259,Duronto,Asansol,Dhanbad,132.9,76.9,11.1,0.0,0.169,Rain,2,5,106.1
12259,Duronto,Gaya,DDU,212.0,76.1,6.3,9.9,0.232,Clear,6,6,172.0
12951,Rajdhani,Surat,Vadodara,148.0,82.1,15.1,4.8,0.462,Clear,1,0,141.0
12860,Express,Solapur,Kalaburagi,187.4,72.1,1.3,6.1,0.251,Clear,6,4,165.5
12259,Duronto,Gaya,DDU,226.8,73.3,16.4,15.3,0.215,Clear,7,6,186.5
12627,Express,Chennai,Gudur,159.6,77.1,2.5,7.9,0.185,Rain,23,0,157.9
12259,Duronto,Asansol,Dhanbad,110.3,60.6,34.7,20.2,0.389,Rain,1,6,129.5
12723,Express,Gudur,Chennai,160.0,51.7,7.8,17.5,0.181,Rain,9,4,217.3
12259,Duronto,Gaya,DDU,187.3,63.5,20.6,11.9,0.208,Clear,6,5,176.9
12723,Express,Warangal,Vijayawada,186.2,56.0,11.9,5.7,0.221,Clear,2,3,213.8
12627,Express,Gudur,Nellore,55.8,58.2,7.2,16.9,0.26,Rain,2,1,80.8
12627,Express,Warangal,Secunderabad,192.6,65.0,14.5,11.0,0.188,Heavy Rain,9,4,203.0
12723,Express,Warangal,Vijayawada,216.9,62.7,19.9,9.4,0.391,Heavy Rain,2,4,226.5
12723,Express,Warangal,Vijayawada,180.2,55.9,14.5,0.0,0.455,Rain,3,5,221.0
12723,Express,Vijayawada,Gudur,197.9,57.3,1.8,20.7,0.275,Clear,5,6,198.6
12627,Express,Chennai,Gudur,112.9,49.5,11.7,6.0,0.333,Rain,23,5,175.3
12951,Rajdhani,Vadodara,Ratlam,188.6,71.2,4.5,10.6,0.038,Clear,5,0,176.2
12860,Express,Pune,Solapur,248.4,75.0,13.5,0.0,0.245,Fog,3,5,203.1
12301,Rajdhani,Kanpur,Prayagraj,169.1,62.1,8.0,5.8,0.543,Rain,2,0,172.0
12301,Rajdhani,Kanpur,Prayagraj,153.1,57.5,-5.0,19.4,0.565,Fog,2,3,190.0
12723,Express,Warangal,Vijayawada,161.2,46.7,7.5,9.4,0.279,Heavy Rain,3,4,228.1
12951,Rajdhani,Vadodara,Ratlam,174.0,65.5,19.8,7.4,0.233,Clear,6,2,186.0
12627,Express,Chennai,Gudur,111.4,48.2,24.6,6.3,0.143,Clear,23,6,166.2
12301,Rajdhani,Prayagraj,DDU,185.8,66.7,-5.0,13.3,0.547,Clear,5,1,177.8
12301,Rajdhani,DDU,Gaya,120.8,51.1,-5.0,0.0,0.281,Clear,7,5,154.1
12259,Duronto,Asansol,Dhanbad,124.4,89.9,-5.0,5.1,0.353,Clear,2,2,106.9
12259,Duronto,Sealdah,Asansol,164.4,74.1,-5.0,6.1,0.31,Clear,23,4,159.9
12627,Express,Warangal,Secunderabad,213.0,67.2,21.4,6.0,0.249,Clear,8,2,194.6
12723,Express,Vijayawada,Gudur,215.4,72.9,15.1,15.1,0.285,Clear,5,6,211.9
12301,Rajdhani,DDU,Gaya,144.4,67.6,23.3,10.8,0.192,Clear,7,1,157.5
12860,Express,Kalaburagi,Wadi,72.4,54.9,-5.0,13.7,0.416,Clear,7,0,97.3
12259,Duronto,Asansol,Dhanbad,118.9,76.0,10.5,0.0,0.093,Fog,2,3,115.7
12860,Express,Mumbai,Pune,214.3,72.2,19.2,23.3,0.264,Clear,0,5,208.4
12627,Express,Gudur,Nellore,56.4,56.1,14.2,16.9,0.316,Clear,2,1,86.5
12860,Express,Pune,Solapur,192.0,60.5,11.9,0.0,0.131,Fog,2,2,196.2
12301,Rajdhani,Prayagraj,DDU,149.8,55.0,10.9,13.5,0.451,Clear,5,3,185.5
12627,Express,Nellore,Vijayawada,160.4,56.5,15.3,20.1,0.194,Clear,3,4,201.8
12860,Express,Mumbai,Pune,244.6,69.1,15.7,13.5,0.302,Heavy Rain,23,2,222.4
12259,Duronto,Asansol,Dhanbad,126.9,79.7,19.5,21.3,0.206,Clear,2,5,94.0
12723,Express,Warangal,Vijayawada,183.2,52.4,32.0,23.7,0.539,Clear,2,1,237.7
12301,Rajdhani,Gaya,Howrah,210.1,68.7,-2.5,6.2,0.281,Clear,9,0,176.3
12259,Duronto,Gaya,DDU,159.3,58.2,35.1,0.0,0.402,Clear,7,5,202.5
12723,Express,Hyderabad,Kazipet,117.9,62.9,18.9,0.0,0.534,Rain,0,5,150.9
12951,Rajdhani,Kota,New Delhi,262.0,72.2,26.0,14.3,0.18,Clear,11,6,215.3
12259,Duronto,Gaya,DDU,163.9,55.7,1.2,12.5,0.156,Clear,6,0,183.3
12259,Duronto,DDU,New Delhi,220.2,69.6,12.3,5.6,0.292,Clear,10,4,215.8
12860,Express,Kalaburagi,Wadi,71.8,50.5,37.0,8.9,0.165,Rain,7,0,106.7
12860,Express,Kalaburagi,Wadi,67.7,58.4,8.7,12.0,0.418,Clear,8,6,99.2
12259,Duronto,DDU,New Delhi,250.5,70.3,5.0,14.4,0.338,Clear,9,2,224.7
12951,Rajdhani,Ratlam,Kota,189.6,68.2,14.3,19.1,0.287,Rain,7,0,188.6
12301,Rajdhani,Gaya,Howrah,183.8,73.4,9.8,0.0,0.227,Rain,9,6,182.3
12860,Express,Pune,Solapur,179.9,56.8,38.4,3.6,0.087,Fog,2,3,206.1
12301,Rajdhani,Gaya,Howrah,205.9,66.3,17.7,11.2,0.159,Rain,9,1,175.9
12951,Rajdhani,Mumbai,Surat,234.8,70.9,7.3,0.0,0.357,Rain,23,0,193.3
12951,Rajdhani,Kota,New Delhi,277.0,72.8,1.7,3.9,0.438,Clear,11,2,205.9
12259,Duronto,Asansol,Dhanbad,95.8,63.3,-0.5,10.5,0.488,Clear,2,3,106.9
12627,Express,Warangal,Secunderabad,136.5,40.5,14.2,22.3,0.355,Rain,9,2,221.6
12860,Express,Wadi,Secunderabad,180.1,61.6,-5.0,9.6,0.119,Clear,8,3,166.2
12301,Rajdhani,Gaya,Howrah,172.0,70.5,19.1,13.9,0.173,Clear,10,3,187.7
12723,Express,Gudur,Chennai,197.5,55.1,8.8,9.0,0.134,Clear,8,5,218.7
12723,Express,Gudur,Chennai,187.6,57.5,25.4,2.3,0.75,Rain,9,3,229.1
12860,Express,Wadi,Secunderabad,139.7,60.3,13.0,3.0,0.35,Heavy Rain,9,1,177.8
12627,Express,Vijayawada,Warangal,162.1,50.5,28.6,22.4,0.301,Clear,6,4,223.2
12301,Rajdhani,Gaya,Howrah,203.7,72.0,9.9,16.3,0.164,Clear,10,5,173.3
12860,Express,Pune,Solapur,188.1,66.5,42.2,17.1,0.286,Rain,2,3,208.2
12723,Express,Hyderabad,Kazipet,127.9,67.7,0.3,4.1,0.072,Clear,0,2,132.6
12860,Express,Kalaburagi,Wadi,82.4,70.4,-4.1,0.6,0.351,Clear,9,5,89.8
12627,Express,Gudur,Nellore,52.9,56.7,17.5,23.6,0.341,Clear,3,2,92.5
12259,Duronto,Sealdah,Asansol,152.3,60.3,17.0,20.0,0.043,Clear,23,4,169.2
12723,Express,Gudur,Chennai,211.5,60.4,16.4,10.0,0.17,Heavy Rain,9,0,222.3
12860,Express,Wadi,Secunderabad,175.5,60.8,11.5,16.2,0.58,Clear,10,2,185.1
12301,Rajdhani,DDU,Gaya,190.7,88.1,34.5,24.2,0.289,Fog,8,3,161.3
12301,Rajdhani,New Delhi,Kanpur,152.9,64.9,10.3,0.0,0.283,Rain,23,6,152.2
12723,Express,Vijayawada,Gudur,177.8,54.9,9.9,8.3,0.226,Clear,5,4,207.1
12627,Express,Warangal,Secunderabad,173.4,66.1,9.5,7.6,0.087,Clear,9,4,184.0
12860,Express,Solapur,Kalaburagi,172.6,68.0,15.1,19.9,0.206,Clear,6,5,167.5
12723,Express,Kazipet,Warangal,40.0,55.3,10.5,2.5,0.301,Heavy Rain,2,3,72.0
12259,Duronto,Gaya,DDU,168.4,65.0,28.2,26.1,0.293,Heavy Rain,6,2,207.8
12723,Express,Warangal,Vijayawada,213.4,60.4,27.0,8.9,0.065,Clear,2,6,198.1
12627,Express,Chennai,Gudur,147.2,55.7,15.2,8.4,0.5,Clear,23,2,175.4
12860,Express,Pune,Solapur,177.8,58.5,2.2,1.0,0.527,Clear,2,6,188.7
12627,Express,Warangal,Secunderabad,199.3,65.2,3.4,18.4,0.056,Rain,9,4,200.9
12860,Express,Solapur,Kalaburagi,133.3,54.0,31.7,0.0,0.503,Clear,6,1,192.4
12723,Express,Vijayawada,Gudur,175.7,57.9,3.3,0.0,0.249,Clear,5,2,207.2
12301,Rajdhani,Prayagraj,DDU,160.3,70.6,6.5,6.4,0.247,Fog,5,6,172.1
12860,Express,Kalaburagi,Wadi,95.3,63.5,12.6,0.0,0.3,Clear,8,0,94.4
12860,Express,Solapur,Kalaburagi,117.2,48.4,5.1,0.3,0.442,Clear,5,3,170.7
12259,Duronto,Asansol,Dhanbad,80.4,50.1,4.4,19.7,0.209,Clear,2,1,122.4
12301,Rajdhani,New Delhi,Kanpur,236.9,85.9,-5.0,19.7,0.209,Clear,0,6,160.1
12860,Express,Kalaburagi,Wadi,96.0,72.1,15.6,6.7,0.472,Clear,9,5,91.3
12259,Duronto,Asansol,Dhanbad,94.2,69.3,28.4,5.6,0.214,Clear,2,4,118.3
12723,Express,Warangal,Vijayawada,209.0,57.1,18.1,25.7,0.798,Rain,3,2,244.5
12259,Duronto,DDU,New Delhi,240.2,70.0,6.2,10.0,0.264,Clear,9,3,214.8
12860,Express,Kalaburagi,Wadi,86.7,59.5,7.8,8.0,0.299,Clear,8,2,86.2
12723,Express,Kazipet,Warangal,40.0,56.0,3.8,0.0,0.091,Clear,1,3,58.5
12301,Rajdhani,Kanpur,Prayagraj,196.7,69.4,27.2,0.9,0.268,Fog,2,1,182.7
12951,Rajdhani,Ratlam,Kota,230.5,77.5,-5.0,1.9,0.291,Clear,8,6,193.4
12723,Express,Vijayawada,Gudur,228.2,63.0,18.3,6.2,0.334,Clear,5,2,221.1
12723,Express,Hyderabad,Kazipet,132.8,64.4,1.8,5.9,0.169,Clear,23,4,136.3
12723,Express,Gudur,Chennai,186.9,63.8,-5.0,18.6,0.169,Clear,9,2,187.5
12259,Duronto,Gaya,DDU,162.0,63.4,16.8,22.0,0.4,Heavy Rain,6,2,196.0
12259,Duronto,DDU,New Delhi,289.6,76.9,7.0,4.9,0.324,Clear,9,2,216.2
12723,Express,Kazipet,Warangal,40.0,64.9,23.7,19.5,0.099,Rain,2,4,59.2
12259,Duronto,Asansol,Dhanbad,110.1,69.6,20.4,10.0,0.138,Rain,2,3,103.2
12860,Express,Pune,Solapur,185.7,56.0,13.6,9.6,0.322,Rain,2,0,211.4
12860,Express,Kalaburagi,Wadi,75.3,66.0,8.8,22.4,0.432,Clear,9,5,92.3
12951,Rajdhani,Surat,Vadodara,137.6,76.1,-5.0,1.7,0.307,Fog,3,0,134.8
12951,Rajdhani,Surat,Vadodara,125.9,60.6,10.2,2.1,0.523,Clear,3,5,140.4
12860,Express,Solapur,Kalaburagi,187.0,79.5,3.7,23.5,0.56,Fog,6,5,174.8
12301,Rajdhani,DDU,Gaya,167.1,67.5,38.4,10.6,0.397,Fog,7,2,173.1
12951,Rajdhani,Ratlam,Kota,221.2,76.3,15.9,12.3,0.311,Clear,7,5,198.4
12723,Express,Hyderabad,Kazipet,142.3,57.5,16.2,4.4,0.306,Heavy Rain,23,2,160.8
12301,Rajdhani,Prayagraj,DDU,164.9,63.4,17.0,10.1,0.085,Clear,4,6,169.4
12951,Rajdhani,Ratlam,Kota,218.8,65.8,18.4,10.1,0.277,Clear,7,5,197.2
12951,Rajdhani,Ratlam,Kota,209.1,67.4,29.9,10.9,0.285,Clear,8,4,190.8
12860,Express,Kalaburagi,Wadi,95.9,62.8,-5.0,0.0,0.338,Clear,9,1,92.9
12723,Express,Hyderabad,Kazipet,130.4,59.9,5.7,7.2,0.632,Clear,23,2,163.7
12301,Rajdhani,New Delhi,Kanpur,201.3,68.8,32.1,13.6,0.192,Heavy Rain,23,4,200.7
12301,Rajdhani,Prayagraj,DDU,148.3,58.1,5.7,14.8,0.287,Clear,6,6,173.6
12259,Duronto,DDU,New Delhi,273.8,76.1,33.4,5.2,0.286,Heavy Rain,8,0,237.7
12860,Express,Mumbai,Pune,212.5,58.5,26.5,5.3,0.269,Clear,23,4,215.2
12723,Express,Hyderabad,Kazipet,124.0,59.7,0.3,1.5,0.44,Clear,23,6,140.1
12860,Express,Pune,Solapur,210.4,64.7,25.8,9.6,0.467,Clear,2,5,203.9
12723,Express,Warangal,Vijayawada,175.4,60.3,8.7,13.0,0.444,Rain,4,6,220.8
12301,Rajdhani,New Delhi,Kanpur,158.3,70.6,28.7,3.4,0.669,Rain,0,3,185.6
12259,Duronto,DDU,New Delhi,254.4,70.0,11.7,3.7,0.043,Clear,8,5,202.2
12301,Rajdhani,Kanpur,Prayagraj,147.4,62.6,1.5,0.0,0.267,Fog,3,4,168.5
12723,Express,Kazipet,Warangal,47.2,71.7,13.2,23.5,0.202,Heavy Rain,1,1,57.8
12627,Express,Warangal,Secunderabad,201.4,67.2,14.3,14.8,0.275,Clear,9,3,193.4
12259,Duronto,Gaya,DDU,249.3,79.3,7.7,9.6,0.152,Clear,6,2,178.5
12723,Express,Gudur,Chennai,198.3,62.0,14.3,12.5,0.494,Clear,9,2,217.3
12951,Rajdhani,Ratlam,Kota,189.5,62.4,29.3,7.3,0.105,Clear,7,5,190.4
12627,Express,Nellore,Vijayawada,153.3,49.2,32.1,5.0,0.201,Clear,3,4,209.6
12627,Express,Nellore,Vijayawada,221.7,67.1,-5.0,0.0,0.272,Clear,3,2,186.3
12627,Express,Gudur,Nellore,70.3,57.3,7.7,6.6,0.413,Clear,2,6,87.2
12860,Express,Wadi,Secunderabad,146.1,54.5,7.2,30.0,0.438,Clear,9,3,198.2
12259,Duronto,DDU,New Delhi,208.5,59.9,-5.0,14.5,0.514,Clear,9,6,229.4
12860,Express,Pune,Solapur,148.2,44.4,-5.0,17.4,0.535,Clear,3,4,204.6
12951,Rajdhani,Vadodara,Ratlam,173.1,67.0,-2.7,0.0,0.366,Clear,5,5,183.2
12860,Express,Solapur,Kalaburagi,192.4,73.4,-5.0,3.7,0.064,Clear,5,3,157.6
12951,Rajdhani,Kota,New Delhi,204.2,69.0,16.3,2.0,0.217,Fog,11,0,215.7
12259,Duronto,Gaya,DDU,215.3,79.4,3.7,11.6,0.299,Heavy Rain,7,3,183.7
12301,Rajdhani,New Delhi,Kanpur,144.4,65.0,23.4,18.1,0.354,Fog,23,4,182.7
12860,Express,Wadi,Secunderabad,193.4,74.4,20.4,15.0,0.493,Clear,10,4,187.6
12259,Duronto,Sealdah,Asansol,185.4,71.3,22.7,6.8,0.09,Clear,23,1,167.0
12259,Duronto,Dhanbad,Gaya,134.5,59.7,23.7,3.3,0.11,Clear,4,2,151.2
12860,Express,Solapur,Kalaburagi,194.8,72.2,33.6,3.7,0.164,Heavy Rain,6,0,174.2
12627,Express,Chennai,Gudur,162.3,70.8,8.4,26.8,0.309,Clear,22,3,163.5
12259,Duronto,Sealdah,Asansol,188.6,67.2,4.6,3.5,0.612,Clear,0,2,166.2
12301,Rajdhani,Prayagraj,DDU,179.9,64.7,20.7,2.7,0.235,Clear,5,6,172.7
12951,Rajdhani,Surat,Vadodara,182.9,87.2,-5.0,4.3,0.058,Rain,2,3,131.7
12860,Express,Kalaburagi,Wadi,71.3,54.9,28.4,9.3,0.02,Clear,9,5,99.5
12627,Express,Chennai,Gudur,165.9,61.7,26.3,10.7,0.545,Heavy Rain,0,4,190.0
12301,Rajdhani,Kanpur,Prayagraj,184.0,71.7,11.2,14.5,0.127,Fog,3,5,177.4
12723,Express,Warangal,Vijayawada,197.6,58.4,35.3,10.4,0.039,Clear,3,0,222.5
12723,Express,Gudur,Chennai,238.7,67.3,5.8,18.0,0.506,Clear,10,1,216.5
12860,Express,Kalaburagi,Wadi,66.1,54.2,9.1,15.6,0.653,Clear,9,1,112.4
12723,Express,Kazipet,Warangal,40.0,74.2,26.4,0.0,0.307,Rain,1,0,63.0
12723,Express,Vijayawada,Gudur,192.7,65.4,-3.0,4.2,0.649,Clear,6,5,207.2
12259,Duronto,Sealdah,Asansol,197.9,71.4,-3.9,15.5,0.098,Rain,23,4,156.1
12951,Rajdhani,Kota,New Delhi,231.0,74.6,20.1,2.2,0.076,Rain,10,2,222.4
12860,Express,Solapur,Kalaburagi,155.1,68.9,12.7,19.7,0.13,Fog,6,3,164.8
12723,Express,Hyderabad,Kazipet,140.1,59.2,1.8,30.7,0.347,Clear,0,2,138.5
12259,Duronto,Gaya,DDU,180.6,69.4,9.9,0.0,0.287,Clear,6,1,165.7
12860,Express,Pune,Solapur,159.5,60.8,30.1,14.7,0.162,Clear,3,4,198.1
12860,Express,Pune,Solapur,153.1,49.1,13.8,3.5,0.194,Clear,3,1,204.9
12259,Duronto,Dhanbad,Gaya,175.1,66.7,22.8,4.6,0.109,Rain,4,2,162.3
12301,Rajdhani,DDU,Gaya,177.7,77.4,28.8,19.2,0.166,Clear,7,0,150.5
12627,Express,Vijayawada,Warangal,152.3,48.6,7.6,18.2,0.197,Clear,7,1,207.5
12627,Express,Nellore,Vijayawada,157.9,50.2,12.5,15.2,0.119,Rain,3,5,210.8
12259,Duronto,Gaya,DDU,195.1,75.5,-4.6,3.0,0.342,Clear,6,6,169.5
12627,Express,Gudur,Nellore,40.0,39.5,6.8,1.7,0.568,Fog,3,2,99.4
12259,Duronto,Dhanbad,Gaya,189.5,80.2,22.8,14.5,0.251,Clear,4,6,166.5
12723,Express,Gudur,Chennai,247.3,68.7,21.5,4.2,0.259,Clear,9,0,211.4
12259,Duronto,DDU,New Delhi,219.7,74.6,20.9,1.7,0.533,Rain,9,1,224.5
12259,Duronto,DDU,New Delhi,224.2,60.8,15.7,7.0,0.096,Clear,9,4,214.5
12951,Rajdhani,Vadodara,Ratlam,207.3,64.9,7.3,0.0,0.549,Rain,5,4,192.7
12627,Express,Gudur,Nellore,90.9,73.4,15.5,16.0,0.479,Clear,2,2,76.5
12259,Duronto,Sealdah,Asansol,185.3,73.6,7.6,2.3,0.409,Heavy Rain,0,3,166.7
12301,Rajdhani,DDU,Gaya,156.2,66.8,22.7,12.3,0.256,Heavy Rain,8,0,159.2
12627,Express,Vijayawada,Warangal,201.0,65.4,11.3,6.2,0.362,Clear,5,0,185.5
12951,Rajdhani,Mumbai,Surat,246.0,71.5,15.3,5.5,0.37,Fog,23,5,192.6
12860,Express,Mumbai,Pune,211.0,61.0,23.1,0.0,0.602,Clear,23,1,211.6
12627,Express,Nellore,Vijayawada,178.1,61.0,-4.5,7.7,0.15,Clear,2,1,180.4
12723,Express,Vijayawada,Gudur,197.6,64.9,-3.1,0.0,0.2,Heavy Rain,5,4,195.3
12627,Express,Vijayawada,Warangal,199.3,69.6,1.9,8.9,0.168,Clear,5,4,189.3
12301,Rajdhani,Kanpur,Prayagraj,192.1,77.4,19.3,9.3,0.204,Fog,3,4,178.8
12860,Express,Solapur,Kalaburagi,145.5,60.4,7.1,25.5,0.409,Clear,5,2,166.4
12723,Express,Vijayawada,Gudur,164.2,56.4,8.8,12.6,0.118,Heavy Rain,5,6,223.6
12951,Rajdhani,Kota,New Delhi,190.3,66.0,-0.3,4.2,0.04,Rain,10,1,202.2
12860,Express,Solapur,Kalaburagi,142.2,62.6,8.3,0.0,0.112,Clear,6,6,151.5
12860,Express,Pune,Solapur,139.8,51.0,16.5,6.0,0.5,Rain,3,0,211.5
12860,Express,Kalaburagi,Wadi,90.1,60.6,2.6,13.0,0.308,Fog,8,0,99.4
12301,Rajdhani,Prayagraj,DDU,214.4,72.1,12.9,9.4,0.473,Heavy Rain,5,1,202.4
12627,Express,Chennai,Gudur,126.8,59.4,9.3,0.0,0.052,Fog,0,2,161.4
12723,Express,Gudur,Chennai,204.7,61.1,-3.4,4.9,0.387,Clear,9,5,217.2
12723,Express,Warangal,Vijayawada,218.3,64.7,14.3,0.0,0.502,Heavy Rain,2,5,216.1
12723,Express,Kazipet,Warangal,40.0,63.8,23.8,14.4,0.22,Clear,2,0,54.6
12951,Rajdhani,Ratlam,Kota,219.5,66.9,18.3,11.0,0.122,Rain,7,0,205.9
12951,Rajdhani,Kota,New Delhi,262.4,74.2,3.6,14.7,0.27,Clear,11,1,213.9
12951,Rajdhani,Vadodara,Ratlam,179.2,71.0,0.4,16.7,0.117,Clear,5,5,181.8
12951,Rajdhani,Surat,Vadodara,117.1,68.5,16.5,0.0,0.388,Clear,2,1,138.7
12723,Express,Kazipet,Warangal,40.0,69.4,8.2,12.8,0.338,Rain,1,6,66.0
12259,Duronto,Gaya,DDU,244.8,79.6,7.3,19.0,0.36,Clear,6,3,184.6
12723,Express,Warangal,Vijayawada,168.0,49.6,23.3,25.8,0.428,Clear,2,3,226.7
12723,Express,Kazipet,Warangal,40.0,58.6,20.7,7.8,0.086,Fog,2,5,69.8
12951,Rajdhani,Vadodara,Ratlam,252.4,90.6,15.1,24.7,0.162,Heavy Rain,5,4,190.0
12259,Duronto,Gaya,DDU,145.4,61.6,14.9,5.3,0.161,Clear,6,3,179.3
12301,Rajdhani,Kanpur,Prayagraj,170.2,72.3,3.3,12.0,0.147,Clear,2,0,164.2
12627,Express,Nellore,Vijayawada,185.2,68.2,-3.4,0.0,0.131,Rain,3,3,186.4
12627,Express,Warangal,Secunderabad,218.2,68.4,13.8,7.0,0.237,Heavy Rain,9,4,205.4
12627,Express,Warangal,Secunderabad,206.7,64.1,17.5,28.9,0.171,Rain,9,1,200.9
12723,Express,Gudur,Chennai,184.8,61.2,-1.4,9.7,0.065,Rain,9,5,207.7
12627,Express,Vijayawada,Warangal,209.2,62.9,7.6,21.0,0.138,Rain,6,2,189.9
12259,Duronto,Dhanbad,Gaya,206.5,80.3,-1.7,0.0,0.463,Clear,4,4,147.2
12301,Rajdhani,Gaya,Howrah,235.7,76.3,6.4,3.1,0.029,Clear,10,2,177.3
12951,Rajdhani,Mumbai,Surat,205.5,66.0,12.5,7.6,0.054,Clear,0,0,181.2
12860,Express,Solapur,Kalaburagi,148.9,67.2,29.1,6.0,0.065,Clear,6,0,159.8
12301,Rajdhani,Prayagraj,DDU,166.5,62.9,1.9,7.9,0.265,Clear,5,4,172.5
12627,Express,Vijayawada,Warangal,213.9,65.1,10.3,22.6,0.263,Clear,7,3,199.8
12627,Express,Chennai,Gudur,139.9,62.7,18.1,8.1,0.076,Clear,23,6,149.2
12259,Duronto,Sealdah,Asansol,203.1,87.3,12.5,0.0,0.065,Rain,23,0,155.2
12860,Express,Kalaburagi,Wadi,63.1,50.7,11.8,0.0,0.364,Clear,7,0,104.6
12259,Duronto,Sealdah,Asansol,160.3,59.9,30.3,11.5,0.488,Rain,23,5,175.3
12723,Express,Hyderabad,Kazipet,139.7,59.6,12.3,8.0,0.043,Clear,23,2,146.1
12259,Duronto,Asansol,Dhanbad,131.1,72.6,27.4,18.8,0.462,Fog,3,4,130.0
12723,Express,Hyderabad,Kazipet,101.2,51.5,15.9,0.0,0.14,Rain,23,6,156.8
12723,Express,Vijayawada,Gudur,228.6,78.2,25.9,10.7,0.306,Clear,6,0,214.9
12723,Express,Gudur,Chennai,235.2,68.9,9.6,18.6,0.741,Rain,9,6,222.9
12723,Express,Kazipet,Warangal,40.0,63.2,14.2,22.2,0.468,Clear,1,4,52.5
12951,Rajdhani,Ratlam,Kota,236.2,70.6,15.0,15.6,0.411,Fog,7,1,206.0
12301,Rajdhani,New Delhi,Kanpur,213.2,71.8,23.3,23.9,0.321,Rain,0,1,184.1
12627,Express,Chennai,Gudur,168.7,65.7,13.1,11.0,0.073,Clear,0,6,156.9
12301,Rajdhani,New Delhi,Kanpur,192.6,68.7,21.7,15.1,0.321,Clear,0,1,165.5
12951,Rajdhani,Surat,Vadodara,104.7,61.2,4.9,0.0,0.648,Clear,2,1,136.3
12627,Express,Vijayawada,Warangal,221.4,70.4,24.3,18.4,0.178,Clear,6,1,195.9
12301,Rajdhani,Gaya,Howrah,124.7,51.1,24.6,5.8,0.262,Clear,10,1,195.7
12627,Express,Chennai,Gudur,156.1,57.7,6.6,13.2,0.25,Rain,0,6,157.9
12259,Duronto,Asansol,Dhanbad,98.0,59.1,26.3,6.3,0.138,Clear,3,3,105.8
12860,Express,Wadi,Secunderabad,149.0,54.1,17.8,0.0,0.446,Clear,9,5,193.6
12723,Express,Vijayawada,Gudur,192.1,55.7,23.0,24.0,0.224,Heavy Rain,6,4,234.8
12627,Express,Warangal,Secunderabad,171.3,52.2,16.7,22.0,0.163,Rain,9,5,213.3
12860,Express,Solapur,Kalaburagi,129.0,57.1,-4.8,10.7,0.179,Clear,5,2,170.8
12860,Express,Solapur,Kalaburagi,202.8,85.0,0.2,14.8,0.143,Clear,5,0,162.2
12951,Rajdhani,Surat,Vadodara,130.9,68.0,23.1,3.2,0.742,Fog,2,0,152.8
12723,Express,Kazipet,Warangal,40.0,60.7,14.9,3.3,0.067,Heavy Rain,2,6,52.1
12723,Express,Hyderabad,Kazipet,148.5,60.3,5.5,18.5,0.464,Clear,23,3,149.2
12627,Express,Chennai,Gudur,153.4,68.3,14.3,0.0,0.639,Rain,0,3,165.4
12860,Express,Mumbai,Pune,217.0,62.3,-3.2,17.2,0.15,Clear,23,0,201.2
12627,Express,Nellore,Vijayawada,130.4,49.3,3.9,2.6,0.222,Fog,3,5,213.6
12627,Express,Gudur,Nellore,73.8,65.6,18.4,15.5,0.102,Rain,2,1,89.0
12301,Rajdhani,DDU,Gaya,184.8,81.8,0.8,13.5,0.322,Rain,7,3,145.9
12723,Express,Warangal,Vijayawada,187.7,50.9,15.1,4.5,0.071,Clear,2,6,208.4
12301,Rajdhani,DDU,Gaya,129.7,64.9,19.7,11.2,0.235,Clear,7,3,150.5
12301,Rajdhani,DDU,Gaya,161.0,64.7,4.1,20.8,0.141,Clear,8,1,142.5
12259,Duronto,Sealdah,Asansol,183.3,63.9,20.2,8.4,0.072,Clear,0,4,167.0
12723,Express,Gudur,Chennai,227.4,62.2,6.0,6.8,0.181,Clear,8,2,221.0
12951,Rajdhani,Ratlam,Kota,191.0,62.5,-5.0,0.1,0.481,Clear,7,6,197.0
12723,Express,Kazipet,Warangal,40.0,64.7,23.5,8.3,0.256,Heavy Rain,2,1,56.2
12860,Express,Wadi,Secunderabad,179.4,62.6,-2.5,15.3,0.323,Clear,10,5,169.5
12723,Express,Gudur,Chennai,219.9,66.3,4.8,11.9,0.102,Clear,9,5,199.6
12860,Express,Solapur,Kalaburagi,120.2,52.4,6.7,17.5,0.486,Rain,6,2,178.0
12259,Duronto,Gaya,DDU,168.0,63.1,35.7,9.6,0.314,Rain,6,3,186.1
12301,Rajdhani,Kanpur,Prayagraj,231.6,76.8,20.2,18.5,0.077,Clear,3,3,170.4
12951,Rajdhani,Kota,New Delhi,253.1,74.0,5.7,8.2,0.482,Fog,10,4,226.1
12951,Rajdhani,Surat,Vadodara,116.7,68.0,20.6,8.8,0.19,Clear,3,3,137.2
12627,Express,Gudur,Nellore,54.3,49.2,13.8,12.9,0.251,Clear,1,5,92.2
12951,Rajdhani,Mumbai,Surat,206.6,68.2,6.7,5.4,0.477,Clear,0,3,189.4
12860,Express,Kalaburagi,Wadi,70.6,56.4,5.1,8.1,0.16,Rain,8,1,97.3
12259,Duronto,Asansol,Dhanbad,84.5,62.2,17.7,12.8,0.249,Fog,2,6,129.9
12301,Rajdhani,DDU,Gaya,146.8,68.0,24.2,11.3,0.482,Clear,8,4,162.8
12301,Rajdhani,Prayagraj,DDU,169.2,56.4,11.7,17.8,0.161,Fog,5,0,188.5
12723,Express,Hyderabad,Kazipet,176.0,71.3,-5.0,5.9,0.345,Clear,23,4,140.0
12301,Rajdhani,DDU,Gaya,167.4,70.0,12.3,2.0,0.283,Clear,7,2,141.2
12860,Express,Mumbai,Pune,266.8,74.9,18.0,19.2,0.349,Clear,0,2,206.1
12860,Express,Mumbai,Pune,220.3,76.4,17.5,13.5,0.038,Clear,23,5,193.3
12259,Duronto,DDU,New Delhi,208.7,68.8,11.1,0.7,0.267,Rain,9,2,214.3
12723,Express,Gudur,Chennai,204.0,54.6,6.6,0.0,0.105,Clear,9,5,207.4
12951,Rajdhani,Kota,New Delhi,291.2,81.8,33.4,24.3,0.121,Heavy Rain,11,4,231.9
12301,Rajdhani,Gaya,Howrah,160.2,60.4,5.9,0.0,0.417,Rain,9,2,184.8
12627,Express,Vijayawada,Warangal,217.5,64.1,12.6,3.2,0.357,Clear,6,6,189.9
12627,Express,Nellore,Vijayawada,192.2,56.1,9.0,9.2,0.283,Clear,3,6,192.5
12723,Express,Gudur,Chennai,223.3,70.8,19.8,8.3,0.345,Clear,9,1,213.5
12860,Express,Pune,Solapur,146.8,53.2,-4.6,29.5,0.169,Clear,3,5,199.3
12301,Rajdhani,New Delhi,Kanpur,171.7,72.5,21.8,7.9,0.027,Rain,0,5,176.8
12723,Express,Hyderabad,Kazipet,119.7,62.0,7.8,0.7,0.377,Clear,23,6,141.1
12259,Duronto,Dhanbad,Gaya,163.5,70.6,-0.3,16.7,0.033,Clear,3,4,147.7
12259,Duronto,Asansol,Dhanbad,130.4,72.0,12.3,32.8,0.065,Fog,2,5,118.9
12301,Rajdhani,DDU,Gaya,167.8,69.2,6.5,4.3,0.281,Rain,8,2,152.0
12627,Express,Gudur,Nellore,75.5,62.8,15.9,7.5,0.325,Heavy Rain,1,0,96.0
12301,Rajdhani,Gaya,Howrah,165.2,65.6,17.0,22.4,0.284,Fog,10,2,183.2
12723,Express,Warangal,Vijayawada,208.8,58.2,-3.7,13.4,0.031,Heavy Rain,2,5,210.1
12951,Rajdhani,Surat,Vadodara,136.6,61.5,38.5,5.8,0.299,Clear,2,3,136.3
12627,Express,Nellore,Vijayawada,144.6,54.5,13.6,0.0,0.209,Rain,3,5,203.6
12301,Rajdhani,New Delhi,Kanpur,165.7,72.6,12.7,1.1,0.363,Clear,0,3,166.5
12627,Express,Nellore,Vijayawada,167.0,58.0,19.2,16.6,0.037,Clear,3,3,199.1
12259,Duronto,Sealdah,Asansol,133.4,56.1,3.1,11.0,0.635,Clear,0,1,181.5
12259,Duronto,Gaya,DDU,198.7,62.9,27.6,1.3,0.026,Heavy Rain,6,1,197.6
12951,Rajdhani,Ratlam,Kota,146.3,56.9,40.7,0.0,0.322,Fog,7,0,218.1
12301,Rajdhani,Gaya,Howrah,209.9,67.1,24.6,0.0,0.164,Clear,10,6,181.8
12627,Express,Warangal,Secunderabad,146.9,45.7,6.5,5.1,0.154,Rain,8,0,208.2
12301,Rajdhani,DDU,Gaya,139.4,64.2,-3.9,20.3,0.208,Fog,7,0,151.6
12951,Rajdhani,Kota,New Delhi,263.5,81.0,5.2,14.5,0.4,Clear,10,4,214.9
12301,Rajdhani,DDU,Gaya,136.6,70.3,6.0,0.4,0.156,Clear,6,5,138.5
12259,Duronto,Dhanbad,Gaya,169.4,67.8,26.4,22.1,0.138,Rain,3,2,168.3
12259,Duronto,Sealdah,Asansol,169.3,71.2,-5.0,8.7,0.341,Rain,0,6,164.5
12627,Express,Gudur,Nellore,77.6,63.4,8.3,13.5,0.399,Clear,1,6,79.3
12259,Duronto,Gaya,DDU,219.0,76.7,9.4,17.4,0.35,Clear,7,2,177.6
12301,Rajdhani,New Delhi,Kanpur,188.1,81.7,2.2,21.9,0.294,Clear,0,6,169.1
12951,Rajdhani,Kota,New Delhi,223.5,61.0,15.5,21.4,0.226,Fog,10,3,227.7
12723,Express,Kazipet,Warangal,40.3,61.0,27.6,13.0,0.266,Clear,2,5,69.4
12951,Rajdhani,Surat,Vadodara,105.9,57.2,-5.0,9.9,0.245,Clear,2,2,134.6
12860,Express,Wadi,Secunderabad,118.6,48.3,-3.0,4.7,0.304,Rain,9,1,193.4
12301,Rajdhani,Gaya,Howrah,157.8,56.1,17.5,3.0,0.189,Fog,10,0,194.5
12259,Duronto,DDU,New Delhi,242.3,79.1,25.3,8.7,0.117,Clear,9,2,219.1
12627,Express,Gudur,Nellore,53.3,52.5,39.2,5.5,0.231,Clear,2,3,94.5
12723,Express,Gudur,Chennai,177.1,52.8,6.7,24.4,0.402,Rain,9,6,226.7
12951,Rajdhani,Surat,Vadodara,127.8,72.0,28.9,20.6,0.391,Heavy Rain,2,6,163.3
12951,Rajdhani,Vadodara,Ratlam,210.8,69.8,15.5,21.4,0.286,Clear,5,6,187.5
12860,Express,Pune,Solapur,227.6,71.4,19.8,5.9,0.256,Rain,2,5,208.1
12301,Rajdhani,Gaya,Howrah,205.3,77.0,15.3,1.6,0.123,Clear,10,2,178.2
12259,Duronto,Gaya,DDU,155.5,62.7,13.2,13.0,0.398,Fog,6,1,193.9
12860,Express,Kalaburagi,Wadi,62.1,53.4,8.6,5.4,0.431,Clear,8,6,106.6
12951,Rajdhani,Kota,New Delhi,189.2,65.4,10.2,0.0,0.37,Clear,10,6,203.3
12627,Express,Warangal,Secunderabad,170.2,49.7,16.4,7.2,0.128,Clear,9,5,202.8
12301,Rajdhani,Kanpur,Prayagraj,197.8,71.2,13.4,3.9,0.24,Clear,3,6,166.7
12860,Express,Mumbai,Pune,204.1,57.5,3.1,19.2,0.413,Clear,23,1,213.9
12301,Rajdhani,Kanpur,Prayagraj,150.3,58.3,19.9,6.4,0.506,Clear,2,5,187.1
12860,Express,Pune,Solapur,148.1,52.8,17.2,11.0,0.499,Rain,3,2,218.0
12627,Express,Nellore,Vijayawada,194.2,62.9,-2.4,15.1,0.238,Heavy Rain,3,1,198.4
12723,Express,Gudur,Chennai,166.2,49.5,29.8,14.0,0.208,Clear,8,0,222.5
12259,Duronto,Gaya,DDU,169.6,71.1,5.1,13.8,0.416,Clear,7,4,178.2
12259,Duronto,Sealdah,Asansol,151.8,69.6,-0.9,13.1,0.418,Clear,23,0,161.0
12301,Rajdhani,Gaya,Howrah,256.2,94.9,2.0,0.0,0.145,Clear,9,3,184.0
12301,Rajdhani,DDU,Gaya,188.7,81.2,9.3,0.0,0.663,Rain,6,5,167.5
12259,Duronto,Dhanbad,Gaya,173.6,63.9,3.7,16.5,0.318,Clear,3,4,152.2
12627,Express,Chennai,Gudur,165.2,67.5,0.2,13.1,0.564,Clear,23,3,153.9
12860,Express,Wadi,Secunderabad,145.4,53.5,9.9,15.1,0.438,Clear,9,5,182.7
12259,Duronto,Asansol,Dhanbad,116.0,71.8,7.3,19.8,0.398,Clear,2,4,104.7
12723,Express,Kazipet,Warangal,40.0,63.9,3.4,11.2,0.411,Clear,1,4,44.3
12723,Express,Kazipet,Warangal,40.0,51.7,29.4,12.2,0.159,Rain,3,0,71.5
12627,Express,Warangal,Secunderabad,161.1,58.2,35.3,12.5,0.269,Clear,8,4,210.6
12951,Rajdhani,Surat,Vadodara,131.2,58.3,18.5,20.0,0.164,Rain,3,1,156.2
12951,Rajdhani,Vadodara,Ratlam,163.8,63.7,6.9,9.3,0.481,Clear,4,3,183.4
12723,Express,Kazipet,Warangal,40.0,62.9,-3.2,25.6,0.056,Clear,2,6,47.4
12951,Rajdhani,Mumbai,Surat,208.3,67.3,31.9,5.6,0.016,Rain,23,6,200.9
12301,Rajdhani,Kanpur,Prayagraj,174.7,57.2,3.8,26.3,0.263,Heavy Rain,2,1,192.9
12627,Express,Vijayawada,Warangal,178.7,54.4,24.4,24.7,0.158,Clear,6,0,204.8
12627,Express,Warangal,Secunderabad,192.6,68.0,19.2,23.5,0.326,Clear,9,6,196.0
12723,Express,Vijayawada,Gudur,208.8,59.5,0.5,12.7,0.111,Clear,6,1,201.0
12627,Express,Warangal,Secunderabad,215.3,82.1,0.6,5.3,0.38,Clear,9,1,192.3
12259,Duronto,Gaya,DDU,243.9,81.7,-3.8,6.7,0.08,Clear,7,1,159.9
12860,Express,Solapur,Kalaburagi,158.6,57.4,9.0,10.3,0.378,Clear,6,1,173.9
12860,Express,Pune,Solapur,172.8,61.9,3.8,8.2,0.286,Clear,4,0,194.6
12627,Express,Chennai,Gudur,120.6,48.1,26.7,9.2,0.137,Clear,23,0,171.8
12301,Rajdhani,Kanpur,Prayagraj,194.3,74.6,15.6,13.0,0.377,Rain,3,1,182.8
12259,Duronto,Dhanbad,Gaya,158.4,64.2,34.4,2.9,0.619,Rain,3,0,163.2
12951,Rajdhani,Vadodara,Ratlam,165.0,54.7,27.1,10.0,0.544,Clear,5,6,203.7
12627,Express,Vijayawada,Warangal,170.9,64.5,-5.0,0.0,0.501,Clear,6,3,186.2
12259,Duronto,Asansol,Dhanbad,112.3,69.8,13.7,20.7,0.155,Rain,2,5,116.7
12259,Duronto,Gaya,DDU,147.5,57.9,24.0,12.3,0.058,Rain,5,2,193.7
12860,Express,Kalaburagi,Wadi,85.3,65.7,12.4,12.0,0.537,Rain,8,6,101.7
12951,Rajdhani,Vadodara,Ratlam,182.8,69.1,23.6,8.7,0.741,Rain,5,5,197.4
12951,Rajdhani,Vadodara,Ratlam,216.4,71.5,36.3,9.9,0.531,Rain,4,3,199.7
12723,Express,Warangal,Vijayawada,169.8,57.5,0.7,7.4,0.307,Clear,3,4,206.8
12259,Duronto,Dhanbad,Gaya,185.8,70.6,3.9,28.9,0.046,Clear,3,6,158.9
12259,Duronto,DDU,New Delhi,242.8,68.2,20.6,16.0,0.383,Clear,9,3,217.9
12301,Rajdhani,Prayagraj,DDU,249.8,83.2,26.8,30.7,0.386,Clear,5,4,193.8
12259,Duronto,Dhanbad,Gaya,131.0,62.0,13.9,6.6,0.172,Clear,3,0,167.0
12627,Express,Gudur,Nellore,70.1,64.8,16.8,17.9,0.127,Clear,3,4,68.4
12860,Express,Kalaburagi,Wadi,94.9,68.4,16.4,8.9,0.624,Fog,8,0,106.5
12259,Duronto,Gaya,DDU,129.8,55.1,4.1,10.0,0.103,Rain,6,4,170.0
12723,Express,Kazipet,Warangal,40.0,53.3,19.2,11.9,0.232,Fog,2,3,70.1
12723,Express,Warangal,Vijayawada,173.8,56.7,32.2,6.8,0.174,Clear,2,3,208.0
12723,Express,Gudur,Chennai,228.1,61.2,40.2,1.0,0.377,Clear,10,0,222.5
12259,Duronto,Sealdah,Asansol,161.4,68.6,11.5,15.9,0.637,Rain,23,6,173.8
12951,Rajdhani,Mumbai,Surat,213.9,74.8,16.4,11.8,0.188,Fog,0,5,210.2
12723,Express,Hyderabad,Kazipet,145.1,61.5,28.8,17.6,0.3,Clear,0,0,147.0
12723,Express,Vijayawada,Gudur,164.4,49.1,33.6,3.4,0.043,Clear,6,1,228.2
12723,Express,Hyderabad,Kazipet,127.1,58.2,11.3,12.0,0.206,Clear,0,0,147.3
12259,Duronto,Gaya,DDU,180.5,67.7,34.0,9.5,0.113,Clear,5,0,197.7
12259,Duronto,Gaya,DDU,200.0,76.3,8.8,23.2,0.285,Fog,6,5,182.4
12951,Rajdhani,Mumbai,Surat,236.6,70.2,0.3,15.9,0.328,Clear,23,4,185.8
12301,Rajdhani,DDU,Gaya,172.8,73.1,16.6,0.0,0.569,Clear,7,0,142.2
12860,Express,Solapur,Kalaburagi,140.5,51.6,14.8,13.9,0.082,Fog,5,3,190.7
12259,Duronto,Asansol,Dhanbad,144.3,79.9,11.0,16.4,0.646,Clear,1,5,119.0
12860,Express,Solapur,Kalaburagi,163.0,66.8,4.1,0.0,0.13,Heavy Rain,5,6,176.4
12860,Express,Pune,Solapur,137.6,44.7,-2.8,10.5,0.098,Clear,3,6,203.8
12951,Rajdhani,Kota,New Delhi,239.3,75.7,-1.4,12.3,0.189,Clear,11,0,196.8
12627,Express,Nellore,Vijayawada,126.7,44.3,31.5,8.8,0.061,Clear,3,2,211.7
12301,Rajdhani,Kanpur,Prayagraj,171.7,71.8,32.7,2.7,0.172,Clear,1,4,177.9
12951,Rajdhani,Vadodara,Ratlam,215.9,85.8,28.2,17.8,0.715,Clear,4,3,199.3
12860,Express,Solapur,Kalaburagi,135.2,56.9,20.5,6.5,0.434,Clear,6,3,171.9
12951,Rajdhani,Ratlam,Kota,190.1,72.2,14.3,11.7,0.14,Clear,7,2,196.8
12723,Express,Hyderabad,Kazipet,149.1,73.0,25.1,4.4,0.201,Clear,0,3,149.0
12627,Express,Chennai,Gudur,130.9,53.2,-5.0,10.2,0.412,Clear,23,2,160.1
12259,Duronto,Asansol,Dhanbad,109.0,61.5,15.6,7.7,0.13,Clear,2,0,96.7
12259,Duronto,Sealdah,Asansol,208.7,75.1,23.0,24.5,0.101,Rain,23,4,165.3
12301,Rajdhani,DDU,Gaya,167.0,68.2,11.6,5.7,0.149,Clear,8,1,157.3
12627,Express,Warangal,Secunderabad,124.0,42.1,11.9,7.1,0.083,Rain,9,4,216.6
12951,Rajdhani,Vadodara,Ratlam,222.7,80.2,10.1,10.9,0.416,Clear,4,6,188.6
12951,Rajdhani,Ratlam,Kota,253.1,77.1,29.0,11.7,0.184,Clear,7,6,186.7
12259,Duronto,Dhanbad,Gaya,158.3,73.3,-5.0,0.0,0.073,Clear,3,6,139.7
12301,Rajdhani,New Delhi,Kanpur,166.9,65.7,-5.0,10.9,0.245,Heavy Rain,0,3,169.0
12259,Duronto,Dhanbad,Gaya,149.3,57.1,10.8,15.1,0.257,Clear,5,1,162.7
12301,Rajdhani,New Delhi,Kanpur,192.5,69.2,1.7,6.9,0.268,Clear,22,2,165.5
12301,Rajdhani,New Delhi,Kanpur,216.3,83.0,16.4,26.1,0.431,Clear,23,6,169.0
12627,Express,Vijayawada,Warangal,177.6,59.5,24.1,5.1,0.228,Clear,6,5,200.1
12860,Express,Wadi,Secunderabad,184.2,65.2,18.0,10.3,0.48,Clear,9,2,181.0
12259,Duronto,Dhanbad,Gaya,187.3,69.7,0.6,11.4,0.627,Rain,4,5,150.2
12627,Express,Chennai,Gudur,125.9,52.2,10.5,15.0,0.116,Clear,0,1,164.1
12723,Express,Warangal,Vijayawada,141.6,48.5,-3.2,0.0,0.225,Rain,3,4,211.0
12860,Express,Kalaburagi,Wadi,86.1,56.7,11.8,22.8,0.128,Heavy Rain,9,5,110.5
12627,Express,Warangal,Secunderabad,165.3,57.2,12.0,12.1,0.837,Clear,9,4,211.2
12259,Duronto,Sealdah,Asansol,156.7,69.4,17.8,6.5,0.109,Clear,23,1,159.2
12627,Express,Gudur,Nellore,69.7,63.9,13.9,17.5,0.147,Clear,2,6,78.0
12860,Express,Wadi,Secunderabad,124.1,54.1,3.4,0.0,0.436,Heavy Rain,10,3,184.8
12951,Rajdhani,Kota,New Delhi,282.1,76.3,30.2,21.7,0.504,Clear,11,1,227.5
12951,Rajdhani,Vadodara,Ratlam,184.7,71.5,13.3,13.2,0.174,Rain,5,4,191.9
12860,Express,Wadi,Secunderabad,166.9,71.1,-2.9,4.7,0.467,Clear,10,3,158.5
12301,Rajdhani,New Delhi,Kanpur,185.4,65.5,7.2,0.0,0.204,Clear,23,6,154.9
12723,Express,Warangal,Vijayawada,229.9,64.1,-5.0,26.9,0.573,Clear,1,5,217.6
12723,Express,Gudur,Chennai,240.8,69.0,-0.5,0.8,0.176,Clear,9,5,199.0
12951,Rajdhani,Kota,New Delhi,234.3,73.0,11.4,12.3,0.237,Clear,12,2,222.9
12723,Express,Gudur,Chennai,178.0,63.6,6.3,19.8,0.864,Clear,8,6,207.1
12627,Express,Nellore,Vijayawada,202.9,60.1,6.2,8.9,0.581,Clear,3,5,211.4
12627,Express,Nellore,Vijayawada,219.5,64.2,19.5,15.4,0.298,Heavy Rain,3,6,213.5
12627,Express,Gudur,Nellore,65.4,60.9,18.4,8.4,0.214,Clear,2,2,75.9
12301,Rajdhani,Kanpur,Prayagraj,157.8,66.9,21.3,7.9,0.167,Rain,2,1,171.1
12301,Rajdhani,DDU,Gaya,128.0,65.6,23.9,14.4,0.215,Rain,8,4,152.8
12860,Express,Solapur,Kalaburagi,171.7,68.6,26.8,9.6,0.218,Rain,6,3,178.5
12627,Express,Nellore,Vijayawada,221.1,64.9,19.3,3.3,0.451,Clear,2,3,203.2
12951,Rajdhani,Kota,New Delhi,320.6,84.1,6.1,19.3,0.43,Fog,10,2,224.3
12627,Express,Vijayawada,Warangal,153.1,56.0,-2.5,12.4,0.08,Clear,5,3,196.5
12951,Rajdhani,Surat,Vadodara,141.0,66.6,7.6,16.4,0.253,Clear,2,6,129.5
12301,Rajdhani,Kanpur,Prayagraj,174.6,74.4,8.3,14.4,0.077,Rain,2,5,162.8
12723,Express,Vijayawada,Gudur,153.0,50.2,-0.4,9.0,0.376,Clear,5,1,224.8
12723,Express,Vijayawada,Gudur,242.9,71.1,2.0,24.2,0.219,Rain,6,5,206.3
12259,Duronto,Dhanbad,Gaya,157.0,75.9,42.6,10.6,0.182,Clear,4,0,166.9
12860,Express,Wadi,Secunderabad,197.1,74.2,16.2,11.3,0.352,Clear,10,0,180.2
12301,Rajdhani,Gaya,Howrah,194.8,74.4,35.4,9.5,0.131,Fog,9,5,195.0
12951,Rajdhani,Ratlam,Kota,173.5,65.9,12.2,11.9,0.262,Clear,8,5,196.0
12860,Express,Mumbai,Pune,199.4,58.4,22.9,11.2,0.109,Clear,23,3,210.9
12259,Duronto,DDU,New Delhi,201.7,61.5,6.1,3.6,0.118,Clear,9,5,216.6
12301,Rajdhani,Kanpur,Prayagraj,169.5,64.7,19.9,10.6,0.245,Heavy Rain,2,1,193.9
12627,Express,Vijayawada,Warangal,164.7,59.2,1.5,5.1,0.113,Clear,6,0,194.5
12951,Rajdhani,Vadodara,Ratlam,211.9,74.5,1.6,12.0,0.17,Heavy Rain,5,6,193.5
12860,Express,Mumbai,Pune,210.3,59.6,-3.0,19.6,0.035,Clear,0,6,208.1
12259,Duronto,Gaya,DDU,143.4,60.3,13.8,6.9,0.408,Clear,6,3,182.9
12723,Express,Warangal,Vijayawada,172.8,61.2,12.4,9.0,0.057,Clear,2,6,201.1
12627,Express,Warangal,Secunderabad,151.6,58.2,9.8,9.4,0.435,Clear,9,5,207.1
12951,Rajdhani,Surat,Vadodara,100.3,54.6,23.8,6.5,0.369,Clear,3,1,157.5
12951,Rajdhani,Vadodara,Ratlam,238.6,83.5,9.0,13.1,0.425,Clear,4,1,176.4
12259,Duronto,DDU,New Delhi,227.8,75.5,10.6,0.7,0.689,Clear,9,2,213.6
12860,Express,Kalaburagi,Wadi,71.7,62.9,41.4,14.9,0.086,Clear,9,5,106.9
12860,Express,Kalaburagi,Wadi,77.3,65.7,2.2,16.9,0.412,Clear,9,1,89.1
12951,Rajdhani,Surat,Vadodara,129.5,68.6,7.4,6.3,0.245,Fog,3,6,137.2
12951,Rajdhani,Surat,Vadodara,118.1,64.4,47.1,0.0,0.401,Clear,3,5,146.7
12627,Express,Chennai,Gudur,146.1,53.7,21.6,20.4,0.756,Fog,0,3,197.3
12301,Rajdhani,Kanpur,Prayagraj,194.7,66.1,10.9,14.7,0.433,Clear,3,1,183.9
12627,Express,Vijayawada,Warangal,219.8,67.7,18.3,8.4,0.521,Fog,6,0,196.7
12627,Express,Vijayawada,Warangal,158.4,61.9,17.5,29.9,0.341,Clear,6,0,200.1
12951,Rajdhani,Kota,New Delhi,187.3,52.5,6.6,22.9,0.349,Clear,10,0,228.8
12627,Express,Nellore,Vijayawada,180.2,65.6,6.8,17.5,0.477,Clear,3,6,204.0
12860,Express,Mumbai,Pune,184.7,55.6,11.1,1.9,0.323,Clear,23,3,219.8
12627,Express,Gudur,Nellore,75.4,67.8,8.4,18.2,0.46,Clear,2,6,84.2
12301,Rajdhani,Gaya,Howrah,176.7,73.2,-5.0,0.0,0.339,Clear,10,6,176.5
12951,Rajdhani,Ratlam,Kota,227.3,66.4,17.5,18.6,0.137,Rain,8,6,204.4
12301,Rajdhani,DDU,Gaya,177.8,69.2,11.5,8.5,0.213,Rain,8,3,156.0
12301,Rajdhani,Prayagraj,DDU,192.1,70.6,31.6,20.8,0.177,Rain,5,3,169.8
12627,Express,Nellore,Vijayawada,235.5,70.4,11.6,7.3,0.261,Fog,3,5,210.7
12860,Express,Kalaburagi,Wadi,82.5,61.7,0.2,9.6,0.177,Clear,8,4,93.0
12627,Express,Gudur,Nellore,61.9,64.6,10.3,21.1,0.323,Rain,1,6,79.0
12723,Express,Vijayawada,Gudur,176.9,59.8,30.5,2.5,0.253,Clear,6,4,210.2
12259,Duronto,Gaya,DDU,239.8,78.5,16.0,23.7,0.24,Clear,6,3,184.3
12951,Rajdhani,Vadodara,Ratlam,168.9,63.3,16.3,12.1,0.35,Clear,4,4,193.1
12723,Express,Warangal,Vijayawada,157.7,55.5,-0.4,10.0,0.261,Clear,2,3,216.7
12627,Express,Warangal,Secunderabad,199.0,71.0,41.0,0.0,0.154,Clear,9,2,192.0
12259,Duronto,Sealdah,Asansol,109.8,50.0,6.9,0.0,0.267,Rain,23,2,180.0
12259,Duronto,Gaya,DDU,202.3,67.0,-5.0,10.8,0.76,Clear,6,1,183.4
12860,Express,Wadi,Secunderabad,230.6,76.3,28.9,0.0,0.556,Fog,9,2,182.3
12259,Duronto,DDU,New Delhi,200.0,59.1,13.0,7.6,0.122,Heavy Rain,9,3,226.1
12723,Express,Hyderabad,Kazipet,162.1,69.9,8.6,20.4,0.081,Heavy Rain,23,2,159.0
12723,Express,Hyderabad,Kazipet,138.2,60.6,4.9,0.3,0.338,Rain,23,2,139.4
12259,Duronto,Sealdah,Asansol,156.6,73.4,4.0,4.7,0.101,Clear,23,2,151.2
12301,Rajdhani,New Delhi,Kanpur,160.3,60.0,-5.0,8.0,0.187,Rain,0,6,168.9
12860,Express,Wadi,Secunderabad,135.2,52.2,18.4,8.6,0.284,Heavy Rain,10,5,184.4
12723,Express,Kazipet,Warangal,40.0,68.8,2.4,2.3,0.479,Clear,2,3,57.5
12723,Express,Gudur,Chennai,235.0,69.6,13.7,19.5,0.476,Heavy Rain,8,2,220.6
12723,Express,Warangal,Vijayawada,176.8,58.2,16.1,8.7,0.142,Fog,2,6,216.2
12301,Rajdhani,Kanpur,Prayagraj,159.9,69.4,25.6,3.5,0.345,Clear,2,6,171.5
12627,Express,Warangal,Secunderabad,205.5,62.6,12.5,9.7,0.416,Clear,8,4,188.2
12259,Duronto,Dhanbad,Gaya,202.9,79.1,25.7,7.6,0.634,Rain,3,4,169.8
12259,Duronto,DDU,New Delhi,181.6,58.0,32.8,8.6,0.499,Rain,9,2,229.5
12860,Express,Wadi,Secunderabad,164.4,66.9,-5.0,22.1,0.47,Clear,10,1,177.4
12627,Express,Nellore,Vijayawada,189.4,58.7,16.9,11.4,0.449,Rain,3,5,206.2
12259,Duronto,Sealdah,Asansol,229.6,80.2,28.2,3.6,0.205,Clear,22,3,166.3
12723,Express,Hyderabad,Kazipet,98.8,44.2,20.0,14.7,0.783,Fog,23,4,185.6
12627,Express,Nellore,Vijayawada,233.3,68.2,27.4,25.6,0.534,Fog,3,0,214.9
12723,Express,Kazipet,Warangal,40.0,37.1,22.3,10.4,0.217,Clear,1,0,68.8
12627,Express,Vijayawada,Warangal,210.5,79.3,-0.6,2.7,0.142,Clear,6,2,183.2
12723,Express,Gudur,Chennai,175.9,50.4,-5.0,1.2,0.441,Clear,8,0,205.7
12860,Express,Pune,Solapur,213.4,66.9,15.3,16.3,0.314,Clear,2,3,191.0
12301,Rajdhani,Kanpur,Prayagraj,208.6,70.9,5.7,0.0,0.131,Rain,2,3,167.0
12259,Duronto,Asansol,Dhanbad,112.8,71.7,18.2,14.6,0.145,Clear,3,1,108.8
12860,Express,Pune,Solapur,164.3,58.9,29.9,14.1,0.643,Rain,2,5,212.7
12301,Rajdhani,Prayagraj,DDU,138.4,54.1,9.2,10.1,0.262,Heavy Rain,4,3,196.5
12301,Rajdhani,Kanpur,Prayagraj,144.1,63.1,5.1,14.2,0.19,Clear,2,4,168.3
12627,Express,Nellore,Vijayawada,148.8,54.9,16.9,6.5,0.262,Clear,4,3,210.6
12627,Express,Vijayawada,Warangal,204.9,60.2,1.4,23.6,0.065,Clear,7,6,195.7
12951,Rajdhani,Vadodara,Ratlam,217.7,69.8,12.1,7.1,0.094,Rain,4,0,186.0
12259,Duronto,Asansol,Dhanbad,117.1,70.3,21.6,2.2,0.203,Clear,3,1,103.1
12860,Express,Mumbai,Pune,181.0,66.8,23.4,11.2,0.138,Rain,23,2,200.8
12723,Express,Vijayawada,Gudur,190.3,62.4,-3.7,0.0,0.129,Fog,5,4,205.5
12627,Express,Nellore,Vijayawada,160.6,56.2,-0.8,28.1,0.283,Clear,3,5,211.0
12627,Express,Gudur,Nellore,70.1,69.7,-2.3,4.1,0.369,Clear,2,0,80.2
12301,Rajdhani,DDU,Gaya,151.2,64.6,11.2,0.0,0.521,Clear,7,0,144.9
12723,Express,Vijayawada,Gudur,175.7,57.8,18.3,10.7,0.264,Clear,6,4,211.0
12301,Rajdhani,Prayagraj,DDU,230.9,75.7,28.4,22.9,0.096,Clear,4,6,174.0
12860,Express,Solapur,Kalaburagi,140.3,65.3,-2.3,2.8,0.203,Clear,5,3,152.4
12860,Express,Solapur,Kalaburagi,192.3,71.4,24.2,0.7,0.159,Clear,5,1,157.2
12723,Express,Gudur,Chennai,182.4,63.6,3.2,24.0,0.258,Clear,8,3,210.3
12627,Express,Nellore,Vijayawada,175.0,67.7,6.2,12.0,0.664,Clear,3,3,191.5
12860,Express,Pune,Solapur,211.4,63.8,15.4,11.3,0.132,Clear,3,2,194.5
12951,Rajdhani,Mumbai,Surat,214.3,65.4,23.6,0.0,0.505,Clear,0,5,186.5
12860,Express,Pune,Solapur,159.9,60.6,9.6,18.3,0.434,Rain,2,3,201.2
12951,Rajdhani,Ratlam,Kota,270.8,85.4,28.4,0.4,0.092,Rain,9,2,189.1
12301,Rajdhani,New Delhi,Kanpur,184.1,68.0,23.8,0.0,0.074,Clear,23,0,167.3
12627,Express,Gudur,Nellore,56.4,60.5,21.6,8.1,0.339,Rain,2,4,96.3
12627,Express,Gudur,Nellore,70.4,63.1,27.7,15.3,0.383,Clear,2,0,90.6
12723,Express,Warangal,Vijayawada,168.8,53.0,0.7,13.9,0.323,Clear,2,5,207.7
12951,Rajdhani,Surat,Vadodara,174.8,79.2,17.8,21.1,0.057,Clear,3,5,132.6
12860,Express,Mumbai,Pune,218.5,66.9,-5.0,5.9,0.409,Clear,0,0,209.4
12860,Express,Solapur,Kalaburagi,137.2,51.1,16.8,0.0,0.664,Fog,5,6,183.4
12301,Rajdhani,Kanpur,Prayagraj,168.2,64.6,31.9,24.4,0.565,Rain,2,2,186.3
12259,Duronto,Gaya,DDU,210.3,67.4,7.5,12.3,0.237,Clear,6,2,179.6
12259,Duronto,Asansol,Dhanbad,97.4,66.8,17.5,9.5,0.157,Rain,2,4,104.5
12951,Rajdhani,Surat,Vadodara,145.3,63.5,13.1,0.0,0.386,Clear,4,4,146.8
12627,Express,Chennai,Gudur,149.4,71.4,10.5,5.1,0.456,Fog,0,0,161.1
12723,Express,Kazipet,Warangal,40.0,61.1,0.8,12.8,0.316,Heavy Rain,2,0,61.7
12860,Express,Solapur,Kalaburagi,125.1,44.7,14.3,17.9,0.229,Clear,5,4,190.9
12951,Rajdhani,Vadodara,Ratlam,190.5,64.6,-4.5,12.4,0.141,Rain,3,6,175.7
12259,Duronto,Dhanbad,Gaya,135.5,59.7,-5.0,0.0,0.198,Clear,3,5,148.0
12627,Express,Warangal,Secunderabad,222.5,66.7,32.2,2.5,0.139,Rain,8,4,198.0
12259,Duronto,DDU,New Delhi,222.7,69.6,7.5,3.4,0.112,Rain,8,4,205.3
12627,Express,Vijayawada,Warangal,173.3,57.8,9.4,12.5,0.605,Rain,6,6,207.0
12627,Express,Vijayawada,Warangal,147.3,44.2,15.0,7.5,0.233,Clear,6,0,207.5
12301,Rajdhani,DDU,Gaya,180.7,71.7,-0.1,12.2,0.089,Rain,8,3,147.0
12259,Duronto,DDU,New Delhi,270.7,75.4,-3.1,9.5,0.473,Rain,8,3,228.2
12951,Rajdhani,Vadodara,Ratlam,215.6,69.3,9.9,0.0,0.409,Clear,5,2,174.8
12301,Rajdhani,Kanpur,Prayagraj,189.1,70.1,6.1,0.0,0.253,Clear,2,1,162.4
12951,Rajdhani,Ratlam,Kota,194.2,63.3,26.8,13.2,0.12,Clear,7,2,196.3
12723,Express,Hyderabad,Kazipet,154.9,68.7,-3.5,0.0,0.097,Rain,0,3,132.3
12860,Express,Mumbai,Pune,226.1,63.7,27.7,5.1,0.207,Clear,0,5,204.9
12723,Express,Kazipet,Warangal,46.9,75.8,21.2,10.9,0.327,Clear,1,0,51.3
12723,Express,Kazipet,Warangal,40.0,52.7,9.9,15.1,0.211,Clear,1,1,53.2
12723,Express,Gudur,Chennai,205.6,62.2,37.6,7.0,0.251,Clear,8,4,220.4
12301,Rajdhani,Kanpur,Prayagraj,183.6,72.3,6.8,4.5,0.172,Clear,2,6,163.9
12951,Rajdhani,Surat,Vadodara,118.9,57.2,13.9,25.8,0.12,Clear,3,0,140.5
12627,Express,Warangal,Secunderabad,194.0,65.9,5.2,19.0,0.331,Rain,9,2,194.1
12860,Express,Solapur,Kalaburagi,158.6,62.9,20.6,27.8,0.174,Clear,6,1,162.4
12301,Rajdhani,Kanpur,Prayagraj,216.8,71.0,22.7,8.0,0.085,Clear,3,4,173.0
12301,Rajdhani,Prayagraj,DDU,243.7,85.6,-5.0,14.5,0.234,Rain,5,1,170.3
12951,Rajdhani,Kota,New Delhi,223.7,68.6,-5.0,9.3,0.42,Fog,11,1,219.3
12627,Express,Vijayawada,Warangal,213.6,65.4,22.3,11.9,0.288,Clear,5,4,193.7
12301,Rajdhani,Gaya,Howrah,189.1,62.2,3.0,15.4,0.542,Clear,10,6,192.4
12259,Duronto,Gaya,DDU,237.0,76.6,-5.0,5.9,0.23,Fog,6,3,175.4
12860,Express,Solapur,Kalaburagi,141.8,63.4,6.0,10.3,0.252,Clear,6,0,175.5
12627,Express,Vijayawada,Warangal,151.3,59.2,-2.3,8.7,0.25,Heavy Rain,6,0,207.4
12627,Express,Nellore,Vijayawada,175.8,60.3,31.8,26.7,0.44,Clear,3,3,215.4
12301,Rajdhani,New Delhi,Kanpur,184.9,69.4,6.8,13.4,0.293,Clear,23,0,151.7
12723,Express,Hyderabad,Kazipet,167.2,67.3,12.4,1.2,0.258,Rain,0,6,130.2
12627,Express,Nellore,Vijayawada,182.0,63.1,9.4,4.5,0.241,Rain,4,0,187.9
12723,Express,Gudur,Chennai,184.0,65.2,19.5,17.6,0.311,Fog,9,0,228.2
12301,Rajdhani,Gaya,Howrah,185.5,69.3,28.1,17.2,0.163,Clear,11,1,184.0
12259,Duronto,Asansol,Dhanbad,80.6,51.3,-4.5,29.1,0.158,Clear,2,6,112.6
12301,Rajdhani,Prayagraj,DDU,193.0,75.3,3.8,8.7,0.236,Fog,5,0,174.6
12860,Express,Mumbai,Pune,205.4,66.3,-0.3,12.2,0.661,Clear,0,2,206.3
12627,Express,Warangal,Secunderabad,143.3,56.1,19.4,13.2,0.107,Clear,9,3,211.1
12860,Express,Wadi,Secunderabad,189.6,67.7,-5.0,3.4,0.296,Clear,10,0,162.2
12627,Express,Chennai,Gudur,181.3,67.3,-0.8,7.6,0.385,Rain,23,1,165.6
12723,Express,Hyderabad,Kazipet,128.5,61.0,11.9,5.0,0.208,Clear,0,3,140.6
12259,Duronto,Gaya,DDU,192.9,75.7,-5.0,4.3,0.767,Clear,6,3,176.7
12860,Express,Kalaburagi,Wadi,58.0,48.9,2.5,0.0,0.181,Clear,7,1,93.7
12723,Express,Hyderabad,Kazipet,124.1,63.2,-5.0,5.4,0.358,Clear,0,5,142.8
12951,Rajdhani,Ratlam,Kota,155.3,58.5,3.8,3.1,0.165,Rain,6,1,191.9
12860,Express,Wadi,Secunderabad,125.1,54.7,11.5,6.1,0.421,Clear,9,2,183.3
12951,Rajdhani,Mumbai,Surat,224.2,67.9,13.9,36.0,0.266,Clear,23,1,203.9
12627,Express,Chennai,Gudur,169.0,63.1,1.6,10.8,0.443,Clear,0,5,160.9
12301,Rajdhani,DDU,Gaya,157.5,66.3,0.3,0.5,0.43,Clear,7,0,143.6
12301,Rajdhani,Gaya,Howrah,173.0,69.2,17.3,4.5,0.532,Clear,9,0,192.0
12723,Express,Warangal,Vijayawada,201.3,67.5,35.8,7.2,0.08,Clear,1,3,209.4
12860,Express,Solapur,Kalaburagi,193.0,77.8,0.7,19.1,0.26,Rain,5,3,162.1
12301,Rajdhani,Prayagraj,DDU,206.2,81.3,29.3,11.4,0.159,Rain,5,5,169.1
12951,Rajdhani,Mumbai,Surat,207.9,74.0,37.8,5.3,0.143,Heavy Rain,23,5,198.1
12627,Express,Warangal,Secunderabad,246.1,80.0,19.6,5.8,0.198,Clear,9,4,203.8
12301,Rajdhani,Kanpur,Prayagraj,212.0,79.3,10.4,0.3,0.436,Clear,2,6,162.2
12723,Express,Gudur,Chennai,239.3,67.2,4.2,7.7,0.369,Fog,8,0,214.0
12723,Express,Hyderabad,Kazipet,173.8,72.0,9.1,3.2,0.478,Rain,0,2,146.1
12627,Express,Warangal,Secunderabad,210.4,67.2,4.6,15.4,0.041,Clear,9,2,189.1
12951,Rajdhani,Vadodara,Ratlam,174.7,66.5,12.2,20.0,0.302,Rain,5,4,187.8
12301,Rajdhani,Gaya,Howrah,155.5,58.8,12.7,0.1,0.121,Rain,10,6,182.7
12723,Express,Kazipet,Warangal,40.0,63.7,3.1,7.1,0.317,Clear,1,2,50.0
12723,Express,Hyderabad,Kazipet,120.4,55.6,-5.0,17.8,0.495,Clear,0,3,155.0
12951,Rajdhani,Kota,New Delhi,226.1,60.8,-3.0,0.0,0.191,Clear,10,6,207.6
12951,Rajdhani,Surat,Vadodara,174.8,86.6,-5.0,20.8,0.223,Rain,3,4,138.7
12301,Rajdhani,Kanpur,Prayagraj,164.5,72.1,7.3,0.0,0.504,Clear,2,3,170.7
12301,Rajdhani,Gaya,Howrah,244.2,77.4,5.9,6.0,0.408,Clear,9,0,180.5
12951,Rajdhani,Vadodara,Ratlam,230.6,83.6,-2.3,16.9,0.355,Heavy Rain,5,0,183.6
12301,Rajdhani,New Delhi,Kanpur,180.3,66.0,8.0,21.0,0.353,Clear,0,0,164.2
12627,Express,Gudur,Nellore,72.1,59.3,8.2,0.0,0.092,Rain,2,6,75.6
12723,Express,Warangal,Vijayawada,201.4,59.2,11.4,6.6,0.136,Clear,2,4,215.3
12627,Express,Nellore,Vijayawada,143.8,50.8,14.5,16.2,0.846,Rain,3,1,233.6
12723,Express,Kazipet,Warangal,43.1,66.8,6.8,14.1,0.068,Fog,1,3,47.7
12259,Duronto,Asansol,Dhanbad,111.1,67.3,17.5,10.8,0.303,Rain,2,1,118.5
12723,Express,Gudur,Chennai,146.2,51.1,11.6,4.6,0.358,Clear,9,3,221.0
12951,Rajdhani,Surat,Vadodara,168.0,74.3,17.3,11.7,0.236,Clear,3,3,142.7
12951,Rajdhani,Ratlam,Kota,234.7,81.7,19.0,4.6,0.378,Clear,7,2,183.8
12860,Express,Wadi,Secunderabad,169.9,71.3,3.9,2.1,0.204,Clear,9,2,171.7
12259,Duronto,Dhanbad,Gaya,135.5,62.3,27.3,23.1,0.179,Rain,3,5,173.1
12860,Express,Kalaburagi,Wadi,90.5,61.5,21.0,11.5,0.373,Clear,8,6,105.0
12301,Rajdhani,New Delhi,Kanpur,153.0,63.7,22.1,17.0,0.275,Clear,0,5,169.3
12301,Rajdhani,DDU,Gaya,192.8,81.0,0.4,12.2,0.306,Clear,8,1,146.5
12627,Express,Warangal,Secunderabad,207.2,63.6,19.8,12.0,0.097,Fog,9,1,207.6
12301,Rajdhani,Gaya,Howrah,134.4,51.2,6.5,1.9,0.067,Heavy Rain,9,6,195.3
12723,Express,Gudur,Chennai,232.3,66.6,9.3,23.9,0.224,Rain,8,4,219.2
12860,Express,Solapur,Kalaburagi,160.9,56.7,10.4,4.7,0.633,Clear,5,5,179.3
12860,Express,Solapur,Kalaburagi,179.6,66.2,23.9,1.2,0.071,Clear,5,1,160.0
12259,Duronto,Sealdah,Asansol,188.1,72.5,22.4,11.6,0.373,Clear,23,5,152.3
12951,Rajdhani,Ratlam,Kota,236.6,76.9,0.6,0.0,0.033,Heavy Rain,6,5,196.7
12259,Duronto,Dhanbad,Gaya,169.8,67.2,31.1,8.6,0.631,Clear,4,5,165.5
12301,Rajdhani,Kanpur,Prayagraj,172.9,65.4,25.4,17.0,0.748,Heavy Rain,2,0,192.8
12259,Duronto,Sealdah,Asansol,206.5,73.8,7.0,29.8,0.222,Clear,23,6,162.1
12301,Rajdhani,Kanpur,Prayagraj,250.6,83.8,-5.0,1.2,0.164,Heavy Rain,2,3,175.6
12301,Rajdhani,Prayagraj,DDU,166.1,64.6,5.7,15.1,0.067,Clear,5,5,166.6
12951,Rajdhani,Vadodara,Ratlam,149.7,61.6,29.7,14.1,0.064,Rain,5,3,213.6
12301,Rajdhani,New Delhi,Kanpur,183.6,68.9,10.1,1.8,0.446,Clear,23,5,167.7
12860,Express,Mumbai,Pune,198.4,68.4,6.1,18.1,0.521,Clear,0,5,204.5
12301,Rajdhani,DDU,Gaya,118.6,54.1,32.2,3.9,0.15,Clear,8,4,163.6
12860,Express,Pune,Solapur,179.8,68.7,17.5,2.0,0.504,Clear,3,1,203.1
12627,Express,Gudur,Nellore,51.6,49.2,8.8,7.3,0.332,Rain,3,5,97.1
12259,Duronto,Sealdah,Asansol,179.3,71.3,-0.5,7.9,0.112,Rain,0,6,154.8
12259,Duronto,Asansol,Dhanbad,81.7,57.1,12.2,17.7,0.094,Clear,1,5,115.3
12301,Rajdhani,Gaya,Howrah,261.0,80.4,8.7,7.3,0.192,Clear,9,6,172.9
12259,Duronto,Asansol,Dhanbad,145.0,81.4,6.4,8.9,0.216,Fog,2,1,112.9
12951,Rajdhani,Mumbai,Surat,248.0,74.6,-5.0,9.5,0.107,Fog,23,3,191.0
12301,Rajdhani,New Delhi,Kanpur,216.6,75.6,11.9,8.3,0.079,Fog,0,4,169.2
12723,Express,Warangal,Vijayawada,144.9,43.1,9.8,22.1,0.73,Rain,2,2,245.0
12723,Express,Vijayawada,Gudur,229.4,71.8,14.1,0.2,0.352,Rain,6,0,208.2
12259,Duronto,Asansol,Dhanbad,137.0,85.3,26.2,1.3,0.13,Fog,2,2,124.0
12951,Rajdhani,Vadodara,Ratlam,165.0,60.3,15.2,13.2,0.182,Clear,5,6,191.7
12301,Rajdhani,DDU,Gaya,132.1,56.7,6.9,9.0,0.11,Clear,7,6,149.4
12860,Express,Solapur,Kalaburagi,144.6,59.8,32.4,16.7,0.085,Clear,5,0,174.7
12627,Express,Warangal,Secunderabad,165.3,63.0,4.4,0.0,0.417,Fog,9,0,205.1
12301,Rajdhani,Prayagraj,DDU,177.2,77.9,31.3,16.8,0.282,Clear,6,1,183.1
12301,Rajdhani,Prayagraj,DDU,197.2,70.7,8.9,9.2,0.025,Rain,5,0,176.5
12301,Rajdhani,DDU,Gaya,154.5,74.2,12.1,9.6,0.067,Clear,8,6,139.0
12301,Rajdhani,DDU,Gaya,196.3,87.1,-4.8,0.0,0.302,Clear,8,3,142.4
12723,Express,Vijayawada,Gudur,191.3,60.2,17.8,6.9,0.265,Clear,5,6,219.5
12627,Express,Warangal,Secunderabad,200.6,67.5,-2.9,10.5,0.596,Rain,9,0,199.6
12951,Rajdhani,Kota,New Delhi,194.0,63.7,20.8,19.3,0.261,Clear,10,3,217.2
12627,Express,Warangal,Secunderabad,185.5,57.8,-4.0,10.7,0.48,Clear,9,4,198.3
12723,Express,Warangal,Vijayawada,198.6,61.0,17.0,15.0,0.51,Rain,2,1,223.0
12627,Express,Warangal,Secunderabad,188.7,55.5,2.0,16.3,0.071,Rain,9,0,198.3
12301,Rajdhani,DDU,Gaya,183.8,74.2,28.7,10.9,0.241,Clear,8,6,160.1
12951,Rajdhani,Mumbai,Surat,256.9,74.6,8.1,17.6,0.291,Fog,0,1,193.1
12951,Rajdhani,Mumbai,Surat,176.2,60.1,14.4,14.3,0.443,Clear,0,3,202.9
12951,Rajdhani,Kota,New Delhi,232.4,69.4,6.5,16.3,0.127,Fog,9,4,218.7
12301,Rajdhani,DDU,Gaya,188.7,86.7,7.8,16.2,0.177,Fog,7,3,159.3
12627,Express,Chennai,Gudur,189.3,75.3,27.9,23.1,0.301,Rain,23,2,175.3
12723,Express,Vijayawada,Gudur,211.5,68.0,19.7,6.7,0.207,Clear,6,6,213.9
12627,Express,Warangal,Secunderabad,169.3,59.3,11.2,0.0,0.436,Clear,9,1,198.2
12951,Rajdhani,Ratlam,Kota,234.1,76.1,-4.8,0.0,0.114,Clear,7,2,181.2
12860,Express,Mumbai,Pune,177.3,60.7,16.3,14.5,0.312,Clear,1,0,218.4
12627,Express,Chennai,Gudur,99.0,40.1,24.0,23.5,0.432,Rain,23,3,192.9
12723,Express,Gudur,Chennai,178.6,53.9,8.2,17.3,0.04,Clear,9,4,209.2
12860,Express,Mumbai,Pune,177.4,55.9,4.2,20.5,0.45,Clear,23,4,213.0
12951,Rajdhani,Mumbai,Surat,216.6,67.2,14.3,14.2,0.376,Rain,23,6,203.2
12301,Rajdhani,Gaya,Howrah,220.4,68.7,-0.8,7.7,0.641,Rain,9,3,177.5
12259,Duronto,Sealdah,Asansol,143.8,63.7,33.9,10.1,0.233,Clear,0,1,177.6
12259,Duronto,Dhanbad,Gaya,182.6,81.4,-0.9,8.3,0.766,Fog,4,3,171.8
12627,Express,Nellore,Vijayawada,212.8,65.7,16.7,13.9,0.526,Clear,3,1,202.4
12860,Express,Solapur,Kalaburagi,128.3,48.3,13.9,22.7,0.491,Rain,6,6,181.7
12259,Duronto,Gaya,DDU,188.1,60.3,10.9,7.2,0.32,Clear,7,3,191.3
12860,Express,Mumbai,Pune,215.2,60.0,8.9,8.9,0.168,Clear,23,1,209.8
12723,Express,Warangal,Vijayawada,147.9,49.5,3.5,11.7,0.369,Clear,2,5,232.9
12723,Express,Vijayawada,Gudur,257.3,69.7,17.3,13.3,0.262,Clear,6,4,203.4
12860,Express,Kalaburagi,Wadi,77.9,64.5,25.3,12.4,0.21,Clear,8,0,94.3
12301,Rajdhani,Gaya,Howrah,162.7,66.6,9.4,10.8,0.128,Clear,10,0,173.9
12860,Express,Wadi,Secunderabad,135.0,51.9,25.8,5.2,0.226,Fog,10,3,196.0
12259,Duronto,Gaya,DDU,224.8,80.0,-1.1,21.0,0.041,Heavy Rain,5,2,172.7
12951,Rajdhani,Ratlam,Kota,181.6,67.5,-4.3,6.8,0.186,Clear,7,2,172.4
12860,Express,Solapur,Kalaburagi,118.3,54.0,15.6,14.3,0.083,Clear,6,3,160.7
12723,Express,Hyderabad,Kazipet,127.4,54.4,19.4,2.1,0.042,Clear,0,3,150.2
12259,Duronto,Dhanbad,Gaya,135.5,59.7,5.8,15.0,0.289,Clear,4,4,158.4
12723,Express,Gudur,Chennai,158.9,56.8,22.4,10.6,0.389,Clear,9,6,227.5
12259,Duronto,Gaya,DDU,210.2,78.2,11.0,5.9,0.555,Heavy Rain,6,2,192.7
12259,Duronto,DDU,New Delhi,230.9,63.7,4.5,3.0,0.195,Clear,9,2,225.3
12259,Duronto,Gaya,DDU,147.5,60.7,7.0,7.8,0.442,Clear,6,6,187.5
12259,Duronto,Asansol,Dhanbad,98.4,69.9,3.2,0.2,0.285,Rain,2,0,99.4
12627,Express,Chennai,Gudur,163.7,69.1,13.5,24.9,0.044,Clear,0,3,152.9
12259,Duronto,Asansol,Dhanbad,105.5,64.6,23.3,14.0,0.182,Clear,2,1,101.0
12259,Duronto,Sealdah,Asansol,172.0,66.4,19.6,10.8,0.338,Rain,23,2,174.2
12259,Duronto,Gaya,DDU,206.9,79.6,29.2,0.0,0.43,Clear,6,1,172.7
12951,Rajdhani,Ratlam,Kota,182.6,53.5,15.7,4.7,0.377,Clear,8,1,203.5
12259,Duronto,Dhanbad,Gaya,177.4,73.7,30.8,9.7,0.482,Rain,4,6,170.4
12860,Express,Solapur,Kalaburagi,181.9,64.7,31.1,16.5,0.19,Heavy Rain,6,1,186.9
12301,Rajdhani,Prayagraj,DDU,172.0,74.8,4.6,14.4,0.304,Clear,5,4,177.1
12723,Express,Kazipet,Warangal,45.2,69.2,-5.0,6.0,0.05,Clear,2,2,42.9
12259,Duronto,Asansol,Dhanbad,100.0,59.3,12.4,21.0,0.504,Clear,3,3,109.1
12627,Express,Chennai,Gudur,144.0,66.2,1.4,14.3,0.51,Clear,23,2,158.9
12723,Express,Gudur,Chennai,209.8,62.2,-5.0,1.9,0.499,Clear,9,1,203.6
12860,Express,Mumbai,Pune,241.7,68.7,16.2,6.4,0.589,Rain,23,5,208.2
12259,Duronto,Sealdah,Asansol,187.9,67.3,24.5,16.8,0.052,Clear,23,6,161.3
12860,Express,Kalaburagi,Wadi,89.8,62.4,28.8,23.6,0.365,Clear,9,1,102.5
12860,Express,Kalaburagi,Wadi,53.8,38.9,20.8,21.9,0.448,Clear,9,2,122.4
12301,Rajdhani,Gaya,Howrah,225.2,73.7,28.0,13.3,0.333,Clear,10,4,199.1
12723,Express,Warangal,Vijayawada,191.9,51.4,1.9,20.1,0.241,Rain,2,6,219.2
12259,Duronto,Gaya,DDU,192.2,72.2,5.1,17.2,0.22,Rain,6,3,171.7
12723,Express,Hyderabad,Kazipet,129.3,66.2,17.1,6.4,0.172,Rain,23,6,146.1
12951,Rajdhani,Mumbai,Surat,240.9,89.8,13.1,5.5,0.198,Fog,23,1,199.5
12860,Express,Solapur,Kalaburagi,145.2,59.3,4.9,6.7,0.331,Clear,6,6,162.8
12860,Express,Kalaburagi,Wadi,92.3,64.6,9.1,19.5,0.614,Rain,8,3,94.1
12301,Rajdhani,New Delhi,Kanpur,192.5,65.1,1.9,15.8,0.371,Clear,23,5,164.1
12627,Express,Nellore,Vijayawada,169.5,52.6,30.6,20.9,0.52,Clear,4,1,222.7
12627,Express,Nellore,Vijayawada,207.9,66.6,17.4,6.9,0.628,Clear,3,4,197.7
12301,Rajdhani,Gaya,Howrah,201.7,76.6,-5.0,5.3,0.119,Clear,9,5,173.3
12723,Express,Kazipet,Warangal,40.0,64.9,7.6,0.1,0.133,Clear,3,0,41.3
12259,Duronto,Asansol,Dhanbad,101.0,60.8,30.1,3.8,0.202,Clear,2,0,113.5
12627,Express,Warangal,Secunderabad,192.2,60.3,16.0,2.3,0.267,Clear,9,3,197.1
12951,Rajdhani,Vadodara,Ratlam,183.5,74.1,30.2,6.8,0.511,Rain,4,0,196.1
12723,Express,Gudur,Chennai,241.0,85.2,7.6,12.7,0.548,Clear,9,3,209.5
12301,Rajdhani,Gaya,Howrah,165.3,65.1,38.7,20.7,0.378,Clear,9,2,199.0
12259,Duronto,Asansol,Dhanbad,109.5,69.0,11.8,22.5,0.412,Clear,2,5,116.1
12301,Rajdhani,Kanpur,Prayagraj,231.3,76.0,1.7,0.0,0.412,Clear,2,0,160.9
12627,Express,Nellore,Vijayawada,169.1,63.3,17.6,9.1,0.61,Clear,3,3,205.7
12951,Rajdhani,Vadodara,Ratlam,155.2,64.1,21.9,23.0,0.24,Clear,5,0,189.7
12860,Express,Pune,Solapur,214.5,64.1,3.7,10.6,0.298,Rain,3,5,201.6
12860,Express,Solapur,Kalaburagi,181.5,69.7,10.9,17.3,0.194,Rain,6,3,173.1
12723,Express,Warangal,Vijayawada,216.4,77.8,28.0,23.6,0.193,Rain,2,4,217.4
12259,Duronto,Sealdah,Asansol,202.3,71.7,6.6,27.4,0.256,Clear,23,3,157.6
12301,Rajdhani,Prayagraj,DDU,156.0,63.3,24.2,19.3,0.442,Rain,5,4,190.0
12951,Rajdhani,Vadodara,Ratlam,243.6,79.4,-3.9,0.0,0.194,Clear,5,1,165.4
12259,Duronto,DDU,New Delhi,254.8,77.4,43.5,10.6,0.259,Clear,9,0,225.2
12723,Express,Warangal,Vijayawada,189.8,60.1,17.9,13.0,0.448,Heavy Rain,3,3,227.1
12723,Express,Kazipet,Warangal,42.2,68.7,8.9,16.6,0.292,Rain,1,5,53.5
12259,Duronto,Dhanbad,Gaya,146.8,69.9,1.5,8.4,0.388,Clear,2,5,158.1
12951,Rajdhani,Mumbai,Surat,243.8,76.2,14.0,8.3,0.228,Heavy Rain,0,4,198.5
12951,Rajdhani,Kota,New Delhi,216.4,61.0,11.2,20.4,0.497,Clear,10,3,222.4
12860,Express,Mumbai,Pune,234.1,76.9,3.8,22.9,0.519,Heavy Rain,0,0,216.1
12723,Express,Vijayawada,Gudur,238.2,65.2,28.0,12.3,0.055,Clear,5,1,209.9
12723,Express,Warangal,Vijayawada,183.7,64.3,9.9,0.0,0.078,Heavy Rain,2,3,223.6
12860,Express,Kalaburagi,Wadi,88.7,65.5,41.7,0.0,0.297,Clear,8,6,102.7
12259,Duronto,Dhanbad,Gaya,148.9,60.8,18.1,14.9,0.43,Rain,4,0,167.3
12627,Express,Vijayawada,Warangal,225.4,66.4,-4.2,12.0,0.152,Rain,5,1,193.3
12301,Rajdhani,New Delhi,Kanpur,159.6,56.9,22.8,11.6,0.335,Clear,23,3,173.7
12951,Rajdhani,Mumbai,Surat,261.7,77.3,30.2,0.0,0.437,Fog,23,1,202.8
12301,Rajdhani,Prayagraj,DDU,188.1,72.3,26.8,19.0,0.124,Rain,6,6,167.9
12627,Express,Warangal,Secunderabad,200.7,61.0,18.4,33.2,0.129,Clear,9,2,201.0
12259,Duronto,Sealdah,Asansol,178.8,78.0,-5.0,0.0,0.401,Clear,0,5,146.1
12301,Rajdhani,New Delhi,Kanpur,158.1,55.9,20.2,20.1,0.071,Clear,23,0,190.9
12627,Express,Vijayawada,Warangal,183.2,56.9,25.5,1.8,0.108,Clear,7,2,194.5
12259,Duronto,Gaya,DDU,197.7,80.6,5.2,8.2,0.519,Rain,5,1,173.5
12723,Express,Vijayawada,Gudur,221.8,66.5,-5.0,17.2,0.235,Fog,5,2,211.2
12627,Express,Vijayawada,Warangal,224.9,66.5,7.3,23.9,0.447,Clear,6,4,197.0
12301,Rajdhani,DDU,Gaya,208.7,83.2,13.8,19.6,0.253,Clear,8,5,150.5
12301,Rajdhani,DDU,Gaya,111.4,55.9,-5.0,19.8,0.176,Clear,7,2,153.3
12951,Rajdhani,Surat,Vadodara,131.1,72.0,-2.7,8.1,0.421,Heavy Rain,2,6,143.0
12301,Rajdhani,Gaya,Howrah,191.6,72.5,23.0,12.7,0.09,Rain,11,3,187.6
12723,Express,Warangal,Vijayawada,162.7,47.6,1.1,3.0,0.527,Fog,2,1,230.7
12860,Express,Kalaburagi,Wadi,88.3,64.0,5.3,9.4,0.337,Rain,8,0,96.4
12627,Express,Nellore,Vijayawada,187.9,58.9,22.5,2.0,0.339,Clear,3,1,200.7
12860,Express,Pune,Solapur,182.1,68.5,36.1,0.0,0.272,Clear,3,4,205.5
12951,Rajdhani,Mumbai,Surat,257.5,77.4,3.0,5.9,0.303,Clear,23,5,190.8
12860,Express,Wadi,Secunderabad,123.5,52.2,33.7,14.6,0.209,Clear,10,6,182.7
12723,Express,Warangal,Vijayawada,223.3,72.3,3.9,0.0,0.375,Clear,3,4,217.1
12259,Duronto,Asansol,Dhanbad,139.2,76.7,11.1,0.0,0.05,Clear,2,1,94.7
12723,Express,Hyderabad,Kazipet,119.8,56.7,15.1,6.1,0.2,Clear,23,5,150.3
12723,Express,Kazipet,Warangal,42.0,63.2,-5.0,20.3,0.427,Rain,3,1,67.0
12951,Rajdhani,Surat,Vadodara,143.0,63.7,13.9,18.2,0.155,Fog,3,6,141.0
12301,Rajdhani,DDU,Gaya,156.8,63.6,19.6,33.2,0.213,Clear,8,0,148.0
12259,Duronto,Dhanbad,Gaya,184.0,69.3,9.2,23.1,0.226,Clear,3,3,151.1
12723,Express,Warangal,Vijayawada,224.7,62.0,-5.0,0.0,0.15,Clear,2,5,197.6
12951,Rajdhani,Vadodara,Ratlam,205.7,67.1,-4.3,27.0,0.202,Clear,4,2,181.1
12723,Express,Gudur,Chennai,232.5,63.6,-0.6,19.4,0.296,Clear,9,6,204.7
12627,Express,Vijayawada,Warangal,176.0,58.5,1.7,4.3,0.257,Clear,6,3,194.5
12723,Express,Kazipet,Warangal,41.5,67.5,24.0,13.4,0.195,Rain,2,1,49.2
12723,Express,Vijayawada,Gudur,188.1,62.6,18.5,8.1,0.185,Rain,6,0,208.9
12951,Rajdhani,Surat,Vadodara,138.2,76.5,0.2,5.2,0.285,Clear,3,3,129.5
12951,Rajdhani,Kota,New Delhi,191.7,62.6,15.4,16.1,0.093,Clear,10,3,212.3
12627,Express,Chennai,Gudur,182.8,66.4,17.5,1.7,0.414,Rain,0,2,171.5
12860,Express,Pune,Solapur,211.6,67.6,3.7,5.7,0.278,Rain,3,3,191.1
12860,Express,Pune,Solapur,196.5,60.8,16.6,26.3,0.403,Rain,2,6,207.0
12860,Express,Kalaburagi,Wadi,69.8,57.9,14.4,25.7,0.241,Rain,9,1,100.0
12627,Express,Vijayawada,Warangal,160.7,51.0,17.6,17.0,0.426,Clear,6,4,209.8
12860,Express,Pune,Solapur,175.6,57.7,22.1,6.5,0.293,Clear,2,5,196.3
12627,Express,Chennai,Gudur,172.9,64.8,-1.1,10.1,0.191,Clear,22,6,137.0
12259,Duronto,Asansol,Dhanbad,103.0,67.8,24.8,1.7,0.128,Clear,2,6,114.7
12951,Rajdhani,Ratlam,Kota,198.0,68.8,-5.0,0.0,0.292,Clear,8,3,183.6
12627,Express,Chennai,Gudur,157.6,67.7,47.5,5.8,0.031,Clear,23,6,160.6
12301,Rajdhani,DDU,Gaya,158.5,75.4,15.2,6.4,0.393,Clear,8,3,134.5
12627,Express,Warangal,Secunderabad,233.6,71.4,5.9,7.4,0.203,Clear,9,1,188.1
12951,Rajdhani,Surat,Vadodara,137.4,76.6,-3.1,20.8,0.195,Rain,3,0,137.6
12860,Express,Kalaburagi,Wadi,113.9,74.9,19.1,6.4,0.188,Clear,8,0,93.5
12259,Duronto,Gaya,DDU,176.7,60.8,12.7,18.9,0.246,Clear,5,3,179.4
12259,Duronto,Dhanbad,Gaya,151.1,68.6,-5.0,22.8,0.128,Clear,4,0,150.1
12301,Rajdhani,DDU,Gaya,150.6,59.2,15.2,13.3,0.325,Clear,7,3,152.4
12951,Rajdhani,Ratlam,Kota,212.4,67.0,10.4,11.2,0.108,Fog,8,3,201.1
12259,Duronto,Gaya,DDU,152.3,51.0,-2.4,4.8,0.231,Rain,6,6,186.3
12951,Rajdhani,Vadodara,Ratlam,233.9,82.6,-2.5,19.7,0.144,Rain,4,1,184.6
12723,Express,Hyderabad,Kazipet,111.1,56.5,27.9,6.4,0.276,Clear,23,4,156.4
12627,Express,Gudur,Nellore,40.0,39.6,9.5,0.9,0.332,Clear,2,2,94.7
12723,Express,Warangal,Vijayawada,237.1,63.6,-3.1,9.9,0.498,Clear,2,4,212.9
12627,Express,Gudur,Nellore,49.5,41.7,24.1,8.1,0.521,Fog,2,3,119.5
12627,Express,Warangal,Secunderabad,173.2,62.8,0.0,17.0,0.724,Clear,9,4,201.4
12723,Express,Warangal,Vijayawada,228.7,63.0,18.5,13.6,0.221,Clear,2,4,216.6
12259,Duronto,Asansol,Dhanbad,107.9,79.1,-5.0,0.0,0.284,Clear,2,6,95.7
12723,Express,Hyderabad,Kazipet,142.1,58.3,-0.7,29.4,0.207,Clear,23,0,140.1
12860,Express,Solapur,Kalaburagi,172.6,65.0,18.8,19.0,0.065,Heavy Rain,6,5,179.1
12723,Express,Hyderabad,Kazipet,153.5,64.0,17.5,14.3,0.53,Clear,23,6,155.6
12723,Express,Hyderabad,Kazipet,114.7,49.1,17.6,18.0,0.034,Clear,0,2,162.6
12860,Express,Pune,Solapur,182.7,66.7,29.4,6.3,0.178,Clear,3,4,195.2
12627,Express,Warangal,Secunderabad,171.0,54.9,2.7,11.8,0.327,Heavy Rain,9,6,213.0
12627,Express,Gudur,Nellore,63.8,58.2,13.8,0.2,0.243,Heavy Rain,3,0,90.2
12627,Express,Vijayawada,Warangal,222.5,77.7,24.8,8.2,0.26,Clear,6,4,210.7
12301,Rajdhani,Kanpur,Prayagraj,145.2,63.9,30.8,16.8,0.272,Clear,1,6,189.0
12723,Express,Vijayawada,Gudur,219.8,67.3,2.9,18.8,0.492,Clear,6,2,209.5
12860,Express,Solapur,Kalaburagi,132.1,60.5,31.5,22.7,0.518,Rain,4,2,181.0
12723,Express,Vijayawada,Gudur,137.4,40.6,14.9,2.4,0.31,Clear,6,5,218.8
12301,Rajdhani,Kanpur,Prayagraj,207.9,80.8,16.6,6.5,0.284,Fog,2,6,188.5
12723,Express,Kazipet,Warangal,40.0,64.0,-5.0,17.0,0.044,Clear,2,3,39.1
12259,Duronto,Asansol,Dhanbad,134.3,77.4,31.9,4.5,0.153,Clear,3,3,118.5
12951,Rajdhani,Vadodara,Ratlam,208.0,74.2,12.3,5.1,0.3,Clear,5,4,183.6
12860,Express,Solapur,Kalaburagi,173.2,69.7,3.5,0.0,0.203,Clear,5,2,156.1
12627,Express,Chennai,Gudur,139.3,62.7,18.8,6.3,0.011,Rain,23,6,160.8
12301,Rajdhani,DDU,Gaya,147.9,61.6,13.9,11.0,0.35,Clear,8,2,155.6
12951,Rajdhani,Ratlam,Kota,218.4,73.2,5.1,9.2,0.171,Clear,7,0,175.6
12301,Rajdhani,Gaya,Howrah,151.7,59.0,2.1,0.0,0.609,Clear,10,3,195.3
12627,Express,Warangal,Secunderabad,202.4,62.3,31.2,0.0,0.089,Clear,10,3,193.6
12860,Express,Kalaburagi,Wadi,89.5,58.5,0.1,13.1,0.677,Rain,9,6,98.4
12301,Rajdhani,Gaya,Howrah,235.7,78.3,14.3,3.3,0.17,Clear,10,5,178.5
12627,Express,Chennai,Gudur,178.8,67.0,10.1,8.8,0.259,Rain,23,6,175.6
12951,Rajdhani,Mumbai,Surat,261.1,84.1,27.0,11.2,0.424,Clear,22,1,206.9
12301,Rajdhani,Prayagraj,DDU,156.7,61.6,34.8,17.3,0.071,Clear,4,0,180.1
12951,Rajdhani,Vadodara,Ratlam,211.6,65.3,18.0,7.4,0.286,Fog,5,2,199.7
12951,Rajdhani,Vadodara,Ratlam,264.3,83.3,1.9,29.0,0.087,Clear,4,2,178.6
12259,Duronto,Gaya,DDU,165.3,53.2,11.5,20.5,0.306,Clear,7,0,189.3
12951,Rajdhani,Kota,New Delhi,198.4,52.2,29.5,6.1,0.061,Rain,10,5,226.4
12627,Express,Vijayawada,Warangal,190.0,60.0,16.5,14.9,0.124,Fog,5,6,208.4
12860,Express,Solapur,Kalaburagi,132.1,58.1,7.0,16.5,0.434,Clear,5,6,168.9
12301,Rajdhani,DDU,Gaya,166.0,64.9,-1.5,27.2,0.143,Rain,8,5,151.4
12860,Express,Mumbai,Pune,211.1,70.4,8.0,0.0,0.543,Clear,0,5,194.8
12951,Rajdhani,Surat,Vadodara,166.0,74.5,35.2,2.5,0.199,Heavy Rain,3,5,157.6
12627,Express,Gudur,Nellore,44.2,42.1,29.9,13.1,0.262,Clear,2,3,100.7
12951,Rajdhani,Vadodara,Ratlam,223.9,73.0,1.2,7.3,0.377,Rain,4,6,190.2
12951,Rajdhani,Mumbai,Surat,185.3,66.1,15.4,24.1,0.334,Clear,1,2,193.7
12301,Rajdhani,Kanpur,Prayagraj,160.8,57.4,36.4,5.7,0.235,Rain,2,6,195.6
12259,Duronto,DDU,New Delhi,212.9,63.6,17.0,8.5,0.174,Rain,9,3,217.3
12259,Duronto,Sealdah,Asansol,162.9,66.5,1.7,15.0,0.202,Clear,22,0,148.3
12860,Express,Kalaburagi,Wadi,83.2,66.2,-5.0,13.0,0.477,Rain,8,0,96.5
12627,Express,Chennai,Gudur,145.3,58.5,15.1,13.8,0.232,Fog,0,1,174.7
12301,Rajdhani,New Delhi,Kanpur,149.4,56.1,-4.6,4.5,0.258,Clear,23,0,168.0
12301,Rajdhani,DDU,Gaya,167.5,69.2,17.7,30.3,0.505,Clear,5,2,161.3
12951,Rajdhani,Surat,Vadodara,132.2,67.1,26.7,12.8,0.188,Heavy Rain,2,1,137.5
12301,Rajdhani,Gaya,Howrah,230.1,84.7,4.9,15.8,0.367,Clear,9,0,183.3
12301,Rajdhani,Gaya,Howrah,199.2,70.8,10.3,20.7,0.301,Rain,10,2,185.9
12723,Express,Vijayawada,Gudur,196.5,69.1,13.3,12.0,0.436,Clear,6,4,216.4
12627,Express,Gudur,Nellore,54.7,55.8,12.3,11.5,0.2,Rain,2,6,82.7
12860,Express,Wadi,Secunderabad,207.9,71.5,1.4,21.7,0.34,Rain,9,6,171.2
12627,Express,Chennai,Gudur,141.1,62.6,24.9,3.2,0.284,Clear,23,0,150.0
12627,Express,Warangal,Secunderabad,172.6,60.5,-4.1,17.8,0.256,Clear,9,5,187.5
12951,Rajdhani,Ratlam,Kota,210.6,69.4,31.8,17.5,0.157,Clear,8,0,200.0
12627,Express,Vijayawada,Warangal,219.3,68.5,-5.0,5.5,0.435,Clear,5,4,187.6
12951,Rajdhani,Ratlam,Kota,127.4,45.0,8.8,6.7,0.029,Rain,7,2,193.4
12301,Rajdhani,New Delhi,Kanpur,178.3,66.9,11.3,9.4,0.197,Clear,0,1,161.2
12259,Duronto,Dhanbad,Gaya,193.2,86.5,7.0,10.8,0.245,Fog,4,3,172.9
12723,Express,Hyderabad,Kazipet,135.7,60.4,15.3,20.6,0.006,Fog,23,6,151.8
12259,Duronto,Gaya,DDU,155.4,60.5,16.6,17.6,0.279,Heavy Rain,5,4,203.3
12301,Rajdhani,New Delhi,Kanpur,148.4,67.4,26.8,15.2,0.641,Rain,23,3,193.4
12627,Express,Warangal,Secunderabad,230.7,70.5,-0.6,8.8,0.167,Heavy Rain,9,5,186.2
12723,Express,Kazipet,Warangal,42.4,64.2,-2.0,9.6,0.132,Rain,2,1,40.5
12627,Express,Vijayawada,Warangal,143.3,42.7,10.4,0.7,0.136,Clear,5,6,209.7
12627,Express,Gudur,Nellore,72.4,61.1,1.8,0.0,0.078,Clear,3,0,75.2
12301,Rajdhani,Kanpur,Prayagraj,194.6,73.8,7.5,19.1,0.42,Rain,2,2,193.9
12860,Express,Kalaburagi,Wadi,74.7,52.5,35.9,4.9,0.201,Heavy Rain,7,3,111.9
12951,Rajdhani,Ratlam,Kota,207.4,65.8,-2.4,5.2,0.107,Clear,7,5,177.8
12723,Express,Kazipet,Warangal,42.8,64.4,23.7,11.5,0.094,Clear,1,4,55.0
12723,Express,Hyderabad,Kazipet,133.6,60.2,15.4,14.4,0.028,Rain,0,4,139.5
12860,Express,Solapur,Kalaburagi,153.1,71.6,5.2,6.2,0.026,Rain,6,5,158.7
12627,Express,Warangal,Secunderabad,232.1,76.1,35.7,14.3,0.049,Clear,10,4,192.2
12951,Rajdhani,Surat,Vadodara,107.7,54.1,24.5,9.7,0.221,Rain,3,6,158.4
12301,Rajdhani,Gaya,Howrah,219.5,73.4,23.4,9.2,0.462,Clear,10,1,189.5
12723,Express,Gudur,Chennai,222.2,65.8,-0.9,13.7,0.1,Clear,8,1,199.0
12951,Rajdhani,Mumbai,Surat,216.2,65.2,16.1,18.6,0.067,Clear,0,5,200.9
12723,Express,Gudur,Chennai,203.9,65.0,13.7,18.1,0.179,Clear,11,4,199.4
12723,Express,Warangal,Vijayawada,166.0,56.8,9.6,5.4,0.425,Clear,2,3,215.5
12723,Express,Vijayawada,Gudur,263.7,72.7,0.3,0.9,0.197,Clear,6,3,207.0
12723,Express,Vijayawada,Gudur,212.6,67.9,6.3,6.3,0.359,Clear,5,0,207.9
12860,Express,Kalaburagi,Wadi,60.4,50.8,3.0,3.0,0.408,Rain,8,0,94.6
12951,Rajdhani,Ratlam,Kota,223.6,74.0,6.3,14.1,0.432,Clear,7,2,195.3
12951,Rajdhani,Vadodara,Ratlam,230.6,78.3,15.5,7.1,0.108,Rain,4,0,179.7
12259,Duronto,Sealdah,Asansol,160.3,62.5,22.3,12.3,0.332,Rain,23,2,167.4
12627,Express,Gudur,Nellore,60.7,56.5,13.5,7.9,0.654,Clear,1,4,82.6
12951,Rajdhani,Surat,Vadodara,112.3,56.7,8.7,0.0,0.046,Clear,2,6,137.1
12259,Duronto,Sealdah,Asansol,150.5,70.1,0.2,14.9,0.057,Heavy Rain,0,3,166.2
12951,Rajdhani,Vadodara,Ratlam,178.3,61.3,8.9,3.4,0.445,Clear,5,1,198.9
12301,Rajdhani,New Delhi,Kanpur,155.4,69.3,-3.7,7.9,0.379,Fog,23,0,156.0
12860,Express,Wadi,Secunderabad,168.9,65.0,15.5,3.8,0.062,Clear,10,0,170.9
12860,Express,Pune,Solapur,132.6,40.9,19.4,8.5,0.086,Clear,3,5,212.9
12951,Rajdhani,Vadodara,Ratlam,193.2,80.0,2.2,5.2,0.193,Fog,4,5,181.9
12301,Rajdhani,Kanpur,Prayagraj,182.6,63.7,5.3,8.7,0.265,Rain,2,4,174.9
12860,Express,Solapur,Kalaburagi,158.2,56.1,-3.5,10.2,0.314,Clear,5,5,172.9
12723,Express,Kazipet,Warangal,40.3,69.9,-5.0,0.0,0.196,Clear,1,0,24.8
12723,Express,Hyderabad,Kazipet,119.4,64.6,18.7,11.6,0.275,Rain,0,1,141.5
12860,Express,Mumbai,Pune,212.9,58.9,22.7,0.0,0.461,Clear,0,4,218.4
12627,Express,Vijayawada,Warangal,179.3,66.6,19.0,17.0,0.03,Clear,6,4,187.6
12259,Duronto,Gaya,DDU,245.3,80.1,11.0,11.6,0.211,Clear,6,3,179.3
12627,Express,Chennai,Gudur,176.0,65.6,6.8,14.0,0.238,Clear,23,4,160.1
12951,Rajdhani,Vadodara,Ratlam,239.2,89.7,8.2,4.3,0.481,Clear,5,0,189.8
12951,Rajdhani,Surat,Vadodara,109.0,56.7,8.8,1.2,0.256,Clear,2,4,133.8
12860,Express,Mumbai,Pune,207.6,57.2,0.6,15.5,0.333,Rain,0,2,203.6
12860,Express,Solapur,Kalaburagi,138.1,56.8,34.4,4.6,0.548,Clear,5,4,185.1
12951,Rajdhani,Ratlam,Kota,186.8,65.4,17.7,14.4,0.577,Rain,8,4,205.4
12259,Duronto,Gaya,DDU,235.5,83.5,0.4,16.8,0.239,Clear,6,1,177.1
12301,Rajdhani,Gaya,Howrah,212.5,80.7,7.1,5.5,0.315,Clear,10,6,186.1
12627,Express,Gudur,Nellore,61.3,53.3,2.4,2.2,0.28,Heavy Rain,2,0,94.3
12951,Rajdhani,Kota,New Delhi,191.3,67.4,12.1,20.5,0.229,Clear,10,2,207.4
12627,Express,Vijayawada,Warangal,158.3,56.8,-1.2,6.5,0.648,Fog,6,2,201.0
12951,Rajdhani,Vadodara,Ratlam,206.0,68.1,6.5,22.7,0.196,Rain,5,1,177.8
12259,Duronto,Asansol,Dhanbad,93.6,67.9,15.3,8.3,0.126,Rain,2,2,122.4
12723,Express,Kazipet,Warangal,47.3,83.3,36.9,15.5,0.142,Clear,3,0,55.3
12951,Rajdhani,Surat,Vadodara,149.1,64.9,12.9,15.0,0.215,Clear,3,6,129.5
12627,Express,Chennai,Gudur,112.2,52.7,-5.0,13.1,0.356,Clear,23,3,167.0
12627,Express,Chennai,Gudur,140.0,56.9,7.2,3.3,0.274,Clear,23,2,159.7
12301,Rajdhani,Gaya,Howrah,233.7,73.8,-4.8,12.7,0.474,Fog,10,1,182.4
12723,Express,Gudur,Chennai,161.9,51.7,12.8,8.6,0.204,Clear,8,4,220.2
12259,Duronto,Gaya,DDU,186.8,63.9,-5.0,7.7,0.147,Clear,7,2,180.8
12951,Rajdhani,Kota,New Delhi,239.6,77.9,11.1,0.7,0.489,Heavy Rain,11,6,232.3
12301,Rajdhani,DDU,Gaya,210.1,82.3,2.2,9.0,0.312,Clear,8,4,137.7
12951,Rajdhani,Kota,New Delhi,209.6,67.9,13.5,0.0,0.085,Clear,10,1,200.8
12301,Rajdhani,Gaya,Howrah,183.6,69.7,24.5,1.8,0.225,Clear,9,2,174.7
12259,Duronto,Gaya,DDU,223.3,76.2,11.1,17.5,0.148,Clear,5,2,176.1
12723,Express,Vijayawada,Gudur,218.7,63.0,21.8,0.8,0.276,Clear,6,6,224.5
12860,Express,Wadi,Secunderabad,134.7,50.5,-5.0,9.7,0.236,Clear,9,3,176.8
12723,Express,Gudur,Chennai,252.6,74.2,-1.0,2.3,0.161,Clear,8,1,206.6
12259,Duronto,DDU,New Delhi,240.6,62.7,1.7,13.5,0.45,Heavy Rain,8,2,228.7
12627,Express,Nellore,Vijayawada,191.5,69.0,2.6,15.1,0.523,Clear,3,5,203.1
12951,Rajdhani,Surat,Vadodara,139.7,68.9,-1.3,12.1,0.261,Fog,3,6,132.5
12723,Express,Vijayawada,Gudur,202.7,58.0,5.8,17.2,0.169,Heavy Rain,5,3,230.2
12627,Express,Vijayawada,Warangal,185.2,66.1,2.7,15.4,0.199,Clear,7,3,193.9
12301,Rajdhani,New Delhi,Kanpur,170.7,77.1,2.8,0.0,0.481,Clear,0,5,165.8
12259,Duronto,Asansol,Dhanbad,102.1,63.9,-5.0,14.5,0.261,Clear,2,4,118.1
12951,Rajdhani,Kota,New Delhi,217.6,73.9,13.3,17.4,0.471,Heavy Rain,10,0,230.6
12723,Express,Gudur,Chennai,216.1,60.2,17.5,1.3,0.376,Clear,9,5,211.0
12259,Duronto,Gaya,DDU,234.5,78.6,-5.0,0.0,0.554,Clear,5,6,167.8
12951,Rajdhani,Kota,New Delhi,250.4,72.4,12.9,9.7,0.466,Clear,10,3,221.0
12301,Rajdhani,New Delhi,Kanpur,204.1,69.8,18.4,0.0,0.24,Fog,23,5,163.7
12860,Express,Mumbai,Pune,143.4,50.8,3.6,2.2,0.183,Clear,23,4,197.9
12723,Express,Kazipet,Warangal,40.0,57.0,15.7,0.0,0.246,Clear,1,4,65.3
12259,Duronto,Gaya,DDU,233.3,86.6,28.2,5.2,0.073,Heavy Rain,6,5,184.4
12951,Rajdhani,Ratlam,Kota,273.9,84.2,17.7,6.7,0.268,Clear,7,1,193.3
12259,Duronto,Sealdah,Asansol,175.6,69.5,10.9,16.9,0.363,Heavy Rain,0,6,186.6
12301,Rajdhani,Prayagraj,DDU,218.1,81.3,-1.3,13.4,0.237,Rain,4,3,176.3
12301,Rajdhani,New Delhi,Kanpur,207.8,70.7,29.2,7.9,0.093,Rain,23,3,189.7
12301,Rajdhani,Gaya,Howrah,222.0,73.3,8.6,6.2,0.17,Clear,10,0,185.0
12301,Rajdhani,Kanpur,Prayagraj,196.1,66.7,19.5,5.0,0.149,Rain,3,1,173.3
12860,Express,Solapur,Kalaburagi,130.8,52.4,-0.8,7.7,0.352,Rain,5,2,166.4
12723,Express,Gudur,Chennai,162.2,58.0,12.6,3.7,0.296,Clear,9,0,222.1
12723,Express,Vijayawada,Gudur,142.2,45.0,14.4,18.2,0.072,Clear,5,4,233.6
12860,Express,Solapur,Kalaburagi,174.0,69.4,-5.0,19.3,0.251,Rain,6,0,154.0
12627,Express,Warangal,Secunderabad,158.6,61.3,20.0,11.7,0.409,Heavy Rain,8,3,210.2
12301,Rajdhani,New Delhi,Kanpur,178.6,73.8,11.7,0.1,0.145,Clear,23,0,158.7
12259,Duronto,Asansol,Dhanbad,99.4,67.5,17.8,0.0,0.143,Clear,0,2,100.7
12627,Express,Warangal,Secunderabad,177.9,68.1,40.7,7.5,0.134,Clear,8,3,205.2
12627,Express,Nellore,Vijayawada,151.6,54.3,25.3,0.0,0.334,Clear,3,2,199.6
12951,Rajdhani,Ratlam,Kota,194.0,70.2,39.5,7.9,0.299,Clear,8,5,201.7
12301,Rajdhani,DDU,Gaya,188.7,76.3,1.4,10.3,0.463,Heavy Rain,7,5,152.4
12627,Express,Chennai,Gudur,122.6,57.4,25.6,12.3,0.354,Clear,0,5,168.6
12723,Express,Vijayawada,Gudur,203.2,55.2,16.8,18.5,0.431,Clear,6,5,222.5
12723,Express,Gudur,Chennai,201.9,59.7,6.0,8.4,0.426,Clear,9,3,208.0
12860,Express,Solapur,Kalaburagi,152.5,57.0,11.8,17.7,0.306,Clear,5,5,178.3
12723,Express,Hyderabad,Kazipet,138.8,58.5,31.6,14.4,0.176,Fog,0,4,172.3
12951,Rajdhani,Ratlam,Kota,239.7,69.9,29.4,15.6,0.415,Heavy Rain,8,1,215.4
12301,Rajdhani,Gaya,Howrah,137.4,54.8,10.1,14.6,0.306,Rain,10,3,198.9
12951,Rajdhani,Ratlam,Kota,219.9,70.9,31.0,4.2,0.321,Rain,8,4,207.1
12723,Express,Gudur,Chennai,191.9,64.6,6.4,13.2,0.018,Clear,9,0,198.4
12951,Rajdhani,Kota,New Delhi,259.1,81.1,25.6,19.1,0.164,Clear,11,2,214.2
12301,Rajdhani,Kanpur,Prayagraj,193.1,65.8,10.4,12.5,0.103,Clear,3,6,162.9
12723,Express,Gudur,Chennai,151.2,51.4,31.3,3.2,0.127,Rain,9,5,218.4
12723,Express,Warangal,Vijayawada,212.5,66.1,-0.4,9.3,0.104,Rain,2,6,204.2
12723,Express,Vijayawada,Gudur,207.2,57.0,-4.9,11.4,0.235,Rain,5,1,210.5
12860,Express,Pune,Solapur,190.2,67.5,17.6,5.4,0.396,Clear,3,0,193.4
12627,Express,Nellore,Vijayawada,149.0,53.7,7.1,8.1,0.209,Rain,3,4,190.8
12259,Duronto,Asansol,Dhanbad,120.3,76.2,-4.2,29.3,0.528,Clear,2,6,116.7
12860,Express,Mumbai,Pune,285.1,80.6,5.8,11.0,0.495,Clear,23,3,198.6
12627,Express,Chennai,Gudur,141.4,57.0,4.3,3.5,0.037,Clear,23,6,147.7
12951,Rajdhani,Kota,New Delhi,234.9,69.4,-5.0,8.7,0.128,Clear,10,2,206.5
12723,Express,Kazipet,Warangal,40.0,64.2,40.8,0.0,0.238,Clear,2,0,45.1
12301,Rajdhani,Prayagraj,DDU,137.1,58.6,14.0,0.0,0.327,Clear,5,1,184.0
12951,Rajdhani,Ratlam,Kota,238.7,77.8,15.6,11.3,0.329,Clear,6,5,185.9
12723,Express,Warangal,Vijayawada,152.3,54.3,6.7,5.5,0.375,Clear,2,6,219.5
12860,Express,Kalaburagi,Wadi,94.2,62.9,4.5,11.6,0.237,Heavy Rain,8,1,109.4
12259,Duronto,Gaya,DDU,177.2,69.5,13.7,9.7,0.276,Clear,6,0,171.9
12860,Express,Kalaburagi,Wadi,67.8,52.6,17.9,20.7,0.062,Clear,8,0,95.0
12627,Express,Chennai,Gudur,184.1,70.2,-5.0,2.3,0.073,Clear,0,4,150.4
12860,Express,Mumbai,Pune,154.2,55.1,11.1,9.0,0.118,Clear,0,3,209.1
12951,Rajdhani,Vadodara,Ratlam,194.0,69.2,0.5,16.1,0.572,Clear,4,5,189.0
12951,Rajdhani,Kota,New Delhi,276.7,77.0,-0.9,9.2,0.185,Clear,10,5,213.9
12951,Rajdhani,Surat,Vadodara,133.1,77.7,26.8,4.7,0.134,Clear,3,1,132.1
12627,Express,Gudur,Nellore,53.3,51.4,-1.5,13.2,0.383,Rain,3,4,96.2
12627,Express,Nellore,Vijayawada,166.2,61.2,23.1,20.4,0.248,Clear,2,1,200.8
12723,Express,Hyderabad,Kazipet,144.5,60.4,37.1,0.0,0.149,Rain,23,2,154.6
12723,Express,Hyderabad,Kazipet,89.8,48.0,-3.2,18.1,0.159,Clear,0,5,154.6
12951,Rajdhani,Mumbai,Surat,173.5,61.2,5.5,29.4,0.279,Clear,23,3,193.1
12860,Express,Pune,Solapur,169.0,54.0,9.5,15.7,0.369,Clear,4,3,197.5
12723,Express,Gudur,Chennai,194.2,56.4,5.9,13.7,0.25,Rain,8,3,215.6
12951,Rajdhani,Mumbai,Surat,256.4,80.4,11.8,7.8,0.447,Rain,0,3,195.0
12627,Express,Vijayawada,Warangal,201.0,70.7,-5.0,6.2,0.405,Fog,6,4,187.2
12259,Duronto,Asansol,Dhanbad,96.3,56.6,-3.4,8.0,0.421,Clear,2,3,102.3
12627,Express,Gudur,Nellore,80.0,79.7,32.9,7.4,0.151,Clear,2,3,66.5
12259,Duronto,Gaya,DDU,203.1,74.4,-5.0,10.4,0.215,Clear,7,4,170.4
12627,Express,Chennai,Gudur,133.9,54.9,25.5,5.4,0.108,Clear,23,6,170.4
12627,Express,Chennai,Gudur,120.2,55.0,28.8,0.0,0.256,Clear,0,6,161.5
12951,Rajdhani,Vadodara,Ratlam,135.9,53.0,12.9,4.4,0.576,Clear,5,1,184.7
12301,Rajdhani,Gaya,Howrah,155.9,62.0,7.3,17.5,0.058,Clear,10,6,189.0
12951,Rajdhani,Surat,Vadodara,111.0,54.4,15.3,10.8,0.13,Clear,3,6,140.2
12860,Express,Mumbai,Pune,158.3,54.0,30.6,25.5,0.392,Clear,23,5,234.9
12627,Express,Warangal,Secunderabad,206.5,75.6,7.4,24.1,0.323,Clear,8,2,194.7
12951,Rajdhani,Vadodara,Ratlam,201.1,72.7,-2.1,15.9,0.398,Clear,5,0,182.6
12723,Express,Kazipet,Warangal,40.0,62.8,1.1,22.7,0.292,Clear,2,6,49.4
12627,Express,Gudur,Nellore,80.1,80.7,28.6,20.5,0.371,Clear,2,3,90.0
12951,Rajdhani,Mumbai,Surat,182.4,70.3,-5.0,13.0,0.491,Clear,0,2,187.4
12259,Duronto,Asansol,Dhanbad,113.7,69.8,15.9,6.3,0.289,Clear,2,6,99.7
12301,Rajdhani,Gaya,Howrah,200.9,76.3,-1.5,17.2,0.304,Rain,10,5,185.9
12723,Express,Vijayawada,Gudur,180.7,52.7,22.3,3.3,0.217,Clear,6,3,216.8
12627,Express,Gudur,Nellore,80.5,67.7,-5.0,1.6,0.266,Clear,3,3,64.2
12301,Rajdhani,Gaya,Howrah,219.3,73.6,5.1,15.7,0.276,Rain,10,1,183.6
12860,Express,Solapur,Kalaburagi,86.4,40.3,29.1,10.1,0.61,Clear,5,0,197.8
12860,Express,Pune,Solapur,200.9,74.4,18.4,6.6,0.045,Clear,2,5,194.5
12627,Express,Nellore,Vijayawada,199.1,73.6,18.3,17.6,0.14,Clear,2,6,192.0
12951,Rajdhani,Surat,Vadodara,135.4,64.1,7.3,5.2,0.133,Rain,4,3,136.2
12259,Duronto,Gaya,DDU,194.7,67.0,-5.0,12.3,0.687,Heavy Rain,5,3,193.6
12860,Express,Wadi,Secunderabad,202.9,78.1,19.0,12.5,0.103,Clear,10,0,167.9
12301,Rajdhani,Kanpur,Prayagraj,131.9,57.5,18.0,16.4,0.168,Rain,2,5,183.5
12259,Duronto,Sealdah,Asansol,158.7,59.9,40.6,19.5,0.482,Clear,23,2,187.2
12301,Rajdhani,Prayagraj,DDU,158.0,56.0,19.8,8.4,0.145,Clear,5,2,185.9
12301,Rajdhani,New Delhi,Kanpur,202.2,68.3,21.6,9.0,0.511,Clear,23,0,167.3
12301,Rajdhani,Prayagraj,DDU,230.8,82.2,13.3,13.1,0.199,Rain,5,4,176.5
12951,Rajdhani,Kota,New Delhi,186.1,62.1,11.9,7.5,0.319,Rain,10,1,208.0
12627,Express,Gudur,Nellore,60.1,62.9,12.7,2.0,0.609,Fog,2,5,97.0
12627,Express,Chennai,Gudur,114.8,49.7,23.7,7.1,0.127,Clear,23,5,171.9
12951,Rajdhani,Mumbai,Surat,218.9,71.4,-2.0,13.2,0.413,Clear,0,3,183.4
12301,Rajdhani,New Delhi,Kanpur,172.1,66.6,28.6,25.6,0.324,Clear,23,1,185.9
12723,Express,Gudur,Chennai,160.1,45.7,-1.4,6.9,0.34,Clear,8,3,223.3
12723,Express,Warangal,Vijayawada,206.4,69.2,19.0,11.0,0.281,Fog,2,5,216.3
12951,Rajdhani,Vadodara,Ratlam,221.4,79.1,17.2,0.0,0.131,Clear,5,0,181.0
12627,Express,Warangal,Secunderabad,146.7,47.0,-5.0,5.9,0.618,Rain,9,1,219.5
12627,Express,Nellore,Vijayawada,149.9,58.3,-0.1,1.3,0.491,Clear,4,5,195.5
12951,Rajdhani,Ratlam,Kota,240.0,78.2,20.2,18.5,0.381,Rain,7,6,204.2
12860,Express,Wadi,Secunderabad,138.9,55.4,5.3,7.2,0.239,Fog,10,5,195.2
12723,Express,Vijayawada,Gudur,186.9,51.7,14.4,3.7,0.467,Clear,5,3,222.2
12259,Duronto,Sealdah,Asansol,198.9,77.8,13.5,0.0,0.237,Heavy Rain,0,2,181.9
12951,Rajdhani,Kota,New Delhi,210.9,64.2,21.4,2.3,0.4,Clear,10,4,214.3
12860,Express,Kalaburagi,Wadi,99.9,78.6,24.6,24.8,0.092,Rain,8,1,107.0
12951,Rajdhani,Kota,New Delhi,256.2,67.5,0.8,24.1,0.456,Clear,10,2,220.8
12860,Express,Kalaburagi,Wadi,79.5,59.6,6.4,31.9,0.269,Clear,8,4,99.4
12259,Duronto,Asansol,Dhanbad,104.2,67.0,22.1,15.6,0.128,Rain,2,2,125.3
12723,Express,Warangal,Vijayawada,213.5,68.8,15.8,13.9,0.214,Clear,3,6,219.3
12860,Express,Mumbai,Pune,211.2,69.9,12.2,0.0,0.436,Heavy Rain,0,5,208.9
12259,Duronto,Sealdah,Asansol,145.8,61.2,12.5,0.6,0.141,Clear,23,5,175.0
12860,Express,Mumbai,Pune,174.7,61.8,9.4,3.3,0.222,Clear,23,4,198.1
12951,Rajdhani,Surat,Vadodara,150.0,84.1,11.7,7.3,0.209,Clear,3,4,132.8
12860,Express,Kalaburagi,Wadi,84.7,58.7,26.3,16.7,0.237,Clear,8,1,108.4
12860,Express,Kalaburagi,Wadi,72.1,60.7,-5.0,16.9,0.322,Fog,8,6,99.0
12627,Express,Warangal,Secunderabad,168.2,62.9,34.4,13.4,0.366,Clear,8,3,205.4
12723,Express,Hyderabad,Kazipet,106.8,57.7,13.0,1.6,0.275,Rain,23,1,151.8
12860,Express,Kalaburagi,Wadi,82.6,62.8,-2.1,0.0,0.445,Clear,7,5,87.4
12301,Rajdhani,Prayagraj,DDU,179.4,77.4,15.1,16.4,0.372,Clear,5,5,174.5
12259,Duronto,Asansol,Dhanbad,101.1,55.9,-3.8,3.0,0.487,Clear,2,4,108.7
12860,Express,Kalaburagi,Wadi,115.3,80.8,15.3,19.4,0.048,Clear,9,5,92.4
12951,Rajdhani,Mumbai,Surat,221.6,68.0,30.3,17.4,0.239,Clear,23,3,203.1
12301,Rajdhani,DDU,Gaya,184.1,71.8,26.4,15.7,0.147,Heavy Rain,7,3,168.7
12723,Express,Vijayawada,Gudur,182.8,61.1,6.6,7.3,0.113,Fog,5,5,213.3
12723,Express,Hyderabad,Kazipet,144.5,65.8,-5.0,9.1,0.431,Clear,23,4,147.5
12259,Duronto,Dhanbad,Gaya,133.4,51.3,-2.0,0.0,0.184,Clear,4,5,159.1
12259,Duronto,Asansol,Dhanbad,130.1,79.7,18.9,9.0,0.35,Fog,1,4,119.7
12301,Rajdhani,Prayagraj,DDU,165.8,66.1,24.0,14.3,0.55,Clear,4,6,184.0
12259,Duronto,Gaya,DDU,199.4,68.5,11.5,12.1,0.238,Clear,6,1,180.3
12259,Duronto,Dhanbad,Gaya,161.9,61.8,-0.4,5.7,0.21,Rain,4,3,148.3
12723,Express,Warangal,Vijayawada,187.9,56.4,8.0,5.6,0.083,Clear,2,2,217.0
12723,Express,Hyderabad,Kazipet,140.2,71.1,9.8,7.0,0.162,Clear,0,4,129.4
12259,Duronto,DDU,New Delhi,238.5,69.0,40.4,4.7,0.337,Rain,9,4,231.6
12951,Rajdhani,Mumbai,Surat,191.1,69.8,-5.0,5.6,0.258,Rain,23,1,198.2
12723,Express,Gudur,Chennai,225.8,68.2,5.0,2.7,0.29,Clear,9,4,215.6
12301,Rajdhani,Gaya,Howrah,197.8,67.3,-1.3,2.8,0.135,Clear,9,5,161.3
12259,Duronto,Asansol,Dhanbad,93.7,61.3,12.8,23.5,0.356,Rain,1,2,118.9
12301,Rajdhani,Gaya,Howrah,155.5,55.9,12.1,8.4,0.256,Clear,10,3,190.0
12723,Express,Warangal,Vijayawada,300.4,81.0,32.8,26.8,0.052,Clear,2,3,217.0
12301,Rajdhani,Gaya,Howrah,176.3,70.0,5.7,4.4,0.292,Clear,10,1,172.9
12723,Express,Gudur,Chennai,168.7,51.0,7.8,3.7,0.257,Rain,9,2,221.8
12259,Duronto,Sealdah,Asansol,176.1,71.5,-0.6,6.3,0.198,Rain,0,0,163.2
12627,Express,Chennai,Gudur,145.3,58.2,13.7,3.0,0.077,Rain,0,3,160.6
12627,Express,Gudur,Nellore,54.4,46.5,11.3,4.3,0.161,Rain,1,3,91.0
12860,Express,Mumbai,Pune,157.6,46.0,37.6,5.3,0.129,Clear,23,0,216.0
12301,Rajdhani,New Delhi,Kanpur,172.9,58.2,12.6,5.3,0.536,Clear,0,6,172.9
12301,Rajdhani,Kanpur,Prayagraj,171.4,73.6,8.2,14.4,0.464,Clear,2,3,166.8
12860,Express,Pune,Solapur,198.6,62.2,-1.2,5.8,0.33,Clear,4,1,194.8
12259,Duronto,Gaya,DDU,215.8,68.3,-3.7,6.0,0.082,Rain,6,2,163.0
12627,Express,Chennai,Gudur,180.6,68.2,5.4,9.6,0.182,Clear,23,3,146.0
12723,Express,Kazipet,Warangal,40.0,63.6,12.6,9.3,0.216,Clear,0,6,49.7
12301,Rajdhani,DDU,Gaya,165.4,66.7,26.1,14.2,0.61,Clear,8,3,162.9
12723,Express,Gudur,Chennai,175.0,56.9,19.0,12.0,0.164,Heavy Rain,9,1,234.4
12301,Rajdhani,Kanpur,Prayagraj,226.8,83.6,24.7,5.8,0.471,Clear,2,5,179.9
12860,Express,Solapur,Kalaburagi,156.5,73.4,9.5,13.2,0.461,Clear,6,5,165.6
12951,Rajdhani,Surat,Vadodara,148.7,76.0,19.4,18.3,0.843,Clear,3,2,142.3
12723,Express,Vijayawada,Gudur,190.4,61.3,9.5,9.0,0.215,Clear,6,2,202.8
12951,Rajdhani,Kota,New Delhi,201.1,62.1,22.1,17.7,0.163,Clear,11,3,213.8
12259,Duronto,Sealdah,Asansol,163.6,60.8,24.3,16.2,0.31,Rain,0,1,180.3
12860,Express,Solapur,Kalaburagi,140.7,54.7,6.9,4.0,0.544,Heavy Rain,5,4,181.6
12860,Express,Pune,Solapur,161.9,53.1,14.6,19.3,0.492,Rain,3,3,214.7
12860,Express,Mumbai,Pune,178.6,65.0,20.4,6.8,0.466,Clear,0,4,206.7
12951,Rajdhani,Kota,New Delhi,221.9,72.6,20.9,8.0,0.018,Clear,11,1,212.5
12860,Express,Mumbai,Pune,213.6,70.6,29.0,19.8,0.189,Clear,23,0,210.2
12259,Duronto,Sealdah,Asansol,151.5,61.9,0.4,3.1,0.414,Clear,0,1,166.4
12259,Duronto,DDU,New Delhi,289.7,74.5,4.2,15.5,0.185,Clear,8,3,218.7
12627,Express,Warangal,Secunderabad,178.6,53.5,24.0,16.4,0.279,Clear,9,0,202.9
12723,Express,Gudur,Chennai,200.6,72.5,27.9,4.3,0.145,Heavy Rain,7,0,225.8
12259,Duronto,Gaya,DDU,234.9,89.4,13.8,16.8,0.189,Rain,6,3,177.9
12259,Duronto,Gaya,DDU,186.2,67.6,4.0,0.0,0.481,Rain,6,3,183.2
12301,Rajdhani,Kanpur,Prayagraj,172.7,69.0,5.3,17.3,0.137,Clear,2,4,164.9
12627,Express,Chennai,Gudur,121.5,48.5,9.1,14.7,0.191,Heavy Rain,0,2,186.0
12301,Rajdhani,New Delhi,Kanpur,168.2,70.4,13.6,7.4,0.391,Rain,0,3,168.5
12723,Express,Kazipet,Warangal,41.6,71.4,0.1,8.4,0.609,Clear,1,2,47.0
12860,Express,Solapur,Kalaburagi,165.1,61.2,17.7,0.0,0.057,Fog,5,6,165.9
12723,Express,Gudur,Chennai,214.2,61.7,12.3,13.2,0.331,Rain,8,1,225.2
12860,Express,Pune,Solapur,186.6,66.6,9.4,1.2,0.267,Rain,3,5,197.1
12723,Express,Gudur,Chennai,218.9,64.8,7.6,0.0,0.473,Fog,8,1,221.3
12723,Express,Hyderabad,Kazipet,145.1,65.4,14.4,0.0,0.082,Heavy Rain,0,0,155.8
12627,Express,Gudur,Nellore,83.1,70.5,0.8,10.5,0.516,Clear,2,5,83.1
12723,Express,Kazipet,Warangal,40.0,52.9,-5.0,23.2,0.413,Clear,2,2,46.1
12627,Express,Nellore,Vijayawada,219.3,69.0,-0.1,11.4,0.343,Clear,3,6,200.9
12627,Express,Warangal,Secunderabad,148.4,51.0,20.9,5.0,0.38,Clear,9,6,220.3
12860,Express,Wadi,Secunderabad,123.2,52.1,1.3,15.9,0.225,Clear,9,2,184.1
12301,Rajdhani,Gaya,Howrah,159.5,62.4,9.8,15.1,0.36,Clear,9,5,184.2
12259,Duronto,DDU,New Delhi,192.6,54.4,23.9,10.9,0.267,Clear,9,5,248.1
12860,Express,Mumbai,Pune,224.0,62.4,15.0,4.4,0.259,Clear,0,6,203.1
12860,Express,Kalaburagi,Wadi,73.6,60.7,-2.1,6.6,0.141,Fog,8,1,99.7
12723,Express,Vijayawada,Gudur,227.9,65.0,-1.2,9.2,0.332,Clear,6,4,200.2
12627,Express,Vijayawada,Warangal,193.7,65.1,10.8,4.2,0.228,Clear,6,1,190.5
12860,Express,Mumbai,Pune,187.3,59.5,5.7,1.8,0.245,Rain,23,0,205.3
12951,Rajdhani,Mumbai,Surat,240.7,74.3,12.5,5.5,0.061,Clear,23,6,181.6
12259,Duronto,Sealdah,Asansol,174.3,77.8,24.9,12.3,0.198,Clear,0,5,167.0
12259,Duronto,Sealdah,Asansol,190.3,67.7,27.1,15.0,0.398,Clear,23,5,173.5
12627,Express,Gudur,Nellore,61.4,61.1,-5.0,0.0,0.435,Fog,2,4,80.2
12301,Rajdhani,DDU,Gaya,144.9,69.8,18.1,1.1,0.281,Clear,7,0,154.3
12627,Express,Chennai,Gudur,213.5,80.5,2.6,4.4,0.297,Clear,0,0,162.1
12723,Express,Kazipet,Warangal,40.0,72.7,6.2,2.7,0.574,Rain,1,0,50.7
12259,Duronto,Gaya,DDU,164.7,56.5,-5.0,11.6,0.136,Clear,5,2,163.8
12627,Express,Warangal,Secunderabad,152.3,52.6,21.6,24.9,0.078,Fog,9,6,210.8
12627,Express,Chennai,Gudur,178.0,65.4,10.8,13.8,0.35,Rain,23,0,172.7
12860,Express,Solapur,Kalaburagi,157.0,63.9,20.6,15.1,0.157,Clear,6,0,160.4
12259,Duronto,Dhanbad,Gaya,170.0,81.2,-5.0,4.4,0.487,Clear,4,4,157.7
12627,Express,Vijayawada,Warangal,223.3,66.5,9.0,20.4,0.218,Clear,7,1,191.6
12860,Express,Mumbai,Pune,178.5,52.3,14.4,16.9,0.17,Rain,23,0,220.5
12259,Duronto,Asansol,Dhanbad,83.7,61.2,15.9,12.7,0.602,Clear,1,4,120.3
12951,Rajdhani,Kota,New Delhi,221.0,61.2,24.5,14.4,0.497,Clear,10,3,224.2
12301,Rajdhani,DDU,Gaya,136.0,63.4,2.3,13.1,0.617,Clear,8,2,147.5
12301,Rajdhani,DDU,Gaya,162.2,71.0,31.0,8.0,0.475,Clear,8,5,156.5
12259,Duronto,Asansol,Dhanbad,128.0,74.3,-5.0,6.4,0.148,Fog,2,5,104.3
12259,Duronto,Dhanbad,Gaya,170.5,71.9,6.1,20.5,0.299,Rain,3,6,166.6
12951,Rajdhani,Surat,Vadodara,129.4,63.1,15.0,0.0,0.466,Rain,2,5,140.6
12259,Duronto,Sealdah,Asansol,140.6,65.0,16.9,0.0,0.272,Clear,0,1,152.6
12627,Express,Chennai,Gudur,156.6,65.6,14.0,3.5,0.245,Rain,23,4,150.0
12301,Rajdhani,Gaya,Howrah,183.3,68.4,-5.0,2.2,0.496,Rain,9,1,182.4
12259,Duronto,Dhanbad,Gaya,196.3,79.6,-5.0,18.1,0.172,Clear,4,4,147.8
12301,Rajdhani,New Delhi,Kanpur,176.0,66.7,19.8,0.0,0.39,Clear,23,2,171.2
12259,Duronto,DDU,New Delhi,184.1,60.7,18.7,13.2,0.111,Clear,10,3,222.2
12951,Rajdhani,Vadodara,Ratlam,226.2,72.7,30.1,8.4,0.279,Heavy Rain,4,3,193.5
12951,Rajdhani,Mumbai,Surat,216.8,64.3,17.8,31.4,0.269,Clear,0,1,198.2
12723,Express,Vijayawada,Gudur,162.8,47.6,4.0,6.9,0.387,Clear,6,4,227.0
12259,Duronto,Sealdah,Asansol,176.7,74.2,-0.8,13.6,0.276,Fog,23,6,164.6
12301,Rajdhani,Prayagraj,DDU,193.6,64.7,30.2,16.9,0.527,Rain,5,3,196.3
12951,Rajdhani,Vadodara,Ratlam,198.9,65.5,7.9,11.5,0.278,Clear,4,6,172.4
12860,Express,Pune,Solapur,196.0,58.3,-5.0,0.6,0.646,Fog,2,2,200.3
12860,Express,Solapur,Kalaburagi,119.3,47.5,41.3,9.6,0.085,Clear,6,6,177.0
12627,Express,Chennai,Gudur,151.8,69.2,10.1,4.8,0.532,Clear,0,4,155.0
12723,Express,Gudur,Chennai,205.5,63.6,12.1,20.6,0.337,Rain,10,0,204.4
12723,Express,Vijayawada,Gudur,160.6,54.0,-3.4,3.2,0.428,Clear,5,0,206.8
12860,Express,Kalaburagi,Wadi,82.2,54.3,14.7,11.9,0.172,Clear,8,5,118.4
12951,Rajdhani,Vadodara,Ratlam,179.7,66.2,12.1,12.2,0.127,Rain,4,2,185.3
12951,Rajdhani,Mumbai,Surat,210.2,71.2,31.6,7.7,0.335,Clear,23,1,193.3
12860,Express,Pune,Solapur,147.0,45.4,20.5,13.5,0.46,Clear,2,6,215.3
12860,Express,Mumbai,Pune,237.3,66.1,-5.0,10.5,0.292,Clear,0,4,205.1
12860,Express,Solapur,Kalaburagi,171.1,62.1,20.5,27.8,0.042,Clear,6,0,172.6
12627,Express,Vijayawada,Warangal,234.9,80.0,19.1,1.5,0.29,Rain,5,0,199.5
12951,Rajdhani,Ratlam,Kota,235.6,75.4,21.2,0.0,0.142,Clear,8,2,187.9
12301,Rajdhani,Prayagraj,DDU,143.3,60.7,7.7,4.4,0.03,Rain,6,5,175.8
12951,Rajdhani,Surat,Vadodara,116.9,57.8,1.9,10.2,0.605,Clear,3,5,144.1
12259,Duronto,DDU,New Delhi,216.0,70.6,8.1,20.4,0.116,Clear,9,5,213.5
12723,Express,Kazipet,Warangal,40.0,69.4,6.6,14.7,0.28,Clear,2,1,52.1
12951,Rajdhani,Vadodara,Ratlam,204.1,68.1,1.8,0.0,0.285,Clear,5,3,178.2
12627,Express,Warangal,Secunderabad,235.3,70.2,15.2,12.3,0.611,Heavy Rain,8,1,215.3
12301,Rajdhani,Kanpur,Prayagraj,214.1,72.5,21.3,18.1,0.308,Clear,2,6,178.0
12627,Express,Vijayawada,Warangal,236.3,72.6,36.2,11.4,0.606,Clear,6,4,204.6
12627,Express,Warangal,Secunderabad,209.3,61.4,-2.7,5.1,0.447,Heavy Rain,9,1,197.8
12627,Express,Chennai,Gudur,144.6,61.8,12.4,10.6,0.15,Clear,23,5,158.0
12259,Duronto,Gaya,DDU,161.4,64.5,30.7,1.3,0.271,Clear,6,2,179.7
12259,Duronto,DDU,New Delhi,204.7,56.9,21.8,0.0,0.196,Rain,9,1,236.0
12301,Rajdhani,DDU,Gaya,144.6,66.9,34.6,10.0,0.335,Clear,8,6,158.8
12301,Rajdhani,New Delhi,Kanpur,173.0,71.4,21.2,14.5,0.353,Rain,1,5,181.0
12627,Express,Chennai,Gudur,165.9,61.5,10.3,14.9,0.404,Clear,0,4,162.3
12860,Express,Mumbai,Pune,215.7,67.9,6.6,20.2,0.621,Rain,23,3,216.8
12723,Express,Warangal,Vijayawada,182.2,63.2,21.0,11.1,0.186,Clear,1,4,211.3
12301,Rajdhani,Kanpur,Prayagraj,168.3,70.0,13.5,10.4,0.5,Rain,1,0,181.0
12301,Rajdhani,Kanpur,Prayagraj,161.0,70.8,14.6,0.0,0.558,Clear,3,6,179.8
12860,Express,Kalaburagi,Wadi,80.1,58.7,9.2,0.0,0.013,Rain,8,4,98.1
12951,Rajdhani,Ratlam,Kota,202.4,59.1,19.7,11.7,0.078,Clear,7,6,200.3
12259,Duronto,Dhanbad,Gaya,194.5,73.2,21.3,13.2,0.561,Clear,3,6,166.5
12860,Express,Mumbai,Pune,234.1,65.2,11.7,12.9,0.319,Rain,23,6,190.5
12259,Duronto,Gaya,DDU,175.4,58.8,15.4,10.2,0.155,Rain,5,4,190.3
12627,Express,Gudur,Nellore,64.0,52.7,6.1,6.7,0.105,Clear,1,6,85.6
12951,Rajdhani,Ratlam,Kota,217.8,67.8,22.8,16.2,0.56,Clear,7,5,193.4
12627,Express,Gudur,Nellore,62.3,53.0,3.1,8.9,0.549,Rain,2,1,100.4
12723,Express,Hyderabad,Kazipet,121.5,57.0,27.7,20.7,0.368,Heavy Rain,23,4,165.2
12301,Rajdhani,Kanpur,Prayagraj,259.5,92.5,12.7,20.2,0.145,Clear,3,5,169.2
12860,Express,Mumbai,Pune,167.3,57.7,8.2,3.6,0.155,Clear,23,2,207.8
12723,Express,Vijayawada,Gudur,217.0,61.4,10.7,20.9,0.23,Heavy Rain,6,2,222.1
12951,Rajdhani,Kota,New Delhi,275.9,76.5,-5.0,21.2,0.301,Clear,11,2,212.0
12301,Rajdhani,DDU,Gaya,133.8,58.3,13.0,0.0,0.338,Fog,8,6,160.4
12723,Express,Hyderabad,Kazipet,121.7,53.3,1.8,14.1,0.479,Clear,0,0,153.5
12259,Duronto,DDU,New Delhi,284.9,74.3,11.4,0.4,0.474,Clear,9,5,213.6
12627,Express,Chennai,Gudur,109.1,52.7,18.5,9.9,0.22,Clear,23,1,177.2
12723,Express,Kazipet,Warangal,40.0,47.6,9.1,13.5,0.488,Clear,1,0,66.1
12259,Duronto,Sealdah,Asansol,160.6,74.2,16.4,0.0,0.47,Rain,23,4,171.4
12627,Express,Vijayawada,Warangal,231.0,67.7,14.3,3.9,0.075,Rain,6,6,192.8
12627,Express,Chennai,Gudur,124.4,60.0,21.3,0.0,0.3,Rain,0,6,168.3
12723,Express,Warangal,Vijayawada,193.7,65.6,19.7,10.0,0.044,Clear,2,0,202.0
12860,Express,Solapur,Kalaburagi,193.8,69.2,-5.0,19.2,0.304,Rain,6,3,161.9
12723,Express,Warangal,Vijayawada,203.8,66.2,5.1,14.5,0.488,Clear,2,0,196.4
12627,Express,Chennai,Gudur,144.7,62.1,22.0,8.4,0.061,Rain,23,0,161.4
12301,Rajdhani,Gaya,Howrah,156.0,56.8,13.7,14.8,0.049,Clear,10,1,191.4
12301,Rajdhani,Prayagraj,DDU,173.4,70.1,23.7,29.5,0.151,Clear,4,4,180.7
12301,Rajdhani,Gaya,Howrah,177.5,65.2,4.5,0.0,0.095,Heavy Rain,9,2,201.9
12723,Express,Hyderabad,Kazipet,149.4,69.9,36.5,21.9,0.128,Heavy Rain,0,3,167.1
12259,Duronto,Asansol,Dhanbad,98.6,61.2,-1.5,12.6,0.293,Clear,2,4,100.2
12301,Rajdhani,Kanpur,Prayagraj,181.2,75.7,4.7,6.3,0.554,Heavy Rain,1,0,187.9
12259,Duronto,Asansol,Dhanbad,114.3,75.4,-5.0,6.6,0.11,Rain,2,1,103.8
12723,Express,Vijayawada,Gudur,212.9,68.2,22.9,11.5,0.131,Heavy Rain,6,3,222.9
12723,Express,Vijayawada,Gudur,223.6,68.1,22.7,15.1,0.362,Clear,6,3,218.9
12951,Rajdhani,Surat,Vadodara,175.0,79.3,16.4,9.3,0.174,Clear,3,6,125.6
12627,Express,Vijayawada,Warangal,240.6,73.4,16.0,10.8,0.254,Clear,6,5,195.8
12627,Express,Warangal,Secunderabad,248.8,72.5,-2.0,7.7,0.332,Clear,10,6,179.9
12951,Rajdhani,Vadodara,Ratlam,196.1,66.3,23.4,3.7,0.357,Clear,4,5,183.3
12301,Rajdhani,Gaya,Howrah,203.3,78.6,17.6,1.7,0.284,Clear,9,6,187.1
12301,Rajdhani,Gaya,Howrah,232.1,75.6,23.4,18.2,0.201,Rain,10,1,194.7
12627,Express,Nellore,Vijayawada,208.7,62.1,-5.0,0.0,0.118,Rain,4,0,188.5
12723,Express,Kazipet,Warangal,46.3,72.7,27.3,15.9,0.221,Clear,2,6,48.9
12259,Duronto,Gaya,DDU,155.3,55.7,21.8,15.7,0.457,Clear,7,2,198.9
12860,Express,Mumbai,Pune,203.1,73.7,-5.0,1.6,0.266,Clear,23,4,197.2
12301,Rajdhani,New Delhi,Kanpur,178.3,71.2,-5.0,14.9,0.043,Rain,0,4,159.0
12259,Duronto,Asansol,Dhanbad,98.9,64.9,6.7,20.1,0.597,Clear,3,4,114.5
12860,Express,Pune,Solapur,177.5,51.5,-5.0,0.0,0.317,Rain,2,4,208.1
12723,Express,Gudur,Chennai,222.6,72.7,6.5,8.9,0.152,Clear,9,6,198.0
12301,Rajdhani,Gaya,Howrah,204.0,68.0,3.6,9.4,0.587,Clear,9,0,180.1
12301,Rajdhani,DDU,Gaya,168.4,75.5,12.5,6.6,0.637,Rain,8,5,164.4
12723,Express,Hyderabad,Kazipet,147.6,66.4,15.5,11.3,0.214,Clear,0,4,138.0
12951,Rajdhani,Kota,New Delhi,225.6,72.7,-5.0,7.3,0.424,Clear,10,2,211.0
12723,Express,Gudur,Chennai,148.5,53.1,6.9,24.2,0.164,Rain,9,4,220.4
12951,Rajdhani,Kota,New Delhi,231.6,75.7,-5.0,6.1,0.202,Clear,10,0,197.6
12259,Duronto,Sealdah,Asansol,205.2,74.0,34.5,15.0,0.182,Clear,0,1,164.1
12860,Express,Wadi,Secunderabad,173.6,74.7,22.6,10.7,0.408,Heavy Rain,9,6,192.2
12627,Express,Warangal,Secunderabad,188.1,58.1,-3.5,5.4,0.137,Rain,9,5,191.8
12860,Express,Mumbai,Pune,198.1,64.8,24.6,3.6,0.322,Rain,0,1,214.8
12951,Rajdhani,Kota,New Delhi,191.9,64.1,-4.2,14.2,0.446,Clear,11,1,207.3
12860,Express,Wadi,Secunderabad,154.4,62.7,13.1,0.0,0.316,Clear,9,4,169.5
12951,Rajdhani,Surat,Vadodara,145.3,72.8,12.8,0.0,0.242,Clear,2,6,134.4
12301,Rajdhani,Kanpur,Prayagraj,181.5,64.4,8.7,28.1,0.224,Heavy Rain,3,1,190.7
12627,Express,Nellore,Vijayawada,171.0,59.6,34.3,0.0,0.338,Clear,3,4,205.6
12860,Express,Solapur,Kalaburagi,143.2,57.6,3.0,14.5,0.653,Rain,6,0,188.4
12627,Express,Vijayawada,Warangal,196.2,58.4,2.8,14.3,0.099,Rain,6,6,200.6
12951,Rajdhani,Surat,Vadodara,145.1,67.9,-4.4,3.0,0.065,Rain,2,6,126.9
12627,Express,Warangal,Secunderabad,208.9,70.1,14.4,14.9,0.521,Rain,8,6,206.7
12259,Duronto,Asansol,Dhanbad,107.0,76.5,4.8,22.1,0.152,Rain,2,4,104.6
12627,Express,Gudur,Nellore,61.4,54.7,2.6,8.5,0.137,Clear,1,1,75.3
12301,Rajdhani,New Delhi,Kanpur,163.7,59.7,0.9,1.6,0.352,Heavy Rain,23,1,174.7
12723,Express,Vijayawada,Gudur,242.5,67.4,11.2,14.4,0.542,Clear,5,4,218.3
12627,Express,Warangal,Secunderabad,180.6,60.6,22.6,14.1,0.219,Clear,8,0,207.7
12723,Express,Kazipet,Warangal,45.3,73.7,10.9,2.6,0.509,Clear,2,2,47.7
12723,Express,Kazipet,Warangal,40.0,72.7,-1.9,1.6,0.319,Clear,3,1,33.4
12259,Duronto,Sealdah,Asansol,216.2,75.3,20.1,24.3,0.524,Clear,23,3,173.9
12301,Rajdhani,DDU,Gaya,151.8,78.3,12.3,0.0,0.269,Clear,7,5,147.9
12723,Express,Warangal,Vijayawada,235.8,68.5,16.3,0.0,0.091,Clear,2,0,205.1
12301,Rajdhani,Gaya,Howrah,258.0,80.3,15.2,19.1,0.116,Heavy Rain,10,5,195.2
12951,Rajdhani,Surat,Vadodara,168.5,81.1,11.5,13.3,0.185,Fog,3,4,149.7
12723,Express,Hyderabad,Kazipet,136.9,64.3,7.6,3.4,0.211,Clear,0,2,144.2
12301,Rajdhani,Prayagraj,DDU,214.1,80.8,7.6,25.4,0.173,Clear,5,3,171.1
12860,Express,Solapur,Kalaburagi,120.6,42.0,15.8,14.6,0.146,Clear,6,3,181.4
12627,Express,Nellore,Vijayawada,173.0,58.9,19.0,0.1,0.324,Clear,3,3,195.0
12723,Express,Warangal,Vijayawada,287.3,78.0,21.2,11.4,0.328,Heavy Rain,2,1,232.4
12627,Express,Vijayawada,Warangal,189.7,56.3,5.8,7.3,0.114,Clear,6,6,192.5
12860,Express,Kalaburagi,Wadi,95.7,77.4,12.6,10.1,0.312,Rain,8,0,104.2
12627,Express,Chennai,Gudur,152.7,65.3,17.2,3.1,0.59,Heavy Rain,23,0,181.2
12301,Rajdhani,Gaya,Howrah,206.3,81.6,12.8,11.0,0.135,Clear,10,2,177.3
12259,Duronto,Dhanbad,Gaya,152.1,63.1,15.2,18.1,0.143,Clear,4,2,149.8
12301,Rajdhani,DDU,Gaya,136.1,68.4,1.9,10.0,0.284,Heavy Rain,8,5,161.1
12627,Express,Warangal,Secunderabad,150.8,52.6,32.9,16.2,0.08,Clear,8,5,205.4
12627,Express,Vijayawada,Warangal,160.3,57.3,18.0,6.4,0.196,Rain,6,6,202.7
12723,Express,Hyderabad,Kazipet,118.3,53.5,30.6,10.2,0.232,Clear,0,5,149.3
12951,Rajdhani,Surat,Vadodara,145.1,65.4,-3.7,0.0,0.308,Heavy Rain,2,4,136.0
12301,Rajdhani,Gaya,Howrah,165.0,68.3,-3.0,21.1,0.176,Clear,10,5,174.9
12259,Duronto,Gaya,DDU,182.1,65.6,4.2,13.8,0.107,Clear,7,3,175.3
12301,Rajdhani,DDU,Gaya,152.9,62.5,14.5,11.2,0.076,Rain,7,0,142.0
12951,Rajdhani,Ratlam,Kota,239.6,89.1,11.4,0.0,0.575,Fog,7,1,210.6
12259,Duronto,Asansol,Dhanbad,105.1,68.6,-5.0,6.6,0.214,Clear,2,4,96.0
12301,Rajdhani,DDU,Gaya,166.0,79.8,28.5,13.3,0.402,Clear,7,3,149.9
12723,Express,Vijayawada,Gudur,222.2,61.5,1.8,6.1,0.4,Clear,5,2,204.9
12951,Rajdhani,Vadodara,Ratlam,173.6,63.5,0.9,17.0,0.369,Clear,4,1,179.2
12860,Express,Solapur,Kalaburagi,179.5,65.5,32.7,25.1,0.265,Rain,5,2,169.4
12860,Express,Pune,Solapur,200.6,68.4,33.9,15.4,0.452,Clear,2,6,189.4
12723,Express,Gudur,Chennai,202.5,57.7,6.0,4.2,0.276,Clear,9,5,207.7
12301,Rajdhani,Kanpur,Prayagraj,169.8,59.0,16.9,21.4,0.328,Fog,3,3,184.3
12723,Express,Kazipet,Warangal,40.0,61.4,20.8,4.2,0.208,Clear,1,2,51.2
12627,Express,Gudur,Nellore,57.2,50.5,16.4,25.0,0.381,Rain,2,1,105.2
12259,Duronto,Dhanbad,Gaya,186.3,78.7,26.0,4.2,0.492,Fog,3,1,182.1
12259,Duronto,Asansol,Dhanbad,99.6,63.7,3.6,13.4,0.305,Clear,2,0,112.8
12860,Express,Solapur,Kalaburagi,129.0,55.0,-5.0,3.4,0.159,Clear,6,4,152.1
12301,Rajdhani,Kanpur,Prayagraj,199.3,68.7,10.4,17.8,0.257,Fog,2,5,179.7
12951,Rajdhani,Ratlam,Kota,211.7,62.1,5.5,13.8,0.451,Clear,7,2,197.0
12627,Express,Warangal,Secunderabad,231.5,81.3,4.1,3.3,0.266,Clear,8,0,174.6
12860,Express,Solapur,Kalaburagi,129.4,60.2,7.7,0.0,0.389,Clear,6,3,170.1
12951,Rajdhani,Surat,Vadodara,154.5,77.2,9.1,0.0,0.233,Clear,3,1,135.4
12723,Express,Kazipet,Warangal,40.0,66.6,-0.7,7.3,0.131,Rain,1,4,29.4
12951,Rajdhani,Surat,Vadodara,142.5,62.8,-5.0,0.0,0.373,Heavy Rain,3,6,132.3
12951,Rajdhani,Kota,New Delhi,270.7,85.3,4.0,5.4,0.48,Clear,10,2,210.6
12723,Express,Gudur,Chennai,229.7,66.7,-5.0,7.7,0.436,Clear,9,4,207.5
12723,Express,Gudur,Chennai,181.8,58.9,36.1,12.1,0.432,Rain,9,0,234.6
12301,Rajdhani,DDU,Gaya,167.3,67.6,39.3,9.8,0.061,Clear,8,6,158.1
12951,Rajdhani,Ratlam,Kota,217.4,78.5,0.9,8.1,0.541,Clear,7,4,191.7
12301,Rajdhani,DDU,Gaya,171.7,81.3,1.1,19.6,0.477,Fog,7,6,156.7
12259,Duronto,Asansol,Dhanbad,108.2,73.2,16.1,1.3,0.247,Heavy Rain,1,3,119.0
12301,Rajdhani,DDU,Gaya,164.4,71.1,20.3,6.6,0.177,Rain,7,5,147.3
12259,Duronto,DDU,New Delhi,203.2,68.0,17.0,3.0,0.419,Clear,9,2,212.4
12860,Express,Kalaburagi,Wadi,91.8,61.3,3.0,1.7,0.125,Clear,8,5,89.3
12860,Express,Pune,Solapur,137.4,43.8,13.4,2.9,0.416,Clear,3,2,209.7
12723,Express,Vijayawada,Gudur,166.4,56.5,-5.0,0.0,0.114,Clear,5,2,206.6
12860,Express,Wadi,Secunderabad,168.0,67.2,31.1,5.3,0.263,Clear,10,3,167.7
12259,Duronto,DDU,New Delhi,181.8,51.3,10.1,0.0,0.382,Heavy Rain,9,2,240.9
12951,Rajdhani,Surat,Vadodara,149.7,77.6,5.1,8.9,0.493,Clear,2,4,138.2
12627,Express,Warangal,Secunderabad,202.1,60.6,20.9,0.0,0.507,Clear,9,2,198.7
12860,Express,Pune,Solapur,199.2,58.4,9.5,0.0,0.275,Heavy Rain,3,5,200.5
12259,Duronto,Gaya,DDU,176.6,74.5,-5.0,22.7,0.258,Clear,6,4,170.0
12860,Express,Solapur,Kalaburagi,191.7,69.7,36.8,13.8,0.199,Clear,6,0,177.2
12301,Rajdhani,Prayagraj,DDU,158.1,62.6,0.9,17.7,0.348,Clear,4,5,174.4
12301,Rajdhani,Prayagraj,DDU,236.2,79.1,8.9,16.1,0.344,Clear,4,1,172.7
12627,Express,Chennai,Gudur,149.6,57.0,28.9,17.2,0.455,Clear,0,0,167.2
12259,Duronto,Dhanbad,Gaya,156.6,72.9,21.4,7.7,0.405,Heavy Rain,3,1,176.7
12259,Duronto,Gaya,DDU,172.3,69.9,18.2,10.7,0.25,Clear,6,2,179.7
12860,Express,Solapur,Kalaburagi,167.1,64.9,0.5,21.3,0.118,Clear,6,1,161.2
12951,Rajdhani,Surat,Vadodara,155.9,81.9,38.9,16.7,0.537,Clear,2,2,147.4
12627,Express,Warangal,Secunderabad,199.5,68.3,14.5,8.4,0.434,Clear,9,0,200.8
12723,Express,Hyderabad,Kazipet,146.9,75.1,14.3,11.9,0.158,Clear,23,5,130.2
12951,Rajdhani,Vadodara,Ratlam,205.2,71.9,0.5,18.5,0.227,Rain,4,1,185.2
12627,Express,Vijayawada,Warangal,150.0,57.5,9.4,3.2,0.138,Clear,6,5,189.1
12259,Duronto,Gaya,DDU,176.9,71.2,8.7,1.4,0.367,Clear,7,6,178.8
12627,Express,Nellore,Vijayawada,189.6,73.8,7.1,11.8,0.104,Clear,4,2,184.3
12627,Express,Gudur,Nellore,78.1,63.5,27.0,6.9,0.393,Rain,2,1,90.7
12951,Rajdhani,Surat,Vadodara,154.4,77.8,24.5,0.0,0.294,Clear,2,3,129.4
12301,Rajdhani,Gaya,Howrah,168.0,69.0,18.7,18.5,0.282,Clear,9,4,191.9
12860,Express,Solapur,Kalaburagi,180.3,62.8,14.3,12.6,0.292,Fog,6,2,180.9
12301,Rajdhani,DDU,Gaya,160.4,71.3,12.0,5.8,0.361,Rain,8,4,151.9
12301,Rajdhani,Prayagraj,DDU,129.2,54.3,29.5,3.7,0.217,Clear,5,5,193.2
12860,Express,Wadi,Secunderabad,177.1,59.6,17.6,14.9,0.323,Clear,10,3,175.3
12627,Express,Warangal,Secunderabad,206.1,61.9,15.1,13.1,0.272,Clear,9,5,190.8
12951,Rajdhani,Ratlam,Kota,158.5,59.9,11.5,16.2,0.15,Heavy Rain,7,6,212.3
12723,Express,Warangal,Vijayawada,173.8,61.0,-2.0,17.1,0.176,Fog,2,3,211.7
12860,Express,Pune,Solapur,188.0,59.1,7.9,15.7,0.274,Rain,2,6,192.9
12723,Express,Kazipet,Warangal,45.7,74.3,8.5,0.0,0.403,Clear,2,0,38.5
12627,Express,Chennai,Gudur,140.4,56.1,3.5,0.5,0.21,Heavy Rain,1,0,169.0
12951,Rajdhani,Kota,New Delhi,259.4,67.7,4.5,2.0,0.418,Clear,9,6,196.4
12723,Express,Vijayawada,Gudur,200.6,62.1,-5.0,11.0,0.149,Heavy Rain,6,2,208.6
12723,Express,Vijayawada,Gudur,184.4,56.7,5.6,10.9,0.239,Clear,5,2,204.8
12723,Express,Gudur,Chennai,239.9,72.7,-5.0,0.0,0.363,Clear,9,0,194.2
12301,Rajdhani,DDU,Gaya,135.1,63.5,14.4,10.6,0.165,Clear,7,1,151.4
12723,Express,Gudur,Chennai,250.1,77.1,8.1,21.4,0.094,Clear,9,0,206.8
12627,Express,Gudur,Nellore,58.4,62.9,26.6,8.4,0.333,Rain,2,0,96.2
12951,Rajdhani,Kota,New Delhi,232.0,70.9,4.4,0.0,0.59,Clear,11,5,220.5
12951,Rajdhani,Mumbai,Surat,270.3,88.5,-0.3,3.0,0.519,Clear,23,0,196.4
12951,Rajdhani,Kota,New Delhi,215.3,69.3,26.2,5.8,0.042,Rain,11,6,223.7
12627,Express,Chennai,Gudur,176.6,66.7,22.1,0.0,0.093,Rain,23,5,162.2
12860,Express,Kalaburagi,Wadi,98.2,65.2,16.3,0.0,0.268,Rain,9,1,100.0
12951,Rajdhani,Vadodara,Ratlam,206.5,72.7,17.8,11.1,0.172,Fog,6,3,185.2
12723,Express,Hyderabad,Kazipet,131.6,59.6,11.8,29.6,0.058,Clear,23,3,152.1
12259,Duronto,Asansol,Dhanbad,139.8,77.6,34.1,18.7,0.215,Rain,1,4,120.0
12951,Rajdhani,Mumbai,Surat,180.2,52.7,15.7,17.7,0.358,Rain,0,2,216.8
12259,Duronto,Dhanbad,Gaya,211.4,77.5,8.0,3.5,0.069,Clear,4,3,160.8
12860,Express,Wadi,Secunderabad,144.2,52.9,-0.3,25.1,0.107,Clear,9,1,172.1
12259,Duronto,Dhanbad,Gaya,168.5,66.7,16.3,8.5,0.111,Heavy Rain,4,6,174.6
12259,Duronto,Dhanbad,Gaya,158.1,68.4,24.8,9.9,0.325,Clear,4,5,170.9
12259,Duronto,DDU,New Delhi,269.8,71.8,-5.0,17.5,0.03,Clear,8,2,197.2
12723,Express,Hyderabad,Kazipet,105.7,56.0,-5.0,3.2,0.207,Clear,0,6,147.5
12723,Express,Kazipet,Warangal,40.0,63.3,4.2,0.0,0.169,Clear,1,6,47.9
12860,Express,Solapur,Kalaburagi,138.3,59.7,-5.0,14.1,0.768,Clear,5,2,172.1
12951,Rajdhani,Kota,New Delhi,168.3,58.2,28.9,24.2,0.132,Clear,10,3,233.4
12301,Rajdhani,New Delhi,Kanpur,170.2,70.0,17.2,26.6,0.134,Rain,23,5,182.0
12860,Express,Mumbai,Pune,195.0,62.2,25.9,11.5,0.816,Rain,23,5,217.1
12259,Duronto,Asansol,Dhanbad,87.0,56.5,29.6,1.7,0.475,Clear,2,2,124.4
12627,Express,Vijayawada,Warangal,226.8,78.4,6.5,11.5,0.089,Heavy Rain,6,0,204.6
12627,Express,Nellore,Vijayawada,188.1,58.0,18.8,3.8,0.109,Rain,4,3,203.6
12627,Express,Vijayawada,Warangal,156.6,58.3,15.9,14.7,0.331,Rain,7,4,204.2
12860,Express,Mumbai,Pune,161.4,49.9,10.0,9.2,0.109,Heavy Rain,0,3,226.6
12259,Duronto,Dhanbad,Gaya,216.3,79.0,3.0,9.6,0.297,Clear,3,4,143.5
12627,Express,Warangal,Secunderabad,218.6,78.6,31.5,22.3,0.181,Clear,9,2,199.7
12259,Duronto,Asansol,Dhanbad,137.4,75.5,25.6,0.0,0.158,Rain,2,5,102.5
12259,Duronto,Gaya,DDU,209.8,66.6,1.3,5.6,0.345,Clear,6,5,178.6
12723,Express,Vijayawada,Gudur,233.0,63.2,-5.0,0.6,0.497,Heavy Rain,5,1,212.7
12259,Duronto,Asansol,Dhanbad,132.3,81.1,27.0,13.0,0.439,Clear,2,4,117.7
12627,Express,Chennai,Gudur,128.5,55.6,19.1,15.6,0.262,Rain,23,5,163.4
12259,Duronto,Gaya,DDU,180.5,65.9,19.5,0.0,0.129,Clear,5,2,161.6
12860,Express,Wadi,Secunderabad,171.6,73.7,12.4,6.8,0.256,Clear,9,4,167.3
12627,Express,Nellore,Vijayawada,159.1,57.8,19.5,3.4,0.273,Clear,3,1,199.7
12259,Duronto,Gaya,DDU,274.1,88.5,21.1,1.6,0.103,Clear,5,0,166.8
12627,Express,Gudur,Nellore,79.2,70.9,11.5,25.1,0.381,Heavy Rain,2,0,89.3
12860,Express,Solapur,Kalaburagi,135.0,57.8,1.0,21.1,0.34,Clear,6,2,162.6
12301,Rajdhani,Gaya,Howrah,272.3,84.7,0.5,1.9,0.479,Rain,10,3,187.5
12301,Rajdhani,New Delhi,Kanpur,190.2,69.0,-1.6,16.9,0.306,Heavy Rain,0,3,177.1
12627,Express,Warangal,Secunderabad,165.3,53.1,13.7,11.5,0.144,Rain,10,3,204.2
12301,Rajdhani,New Delhi,Kanpur,185.8,74.5,14.6,10.7,0.274,Clear,0,0,166.6
12951,Rajdhani,Mumbai,Surat,259.9,84.0,20.8,4.9,0.13,Clear,23,1,198.9
12301,Rajdhani,New Delhi,Kanpur,188.6,78.2,4.5,5.0,0.34,Clear,0,6,164.6
12723,Express,Kazipet,Warangal,40.0,62.3,16.3,20.4,0.167,Rain,1,4,60.3
12860,Express,Solapur,Kalaburagi,142.8,55.0,-5.0,7.6,0.205,Fog,6,6,162.0
12301,Rajdhani,Prayagraj,DDU,166.3,67.6,4.3,24.2,0.333,Clear,5,1,173.1
12301,Rajdhani,Gaya,Howrah,265.7,82.7,19.8,17.0,0.595,Clear,10,1,199.4
12301,Rajdhani,New Delhi,Kanpur,203.0,71.9,-2.0,12.3,0.177,Clear,23,0,162.6
12860,Express,Mumbai,Pune,234.9,67.3,14.7,18.9,0.064,Rain,23,2,205.8
12860,Express,Wadi,Secunderabad,151.2,60.7,20.4,18.3,0.2,Rain,10,5,188.6
12951,Rajdhani,Mumbai,Surat,233.2,75.5,13.1,23.5,0.153,Heavy Rain,0,0,204.9
12301,Rajdhani,Gaya,Howrah,167.6,59.5,21.0,23.6,0.19,Heavy Rain,9,0,202.1
12860,Express,Solapur,Kalaburagi,179.7,67.4,26.6,10.2,0.401,Clear,5,3,174.9
12259,Duronto,Gaya,DDU,161.0,68.2,27.3,18.4,0.053,Clear,4,2,175.1
12951,Rajdhani,Vadodara,Ratlam,197.0,77.3,9.7,9.6,0.09,Clear,5,1,180.8
12723,Express,Gudur,Chennai,167.8,55.5,-2.1,16.4,0.335,Clear,10,1,215.1
12860,Express,Solapur,Kalaburagi,160.6,61.9,-0.4,11.3,0.269,Fog,6,2,169.2
12301,Rajdhani,Prayagraj,DDU,232.4,92.2,18.1,17.1,0.143,Fog,5,2,181.1
12259,Duronto,Dhanbad,Gaya,158.5,69.2,17.6,3.4,0.064,Clear,3,6,160.0
12627,Express,Vijayawada,Warangal,179.3,52.9,20.1,15.7,0.154,Clear,6,6,210.7
12723,Express,Vijayawada,Gudur,175.4,63.3,3.4,0.0,0.253,Rain,5,1,212.3
12627,Express,Vijayawada,Warangal,184.1,70.8,20.8,4.7,0.158,Clear,7,4,190.7
12723,Express,Vijayawada,Gudur,182.3,60.1,-5.0,0.0,0.326,Clear,6,0,195.7
12723,Express,Hyderabad,Kazipet,131.2,53.4,16.0,7.2,0.585,Clear,23,2,157.5
12627,Express,Gudur,Nellore,56.9,57.9,30.3,3.4,0.408,Clear,2,0,83.6
12301,Rajdhani,Prayagraj,DDU,193.6,69.3,27.2,14.1,0.477,Clear,5,2,193.2
12627,Express,Warangal,Secunderabad,225.0,68.3,6.3,6.0,0.413,Clear,9,0,188.6
12627,Express,Warangal,Secunderabad,159.3,61.4,27.3,17.2,0.237,Clear,8,1,199.2
12723,Express,Hyderabad,Kazipet,155.9,65.8,-5.0,3.4,0.701,Clear,23,6,151.6
12860,Express,Kalaburagi,Wadi,84.2,63.0,24.3,29.2,0.332,Clear,8,2,94.1
12301,Rajdhani,DDU,Gaya,151.1,67.4,7.3,16.7,0.229,Rain,8,5,154.5
12301,Rajdhani,Prayagraj,DDU,192.9,68.4,19.5,10.4,0.264,Clear,5,3,172.3
12627,Express,Chennai,Gudur,136.5,65.3,12.6,0.0,0.048,Clear,22,4,145.8
12951,Rajdhani,Mumbai,Surat,164.5,63.8,6.1,8.8,0.073,Clear,0,6,179.5
12259,Duronto,Dhanbad,Gaya,186.2,72.3,5.4,18.7,0.792,Rain,3,3,167.4
12951,Rajdhani,Vadodara,Ratlam,192.5,72.9,6.2,11.3,0.331,Clear,5,4,170.0
12627,Express,Warangal,Secunderabad,177.2,55.7,13.0,0.0,0.556,Fog,10,5,206.6
12951,Rajdhani,Vadodara,Ratlam,193.5,73.2,8.3,13.9,0.277,Clear,5,5,178.3
12860,Express,Pune,Solapur,194.5,58.7,5.2,3.0,0.177,Fog,2,1,184.3
12301,Rajdhani,Gaya,Howrah,182.7,64.5,19.5,14.7,0.444,Clear,10,3,195.7
12301,Rajdhani,New Delhi,Kanpur,210.5,75.2,-5.0,4.3,0.412,Heavy Rain,23,2,168.7
12301,Rajdhani,Prayagraj,DDU,188.5,81.0,31.7,0.0,0.179,Clear,5,0,175.1
12723,Express,Vijayawada,Gudur,192.2,64.8,-5.0,7.6,0.261,Rain,5,1,208.6
12259,Duronto,Gaya,DDU,214.2,85.8,8.2,9.7,0.162,Heavy Rain,6,4,195.4
12723,Express,Warangal,Vijayawada,183.4,63.8,9.4,21.5,0.549,Clear,2,0,210.6
12951,Rajdhani,Ratlam,Kota,169.3,52.3,13.0,8.0,0.394,Fog,7,3,216.6
12627,Express,Vijayawada,Warangal,206.0,67.5,13.6,7.4,0.256,Clear,5,4,211.1
12259,Duronto,Gaya,DDU,194.7,63.9,-2.2,0.0,0.348,Clear,6,5,181.0
12259,Duronto,Gaya,DDU,205.7,78.6,18.9,0.0,0.391,Heavy Rain,6,4,181.7
12951,Rajdhani,Vadodara,Ratlam,192.2,64.7,20.7,0.0,0.443,Rain,4,2,192.1
12259,Duronto,Dhanbad,Gaya,162.0,64.4,7.7,14.7,0.31,Rain,4,5,165.4
12951,Rajdhani,Mumbai,Surat,191.3,72.2,1.8,1.7,0.191,Clear,0,4,183.5
12259,Duronto,Sealdah,Asansol,156.3,61.1,6.2,18.7,0.258,Clear,0,3,161.1
12301,Rajdhani,DDU,Gaya,132.8,62.1,32.3,13.7,0.286,Clear,7,2,160.3
12723,Express,Warangal,Vijayawada,242.3,85.2,3.2,1.3,0.045,Clear,2,4,189.4
12860,Express,Wadi,Secunderabad,120.3,45.7,11.0,6.1,0.259,Rain,9,1,195.1
12627,Express,Nellore,Vijayawada,191.0,69.8,2.7,17.0,0.421,Clear,4,6,189.4
12860,Express,Pune,Solapur,179.1,57.4,16.8,9.7,0.199,Heavy Rain,2,5,212.0
12627,Express,Vijayawada,Warangal,145.3,46.3,6.9,17.8,0.21,Clear,5,6,205.3
12259,Duronto,DDU,New Delhi,198.5,66.0,22.3,9.9,0.311,Clear,10,5,223.3
12301,Rajdhani,Gaya,Howrah,263.2,83.4,15.7,4.4,0.176,Fog,9,2,181.1
12301,Rajdhani,DDU,Gaya,145.5,67.5,12.9,13.8,0.109,Clear,7,1,149.4
12951,Rajdhani,Ratlam,Kota,223.1,74.9,4.1,8.4,0.464,Clear,7,1,198.3
12860,Express,Mumbai,Pune,228.2,64.2,23.5,23.4,0.182,Rain,0,5,220.1
12951,Rajdhani,Vadodara,Ratlam,157.9,61.9,21.9,27.2,0.202,Heavy Rain,4,1,197.1
12259,Duronto,Sealdah,Asansol,173.4,71.1,26.2,0.0,0.269,Rain,23,0,165.3
12627,Express,Warangal,Secunderabad,213.9,62.2,5.0,25.9,0.369,Clear,9,4,197.4
12723,Express,Warangal,Vijayawada,172.0,55.4,18.3,1.6,0.247,Rain,2,6,218.1
12301,Rajdhani,DDU,Gaya,150.9,62.3,2.3,8.3,0.329,Clear,7,2,137.1
12259,Duronto,Dhanbad,Gaya,169.0,68.0,24.9,8.7,0.298,Clear,3,3,161.2
12259,Duronto,Dhanbad,Gaya,135.4,61.4,16.1,18.3,0.372,Rain,4,2,179.6
12301,Rajdhani,Gaya,Howrah,223.9,76.3,10.2,1.5,0.222,Rain,10,2,181.6
12860,Express,Wadi,Secunderabad,149.3,52.2,40.2,7.6,0.363,Clear,10,4,191.2
12627,Express,Vijayawada,Warangal,221.2,65.6,18.3,17.0,0.254,Clear,5,2,192.4
12723,Express,Hyderabad,Kazipet,175.8,71.1,20.2,14.4,0.18,Clear,23,1,153.9
12301,Rajdhani,Prayagraj,DDU,168.6,59.8,-0.7,9.2,0.253,Clear,5,2,164.0
12723,Express,Vijayawada,Gudur,206.6,55.7,23.0,18.4,0.513,Clear,5,4,217.3
12627,Express,Chennai,Gudur,132.0,56.2,19.6,10.0,0.355,Clear,0,4,162.0
12627,Express,Nellore,Vijayawada,187.1,56.5,21.1,18.9,0.178,Rain,3,6,203.3
12301,Rajdhani,DDU,Gaya,175.6,73.6,14.0,13.9,0.054,Clear,8,4,148.5
12951,Rajdhani,Surat,Vadodara,130.3,76.4,26.1,11.1,0.679,Heavy Rain,2,6,160.7
12627,Express,Warangal,Secunderabad,183.4,67.4,11.6,7.2,0.287,Clear,9,3,189.4
12951,Rajdhani,Ratlam,Kota,194.1,62.3,24.9,11.1,0.387,Rain,7,5,204.5
12259,Duronto,Gaya,DDU,177.5,64.4,-5.0,12.8,0.209,Clear,6,1,186.8
12301,Rajdhani,Gaya,Howrah,194.9,74.0,-4.5,5.2,0.153,Clear,9,4,177.5
12723,Express,Gudur,Chennai,195.0,60.6,2.7,16.0,0.435,Clear,8,0,217.4
12259,Duronto,Dhanbad,Gaya,183.4,69.0,20.4,12.8,0.154,Clear,3,1,164.2
12723,Express,Vijayawada,Gudur,162.6,53.8,16.0,7.5,0.442,Clear,5,6,225.2
12723,Express,Vijayawada,Gudur,184.5,54.9,38.7,13.9,0.231,Clear,6,0,228.8
12259,Duronto,Gaya,DDU,199.5,74.1,10.6,13.0,0.641,Clear,6,6,178.6
12951,Rajdhani,Mumbai,Surat,217.9,70.2,28.0,22.8,0.355,Fog,1,2,201.3
12860,Express,Pune,Solapur,174.9,51.2,9.1,3.9,0.534,Clear,3,6,209.2
12951,Rajdhani,Ratlam,Kota,162.8,49.9,0.0,13.9,0.11,Clear,8,0,198.1
12627,Express,Nellore,Vijayawada,171.4,58.5,-5.0,21.6,0.108,Clear,3,3,187.2
12627,Express,Chennai,Gudur,117.3,52.8,24.4,0.0,0.052,Clear,0,4,162.0
12723,Express,Hyderabad,Kazipet,129.0,54.0,21.3,0.0,0.552,Heavy Rain,0,1,157.6
12860,Express,Mumbai,Pune,187.6,65.2,2.9,4.1,0.231,Clear,23,2,196.2
12627,Express,Gudur,Nellore,74.9,61.5,12.5,9.0,0.383,Clear,2,2,76.3
12301,Rajdhani,DDU,Gaya,182.8,75.2,30.0,6.0,0.162,Clear,8,3,151.0
12723,Express,Warangal,Vijayawada,224.0,63.9,23.9,12.2,0.145,Rain,2,5,213.7
12259,Duronto,DDU,New Delhi,263.8,68.6,29.8,24.4,0.341,Rain,8,3,234.7
12627,Express,Chennai,Gudur,159.2,58.5,26.8,1.3,0.762,Fog,0,6,180.5
12259,Duronto,Sealdah,Asansol,156.0,72.4,17.3,11.0,0.487,Rain,23,0,172.8
12627,Express,Nellore,Vijayawada,126.6,45.5,-1.2,0.0,0.455,Clear,3,2,203.3
12627,Express,Vijayawada,Warangal,173.6,60.1,34.9,9.3,0.287,Fog,7,1,207.3
12723,Express,Hyderabad,Kazipet,117.4,59.6,9.3,12.2,0.212,Clear,0,0,151.2
12951,Rajdhani,Kota,New Delhi,205.0,63.5,5.3,20.9,0.457,Clear,10,4,215.0
12951,Rajdhani,Kota,New Delhi,212.8,74.6,9.6,13.6,0.172,Clear,10,6,206.6
12723,Express,Vijayawada,Gudur,187.3,62.6,13.5,0.0,0.175,Clear,6,6,208.7
12259,Duronto,DDU,New Delhi,235.4,69.9,27.9,0.0,0.424,Clear,9,4,215.4
12860,Express,Mumbai,Pune,186.2,62.7,14.9,24.1,0.64,Clear,0,4,216.9
12301,Rajdhani,Gaya,Howrah,208.8,70.5,2.2,15.4,0.787,Clear,10,4,188.8
12627,Express,Vijayawada,Warangal,183.3,66.1,15.2,20.0,0.173,Heavy Rain,7,0,209.9
12301,Rajdhani,Kanpur,Prayagraj,188.1,72.5,42.0,6.1,0.136,Clear,2,1,175.3
12259,Duronto,Dhanbad,Gaya,162.2,68.5,27.8,15.0,0.337,Clear,2,1,159.4
12951,Rajdhani,Vadodara,Ratlam,217.1,66.7,-5.0,17.2,0.113,Rain,6,5,184.3
12860,Express,Wadi,Secunderabad,179.3,59.0,2.4,7.2,0.272,Clear,11,2,171.5
12627,Express,Warangal,Secunderabad,167.5,56.0,26.7,4.1,0.228,Clear,9,3,203.0
12259,Duronto,Gaya,DDU,204.5,75.9,14.3,7.9,0.266,Rain,5,5,180.3
12259,Duronto,Dhanbad,Gaya,153.8,71.9,22.7,5.9,0.246,Fog,4,2,167.1
12951,Rajdhani,Kota,New Delhi,222.4,63.6,7.4,3.8,0.296,Rain,11,0,207.9
12951,Rajdhani,Surat,Vadodara,179.9,84.5,7.3,17.7,0.03,Clear,3,3,125.5
12860,Express,Mumbai,Pune,275.3,82.7,-5.0,11.8,0.085,Clear,0,4,199.1
12860,Express,Mumbai,Pune,184.1,63.0,43.0,12.6,0.112,Clear,0,0,205.3
12259,Duronto,Sealdah,Asansol,133.7,48.5,11.5,0.0,0.064,Clear,23,6,168.6
12301,Rajdhani,DDU,Gaya,114.0,55.0,3.6,14.8,0.295,Clear,7,4,153.1
12627,Express,Vijayawada,Warangal,176.6,64.1,9.0,9.6,0.369,Clear,6,0,203.5
12723,Express,Hyderabad,Kazipet,153.4,65.3,4.5,11.4,0.32,Clear,23,5,136.9
12627,Express,Gudur,Nellore,77.2,66.2,45.7,5.8,0.381,Clear,2,0,93.3
12723,Express,Vijayawada,Gudur,246.8,67.8,14.4,19.8,0.6,Rain,6,6,227.5
12951,Rajdhani,Kota,New Delhi,308.6,84.0,2.0,10.1,0.348,Rain,10,0,219.4
12627,Express,Warangal,Secunderabad,156.4,53.4,-5.0,11.4,0.323,Clear,9,2,196.9
12951,Rajdhani,Ratlam,Kota,187.3,58.0,-5.0,0.0,0.166,Clear,7,0,189.7
12301,Rajdhani,New Delhi,Kanpur,188.4,68.2,10.9,18.2,0.603,Rain,0,1,172.1
12259,Duronto,Sealdah,Asansol,172.9,70.5,15.9,15.8,0.603,Fog,0,2,185.5
12951,Rajdhani,Vadodara,Ratlam,132.5,54.1,4.2,1.5,0.198,Clear,6,2,187.9
12627,Express,Nellore,Vijayawada,192.8,67.4,20.9,12.7,0.384,Rain,3,4,200.0
12259,Duronto,DDU,New Delhi,277.3,71.1,7.1,1.5,0.537,Rain,9,1,218.1
12259,Duronto,DDU,New Delhi,238.4,74.9,14.8,12.1,0.573,Clear,9,0,217.9
12951,Rajdhani,Ratlam,Kota,178.3,61.3,16.6,20.3,0.589,Clear,7,4,204.7
12951,Rajdhani,Ratlam,Kota,270.0,81.2,30.6,0.0,0.503,Clear,7,4,189.6
12627,Express,Chennai,Gudur,126.1,55.5,19.1,7.0,0.425,Rain,23,3,177.2
12259,Duronto,Dhanbad,Gaya,184.4,68.6,26.1,8.3,0.26,Rain,2,0,163.0
12860,Express,Mumbai,Pune,192.4,63.5,-0.9,2.6,0.106,Clear,23,3,186.2
12301,Rajdhani,Prayagraj,DDU,163.5,64.4,6.1,19.0,0.343,Clear,5,2,179.6
12860,Express,Kalaburagi,Wadi,79.1,57.8,-4.1,13.2,0.304,Heavy Rain,9,0,103.5
12259,Duronto,Sealdah,Asansol,159.1,71.1,15.4,3.2,0.374,Clear,23,2,160.2
12860,Express,Kalaburagi,Wadi,64.1,53.2,31.6,27.6,0.126,Rain,9,2,113.5
12951,Rajdhani,Vadodara,Ratlam,182.6,72.0,7.8,18.7,0.301,Rain,4,0,179.4
12860,Express,Solapur,Kalaburagi,152.7,65.6,-2.5,3.8,0.11,Clear,7,2,149.1
12860,Express,Mumbai,Pune,187.1,55.9,14.9,9.2,0.558,Clear,23,1,224.6
12301,Rajdhani,Prayagraj,DDU,172.6,68.1,37.0,0.0,0.419,Rain,4,3,187.8
12627,Express,Warangal,Secunderabad,210.2,64.8,8.1,0.0,0.417,Clear,9,6,190.1
12627,Express,Warangal,Secunderabad,197.1,68.2,25.6,20.5,0.575,Clear,9,1,208.5
12259,Duronto,Sealdah,Asansol,143.8,60.8,1.6,17.4,0.373,Clear,0,6,164.7
12860,Express,Mumbai,Pune,161.3,52.1,27.4,0.0,0.418,Clear,0,2,211.3
12723,Express,Hyderabad,Kazipet,139.7,60.2,30.7,4.7,0.416,Clear,0,1,161.1
12259,Duronto,Sealdah,Asansol,151.9,56.2,17.0,22.9,0.273,Clear,0,4,179.6
12627,Express,Gudur,Nellore,75.9,69.5,-4.0,13.9,0.195,Heavy Rain,1,0,89.1
12951,Rajdhani,Surat,Vadodara,130.0,65.4,21.9,14.9,0.413,Clear,2,3,144.1
12259,Duronto,Dhanbad,Gaya,146.0,56.6,25.0,16.6,0.292,Heavy Rain,4,1,176.6
12301,Rajdhani,Prayagraj,DDU,190.2,67.7,4.0,2.2,0.047,Clear,5,4,161.2
12723,Express,Kazipet,Warangal,41.2,66.3,3.5,0.0,0.268,Clear,2,3,47.3
12723,Express,Gudur,Chennai,168.3,58.8,11.0,9.3,0.334,Clear,9,5,205.7
12723,Express,Warangal,Vijayawada,217.0,71.0,21.9,23.5,0.103,Clear,2,2,207.2
12860,Express,Kalaburagi,Wadi,68.3,53.1,15.4,1.2,0.351,Clear,8,6,99.7
12860,Express,Solapur,Kalaburagi,156.5,60.3,8.4,20.2,0.224,Clear,6,4,166.3
12259,Duronto,Asansol,Dhanbad,127.6,73.3,3.6,28.0,0.14,Clear,2,6,110.1
12951,Rajdhani,Kota,New Delhi,178.1,60.2,19.1,2.9,0.202,Rain,10,4,226.8
12627,Express,Nellore,Vijayawada,222.9,74.7,-5.0,0.5,0.071,Rain,2,1,186.1
12860,Express,Kalaburagi,Wadi,67.9,55.7,14.3,15.7,0.103,Rain,8,5,89.9
12301,Rajdhani,Gaya,Howrah,208.9,64.8,6.5,9.3,0.114,Clear,9,6,177.7
12259,Duronto,DDU,New Delhi,234.8,65.0,6.3,14.8,0.557,Rain,9,1,223.1
12860,Express,Kalaburagi,Wadi,76.3,64.4,20.9,20.5,0.084,Clear,8,4,82.9
12723,Express,Vijayawada,Gudur,183.4,53.0,9.6,0.0,0.285,Rain,6,0,211.5
12723,Express,Gudur,Chennai,242.0,70.2,33.6,17.2,0.27,Clear,9,0,218.5
12627,Express,Warangal,Secunderabad,210.8,64.9,21.6,7.2,0.51,Clear,8,6,206.2
12860,Express,Wadi,Secunderabad,137.9,54.9,-5.0,14.1,0.127,Clear,9,3,180.0
12627,Express,Chennai,Gudur,193.7,70.4,22.2,12.6,0.183,Rain,23,1,167.7
12627,Express,Warangal,Secunderabad,203.9,62.8,31.1,5.0,0.713,Fog,9,2,210.8
12723,Express,Hyderabad,Kazipet,147.7,67.2,3.9,9.4,0.276,Clear,0,2,131.5
12259,Duronto,Gaya,DDU,205.7,65.2,2.2,9.0,0.13,Clear,6,5,172.9
12627,Express,Chennai,Gudur,201.1,73.0,-3.0,33.8,0.186,Rain,1,5,164.9
12627,Express,Gudur,Nellore,70.1,61.5,20.6,2.9,0.078,Clear,2,2,80.1
12301,Rajdhani,New Delhi,Kanpur,189.7,68.8,11.9,18.9,0.427,Clear,0,6,160.9
12259,Duronto,DDU,New Delhi,215.7,73.7,12.0,11.8,0.26,Clear,8,3,219.7
12951,Rajdhani,Vadodara,Ratlam,211.4,70.6,30.3,6.7,0.271,Clear,5,2,192.4
12259,Duronto,Asansol,Dhanbad,105.4,61.5,-1.0,18.1,0.212,Clear,2,2,93.1
12723,Express,Vijayawada,Gudur,158.6,46.4,24.4,6.8,0.389,Clear,6,4,231.1
12951,Rajdhani,Surat,Vadodara,153.2,72.9,3.3,3.2,0.329,Clear,2,2,120.0
12259,Duronto,DDU,New Delhi,240.9,70.7,8.0,6.5,0.386,Clear,10,6,213.8
12259,Duronto,Sealdah,Asansol,228.7,82.9,11.6,2.5,0.28,Rain,22,2,170.2
12951,Rajdhani,Vadodara,Ratlam,185.9,64.3,23.1,9.4,0.129,Clear,5,0,176.5
12259,Duronto,Gaya,DDU,166.6,65.4,6.9,5.0,0.381,Rain,6,5,186.7
12259,Duronto,Sealdah,Asansol,185.8,69.6,13.2,0.3,0.161,Clear,23,5,157.9
12951,Rajdhani,Mumbai,Surat,210.8,79.6,18.9,7.8,0.152,Clear,0,5,190.5
12259,Duronto,Sealdah,Asansol,152.0,71.4,14.0,2.0,0.19,Clear,0,0,157.5
12723,Express,Kazipet,Warangal,44.2,67.8,16.6,18.0,0.344,Clear,1,4,60.6
12259,Duronto,Asansol,Dhanbad,127.8,71.2,5.7,17.5,0.235,Clear,1,0,110.8
12860,Express,Pune,Solapur,187.4,62.0,27.3,10.7,0.209,Clear,2,2,204.3
12723,Express,Warangal,Vijayawada,216.6,62.9,15.8,19.8,0.308,Clear,3,0,213.6
12627,Express,Chennai,Gudur,154.9,65.4,25.1,28.6,0.201,Clear,23,6,170.4
12627,Express,Gudur,Nellore,71.6,70.1,12.4,7.1,0.459,Clear,2,6,77.8
12259,Duronto,Asansol,Dhanbad,102.1,57.6,-5.0,9.3,0.138,Rain,2,0,113.5
12723,Express,Warangal,Vijayawada,248.9,73.0,23.5,2.7,0.343,Clear,2,3,204.6
12723,Express,Warangal,Vijayawada,216.4,61.9,11.3,9.9,0.383,Clear,1,0,213.5
12951,Rajdhani,Ratlam,Kota,192.1,68.0,14.4,9.2,0.123,Clear,7,0,184.4
12860,Express,Wadi,Secunderabad,212.4,70.4,19.1,12.0,0.229,Clear,9,4,176.7
12951,Rajdhani,Ratlam,Kota,153.6,55.1,12.2,8.3,0.161,Clear,7,2,204.9
12723,Express,Warangal,Vijayawada,194.9,65.6,27.2,17.6,0.221,Clear,1,6,206.2
12627,Express,Gudur,Nellore,64.2,59.5,10.1,8.7,0.433,Clear,2,4,91.0
12259,Duronto,DDU,New Delhi,247.0,66.7,16.1,0.0,0.51,Clear,9,1,221.3
12627,Express,Gudur,Nellore,58.9,59.1,12.0,5.6,0.229,Heavy Rain,2,4,87.8
12860,Express,Mumbai,Pune,229.2,63.7,18.4,21.4,0.018,Fog,23,2,209.9
12951,Rajdhani,Surat,Vadodara,144.2,74.9,24.1,11.2,0.157,Clear,2,6,127.3
12723,Express,Warangal,Vijayawada,190.1,68.0,18.4,9.6,0.416,Clear,3,5,212.9
12259,Duronto,DDU,New Delhi,269.0,71.5,2.7,0.4,0.608,Fog,9,3,222.4
12951,Rajdhani,Kota,New Delhi,278.1,80.6,5.0,21.5,0.261,Fog,10,1,216.9
12951,Rajdhani,Kota,New Delhi,279.5,76.1,3.7,0.0,0.074,Clear,10,3,212.8
12301,Rajdhani,Gaya,Howrah,183.0,72.3,20.1,17.2,0.256,Heavy Rain,9,5,202.0
12860,Express,Wadi,Secunderabad,172.5,62.4,8.9,7.6,0.15,Clear,9,0,172.9
12951,Rajdhani,Surat,Vadodara,147.8,69.4,23.3,15.3,0.528,Clear,3,6,147.7
12627,Express,Warangal,Secunderabad,194.8,62.8,22.7,21.1,0.306,Clear,10,1,192.7
12259,Duronto,Gaya,DDU,175.1,56.5,-5.0,17.4,0.044,Clear,6,2,179.3
12951,Rajdhani,Kota,New Delhi,191.5,64.2,32.1,0.0,0.646,Clear,10,6,230.1
12627,Express,Chennai,Gudur,182.0,66.2,17.5,0.0,0.151,Rain,23,2,157.5
12259,Duronto,Sealdah,Asansol,155.3,63.2,2.7,0.0,0.082,Clear,23,4,162.5
12301,Rajdhani,Gaya,Howrah,239.0,96.8,16.0,12.0,0.196,Clear,11,1,183.1
12301,Rajdhani,Gaya,Howrah,257.6,83.9,-5.0,20.3,0.514,Clear,9,5,184.2
12627,Express,Warangal,Secunderabad,161.4,59.3,30.7,0.0,0.28,Clear,10,3,202.5
12259,Duronto,DDU,New Delhi,260.0,71.5,16.9,0.0,0.214,Clear,9,6,220.1
12259,Duronto,DDU,New Delhi,213.0,66.2,27.3,6.6,0.107,Rain,9,1,222.3
12723,Express,Kazipet,Warangal,40.0,51.7,9.6,11.0,0.23,Clear,1,1,48.6
12301,Rajdhani,Gaya,Howrah,174.4,71.2,24.6,14.5,0.264,Rain,10,5,198.0
12301,Rajdhani,New Delhi,Kanpur,202.8,77.3,13.2,0.2,0.191,Clear,0,6,162.7
12951,Rajdhani,Surat,Vadodara,146.7,74.7,3.1,0.0,0.34,Rain,3,6,128.9
12301,Rajdhani,New Delhi,Kanpur,146.0,65.7,9.3,13.9,0.396,Clear,0,2,170.1
12627,Express,Warangal,Secunderabad,201.5,59.1,-0.7,13.8,0.101,Clear,10,3,194.5
12723,Express,Kazipet,Warangal,42.1,66.1,9.2,15.1,0.608,Clear,2,1,62.7
12627,Express,Gudur,Nellore,77.1,62.7,3.5,14.6,0.224,Clear,2,4,77.3
12627,Express,Vijayawada,Warangal,174.7,60.7,21.7,0.0,0.369,Clear,6,0,203.8
12860,Express,Mumbai,Pune,162.4,51.7,-5.0,9.5,0.165,Fog,0,2,204.1
12301,Rajdhani,Kanpur,Prayagraj,178.7,64.2,1.4,16.2,0.221,Clear,2,2,170.5
12259,Duronto,Sealdah,Asansol,142.5,62.9,-1.8,8.4,0.066,Clear,0,1,157.9
12723,Express,Hyderabad,Kazipet,105.4,53.8,2.5,21.8,0.051,Clear,23,5,135.1
12301,Rajdhani,Prayagraj,DDU,174.7,60.4,6.0,15.7,0.269,Clear,4,3,171.1
12951,Rajdhani,Mumbai,Surat,183.5,55.4,16.4,23.8,0.088,Clear,23,2,203.8
12259,Duronto,Sealdah,Asansol,186.4,65.4,2.7,0.0,0.487,Rain,1,0,164.6
12860,Express,Mumbai,Pune,143.2,51.0,11.1,16.4,0.049,Heavy Rain,0,2,221.1
12860,Express,Mumbai,Pune,165.9,58.2,42.2,11.6,0.109,Clear,22,2,216.6
12301,Rajdhani,New Delhi,Kanpur,168.8,68.6,17.1,12.3,0.137,Clear,0,3,167.1
12627,Express,Gudur,Nellore,68.9,71.7,7.0,0.0,0.368,Clear,2,6,66.7
12301,Rajdhani,DDU,Gaya,175.3,69.0,13.8,14.5,0.337,Clear,7,4,151.8
12627,Express,Nellore,Vijayawada,152.4,56.8,-5.0,3.3,0.056,Fog,3,5,193.4
12951,Rajdhani,Mumbai,Surat,226.2,78.0,21.5,6.4,0.342,Clear,0,4,199.6
12860,Express,Kalaburagi,Wadi,97.9,69.0,-5.0,0.0,0.232,Clear,9,0,95.8
12860,Express,Solapur,Kalaburagi,163.4,62.4,4.5,7.1,0.409,Clear,6,3,172.0
12301,Rajdhani,Gaya,Howrah,207.7,76.3,-5.0,9.0,0.209,Clear,10,0,171.3
12860,Express,Mumbai,Pune,200.9,67.5,-4.3,17.2,0.208,Fog,23,6,191.6
12301,Rajdhani,Gaya,Howrah,246.5,78.2,9.2,10.1,0.072,Fog,10,1,178.6
12627,Express,Nellore,Vijayawada,170.6,57.2,8.0,10.3,0.324,Fog,4,4,208.5
12723,Express,Warangal,Vijayawada,200.1,57.9,13.4,0.0,0.212,Clear,3,4,212.3
12259,Duronto,Dhanbad,Gaya,134.7,60.3,24.5,16.3,0.325,Rain,3,6,168.4
12627,Express,Chennai,Gudur,157.5,66.4,-5.0,3.1,0.464,Rain,23,1,156.6
12951,Rajdhani,Kota,New Delhi,198.2,60.9,-5.0,7.6,0.149,Rain,11,1,211.5
12723,Express,Kazipet,Warangal,40.0,68.8,11.7,4.1,0.187,Rain,2,4,53.3
12723,Express,Gudur,Chennai,172.3,52.3,-3.2,18.0,0.278,Clear,8,2,217.3
12951,Rajdhani,Surat,Vadodara,111.0,64.9,15.7,0.0,0.396,Fog,3,1,144.8
12723,Express,Kazipet,Warangal,40.0,64.4,-5.0,14.1,0.231,Clear,2,6,44.1
12723,Express,Hyderabad,Kazipet,108.2,52.5,38.0,11.4,0.163,Clear,0,5,149.7
12951,Rajdhani,Ratlam,Kota,183.6,63.5,18.4,15.6,0.076,Rain,7,6,196.8
12951,Rajdhani,Kota,New Delhi,241.8,81.5,33.5,19.9,0.248,Clear,11,4,232.9
12627,Express,Vijayawada,Warangal,171.2,57.5,21.2,11.0,0.175,Clear,6,4,206.3
12627,Express,Warangal,Secunderabad,182.0,63.1,13.3,0.0,0.034,Fog,9,1,194.4
12627,Express,Nellore,Vijayawada,207.2,71.7,21.0,6.9,0.163,Rain,3,0,190.3
12301,Rajdhani,DDU,Gaya,146.2,69.1,-1.3,9.9,0.213,Heavy Rain,7,4,153.7
12860,Express,Mumbai,Pune,148.3,55.0,25.1,4.4,0.362,Clear,23,6,211.9
12259,Duronto,Asansol,Dhanbad,125.0,73.9,10.0,10.6,0.543,Clear,2,2,113.8
12627,Express,Nellore,Vijayawada,202.8,67.6,-5.0,16.5,0.41,Heavy Rain,3,3,193.3
12627,Express,Warangal,Secunderabad,130.0,39.3,12.1,1.3,0.286,Clear,9,1,212.0
12723,Express,Kazipet,Warangal,45.8,71.7,7.3,9.1,0.25,Clear,2,1,31.6
12860,Express,Wadi,Secunderabad,241.4,85.2,5.3,13.4,0.252,Fog,10,3,177.4
12301,Rajdhani,Gaya,Howrah,244.0,77.9,5.7,2.2,0.423,Heavy Rain,10,6,195.2
12723,Express,Hyderabad,Kazipet,164.5,74.2,14.5,2.7,0.419,Clear,0,2,140.5
12259,Duronto,Gaya,DDU,195.9,69.8,22.0,4.6,0.606,Clear,6,1,179.5
12627,Express,Vijayawada,Warangal,204.0,74.7,13.6,10.7,0.24,Clear,7,6,202.8
12301,Rajdhani,Prayagraj,DDU,166.5,65.0,23.0,25.1,0.284,Clear,6,1,180.1
12951,Rajdhani,Kota,New Delhi,204.8,64.0,1.0,11.6,0.054,Heavy Rain,10,5,212.6
12627,Express,Nellore,Vijayawada,195.4,71.7,0.2,0.0,0.215,Clear,3,0,185.9
12301,Rajdhani,Kanpur,Prayagraj,208.0,73.3,16.7,22.9,0.214,Clear,1,1,175.6
12860,Express,Mumbai,Pune,189.2,67.6,28.1,9.5,0.119,Rain,0,1,205.3
12627,Express,Chennai,Gudur,133.9,62.4,4.0,2.8,0.254,Clear,0,5,150.3
12860,Express,Solapur,Kalaburagi,165.6,65.8,16.1,9.4,0.3,Clear,5,6,164.7
12627,Express,Gudur,Nellore,75.8,69.5,5.6,16.3,0.3,Rain,3,5,68.7
12723,Express,Vijayawada,Gudur,158.3,54.1,21.4,19.0,0.147,Clear,6,5,217.2
12951,Rajdhani,Mumbai,Surat,211.4,71.5,26.7,3.4,0.246,Clear,23,4,200.6
12627,Express,Chennai,Gudur,136.8,57.3,17.3,0.0,0.624,Clear,0,5,161.9
12723,Express,Kazipet,Warangal,40.0,46.7,13.3,8.6,0.531,Clear,1,2,69.3
12951,Rajdhani,Ratlam,Kota,247.5,73.6,-1.3,8.3,0.152,Rain,7,4,178.5
12301,Rajdhani,Gaya,Howrah,201.6,64.5,-2.8,17.7,0.252,Clear,10,0,187.6
12259,Duronto,Dhanbad,Gaya,172.8,72.3,-5.0,3.6,0.306,Fog,3,3,146.3
12723,Express,Vijayawada,Gudur,283.3,76.7,11.4,11.5,0.448,Rain,7,2,217.0
12723,Express,Vijayawada,Gudur,167.6,60.4,19.2,19.4,0.516,Rain,6,0,217.3
12723,Express,Vijayawada,Gudur,234.4,73.1,6.0,15.9,0.353,Clear,6,4,212.0
12860,Express,Kalaburagi,Wadi,83.5,58.3,-5.0,19.5,0.431,Clear,8,5,85.8
12860,Express,Mumbai,Pune,164.1,59.6,25.3,22.3,0.099,Clear,23,4,222.3
12301,Rajdhani,Gaya,Howrah,169.3,69.6,30.4,9.6,0.344,Clear,10,6,193.8
12301,Rajdhani,New Delhi,Kanpur,140.2,59.1,2.1,10.7,0.071,Rain,23,3,175.3
12627,Express,Gudur,Nellore,72.7,66.3,11.3,5.8,0.331,Rain,1,6,86.8
12259,Duronto,DDU,New Delhi,231.3,77.2,4.8,0.0,0.073,Rain,9,2,211.4
12951,Rajdhani,Surat,Vadodara,146.9,78.8,25.2,8.8,0.235,Rain,2,1,138.0
12723,Express,Kazipet,Warangal,42.3,66.7,28.6,4.7,0.058,Clear,1,4,44.0
12951,Rajdhani,Kota,New Delhi,205.4,65.6,17.8,5.3,0.073,Fog,10,4,212.5
12951,Rajdhani,Ratlam,Kota,199.3,73.6,7.3,13.9,0.382,Clear,7,4,197.1
12259,Duronto,Dhanbad,Gaya,145.0,65.8,11.6,6.1,0.324,Rain,4,5,172.0
12301,Rajdhani,Prayagraj,DDU,178.4,65.7,20.2,0.0,0.084,Clear,5,5,166.3
12301,Rajdhani,Gaya,Howrah,201.9,62.9,-2.6,15.2,0.103,Heavy Rain,9,5,184.9
12301,Rajdhani,Prayagraj,DDU,169.4,72.3,-5.0,26.7,0.677,Clear,4,6,181.7
12860,Express,Kalaburagi,Wadi,81.5,54.8,-5.0,22.0,0.309,Clear,9,6,91.1
12723,Express,Gudur,Chennai,170.6,50.7,9.8,11.9,0.191,Fog,9,2,232.9
12627,Express,Chennai,Gudur,169.5,66.4,31.9,12.7,0.157,Clear,23,6,166.2
12951,Rajdhani,Ratlam,Kota,269.4,82.2,5.1,26.0,0.081,Clear,7,2,180.7
12860,Express,Wadi,Secunderabad,172.7,62.8,6.9,4.7,0.073,Clear,10,4,166.8
12860,Express,Solapur,Kalaburagi,149.3,62.0,10.2,5.5,0.253,Rain,5,6,170.4
12301,Rajdhani,DDU,Gaya,167.8,80.0,-5.0,4.6,0.347,Clear,7,1,141.5
12259,Duronto,Dhanbad,Gaya,160.1,71.4,27.1,8.4,0.707,Clear,4,5,171.6
12951,Rajdhani,Vadodara,Ratlam,237.8,76.8,25.4,16.4,0.416,Rain,5,0,200.5
12723,Express,Kazipet,Warangal,50.1,89.4,-2.0,11.3,0.213,Clear,1,0,45.2
12627,Express,Chennai,Gudur,149.1,58.6,-5.0,24.2,0.634,Clear,23,2,163.6
12627,Express,Nellore,Vijayawada,180.4,61.1,-5.0,13.7,0.517,Rain,3,5,202.9
12860,Express,Kalaburagi,Wadi,67.2,45.0,-5.0,6.1,0.195,Rain,8,4,108.2
12951,Rajdhani,Vadodara,Ratlam,179.0,66.7,11.8,16.4,0.193,Clear,5,4,178.7
12951,Rajdhani,Surat,Vadodara,127.3,62.6,4.4,2.6,0.328,Fog,2,6,136.7
12723,Express,Kazipet,Warangal,40.0,60.0,17.3,1.4,0.159,Clear,1,4,51.8
12259,Duronto,Gaya,DDU,223.0,78.3,9.0,11.1,0.432,Clear,6,2,171.7
12301,Rajdhani,Kanpur,Prayagraj,216.7,72.2,16.5,3.1,0.205,Rain,2,3,179.6
12860,Express,Mumbai,Pune,198.4,62.1,5.8,21.1,0.327,Clear,0,0,204.5
12301,Rajdhani,New Delhi,Kanpur,149.5,64.0,-5.0,16.2,0.281,Heavy Rain,0,5,195.2
12723,Express,Kazipet,Warangal,42.5,71.5,27.2,13.2,0.161,Clear,2,1,47.4
12860,Express,Solapur,Kalaburagi,94.4,43.8,19.7,7.9,0.566,Heavy Rain,6,6,199.3
12860,Express,Pune,Solapur,145.4,42.4,5.9,14.0,0.565,Clear,3,2,230.4
12301,Rajdhani,Kanpur,Prayagraj,192.0,73.1,1.8,5.3,0.312,Clear,2,5,168.4
12301,Rajdhani,Prayagraj,DDU,138.4,53.8,19.0,24.2,0.273,Clear,4,4,190.3
12259,Duronto,Sealdah,Asansol,166.1,74.6,17.1,8.1,0.419,Clear,0,6,161.5
12259,Duronto,Gaya,DDU,215.5,74.6,11.7,26.5,0.495,Rain,6,1,189.0
12860,Express,Solapur,Kalaburagi,161.1,70.3,11.4,0.0,0.2,Clear,6,0,165.3
12860,Express,Pune,Solapur,196.3,75.8,3.5,10.5,0.108,Clear,3,3,187.7
12259,Duronto,Gaya,DDU,180.2,67.6,1.7,4.7,0.446,Clear,5,5,171.9
12301,Rajdhani,DDU,Gaya,130.3,56.9,7.3,2.9,0.538,Clear,7,1,157.2
12860,Express,Wadi,Secunderabad,162.6,53.1,10.6,0.0,0.153,Clear,9,3,172.8
12627,Express,Warangal,Secunderabad,188.6,61.8,13.2,0.0,0.054,Clear,9,0,176.1
12259,Duronto,DDU,New Delhi,266.8,80.7,7.8,8.6,0.632,Clear,10,2,219.8
12723,Express,Gudur,Chennai,177.3,53.2,-4.1,7.2,0.164,Fog,9,5,216.9
12259,Duronto,Asansol,Dhanbad,113.9,77.5,15.4,7.2,0.145,Clear,2,4,109.5
12723,Express,Kazipet,Warangal,40.0,62.3,30.7,16.4,0.105,Clear,2,6,57.2
12860,Express,Pune,Solapur,184.4,59.7,19.4,12.4,0.216,Rain,3,5,198.0
12627,Express,Warangal,Secunderabad,204.2,72.2,26.2,30.3,0.31,Clear,9,6,204.5
12951,Rajdhani,Vadodara,Ratlam,234.1,78.8,-5.0,13.6,0.311,Fog,4,5,188.7
12627,Express,Warangal,Secunderabad,222.0,75.4,24.6,7.9,0.349,Clear,9,2,195.0
12259,Duronto,Dhanbad,Gaya,175.1,70.5,4.3,7.8,0.161,Clear,4,5,159.5
12301,Rajdhani,Kanpur,Prayagraj,172.8,67.3,28.9,14.6,0.577,Clear,2,0,185.8
12951,Rajdhani,Vadodara,Ratlam,178.8,68.6,20.5,21.7,0.51,Clear,5,1,191.2
12723,Express,Warangal,Vijayawada,233.1,65.9,2.8,14.2,0.266,Clear,3,6,203.4
12860,Express,Pune,Solapur,145.6,56.1,5.6,0.0,0.27,Clear,2,4,200.7
12860,Express,Pune,Solapur,181.5,64.9,20.2,16.7,0.405,Clear,2,1,184.6
12627,Express,Gudur,Nellore,82.6,72.2,28.4,28.2,0.474,Clear,2,4,91.2
12301,Rajdhani,Kanpur,Prayagraj,170.6,72.7,18.1,11.2,0.397,Clear,1,6,183.8
12627,Express,Chennai,Gudur,148.6,56.8,-3.8,9.7,0.208,Rain,23,2,162.1
12723,Express,Hyderabad,Kazipet,111.9,59.4,12.4,5.0,0.231,Clear,23,4,148.3
12723,Express,Hyderabad,Kazipet,142.2,68.5,20.1,15.1,0.161,Clear,23,3,145.3
12259,Duronto,Sealdah,Asansol,198.6,77.4,24.5,18.2,0.597,Clear,0,6,177.3
12951,Rajdhani,Mumbai,Surat,204.0,61.3,20.3,7.2,0.084,Clear,0,0,192.7
12259,Duronto,Asansol,Dhanbad,113.4,71.0,33.4,4.3,0.24,Fog,2,2,126.8
12627,Express,Nellore,Vijayawada,178.2,66.5,22.3,10.6,0.314,Clear,3,3,204.9
12301,Rajdhani,Gaya,Howrah,213.0,70.7,14.8,0.8,0.353,Clear,9,3,182.3
12301,Rajdhani,Kanpur,Prayagraj,183.1,72.2,14.9,8.0,0.106,Clear,2,3,164.9
12951,Rajdhani,Kota,New Delhi,214.4,65.6,41.4,9.7,0.336,Clear,10,0,227.5
12301,Rajdhani,Kanpur,Prayagraj,193.6,84.7,34.9,10.3,0.508,Clear,2,0,190.0
12301,Rajdhani,New Delhi,Kanpur,158.0,62.8,0.8,16.5,0.217,Clear,22,0,167.7
12723,Express,Vijayawada,Gudur,278.8,74.9,15.0,24.6,0.076,Heavy Rain,5,1,221.4
12259,Duronto,Gaya,DDU,196.1,63.1,9.5,6.1,0.077,Clear,6,0,178.7
12723,Express,Warangal,Vijayawada,122.9,40.8,21.1,11.6,0.359,Rain,3,0,234.8
12723,Express,Hyderabad,Kazipet,130.1,54.1,19.6,12.7,0.191,Clear,23,2,149.0
12301,Rajdhani,New Delhi,Kanpur,229.6,81.5,-5.0,0.0,0.201,Clear,0,4,154.9
12723,Express,Kazipet,Warangal,40.0,72.1,11.3,6.4,0.062,Rain,1,1,38.5
12627,Express,Warangal,Secunderabad,162.2,56.7,8.7,19.6,0.251,Fog,9,1,210.7
12627,Express,Nellore,Vijayawada,202.7,66.0,6.0,21.7,0.384,Clear,3,2,202.1
12951,Rajdhani,Mumbai,Surat,249.9,75.8,2.3,9.7,0.042,Clear,1,4,180.5
12951,Rajdhani,Kota,New Delhi,194.8,59.9,6.5,7.0,0.073,Clear,10,6,212.0
12627,Express,Vijayawada,Warangal,214.4,71.5,-0.1,18.7,0.007,Clear,6,5,192.8
12301,Rajdhani,Prayagraj,DDU,248.4,89.8,17.9,18.4,0.247,Heavy Rain,6,1,186.6
12259,Duronto,Gaya,DDU,191.2,76.1,16.3,6.0,0.238,Fog,6,2,173.1
12951,Rajdhani,Kota,New Delhi,254.9,71.9,30.9,9.5,0.38,Rain,12,2,220.1
12259,Duronto,DDU,New Delhi,232.7,76.3,23.8,8.3,0.186,Clear,9,0,223.5
12259,Duronto,Gaya,DDU,144.8,46.3,41.0,13.5,0.338,Rain,6,0,209.8
12627,Express,Chennai,Gudur,111.2,51.0,31.4,23.0,0.198,Rain,23,5,187.4
12860,Express,Mumbai,Pune,173.1,56.2,26.6,5.3,0.307,Rain,0,6,211.4
12301,Rajdhani,Prayagraj,DDU,217.0,72.9,1.3,10.7,0.513,Clear,5,1,169.5
12951,Rajdhani,Kota,New Delhi,217.7,68.6,4.0,6.7,0.099,Clear,11,3,211.2
12301,Rajdhani,DDU,Gaya,151.4,69.8,11.8,0.0,0.497,Clear,7,6,135.4
12723,Express,Kazipet,Warangal,40.0,57.0,1.1,5.4,0.129,Clear,1,5,54.0
12627,Express,Vijayawada,Warangal,203.0,74.4,14.5,12.8,0.17,Clear,6,3,190.1
12627,Express,Warangal,Secunderabad,164.3,57.0,21.3,4.8,0.467,Clear,9,6,208.0
12860,Express,Kalaburagi,Wadi,97.6,70.6,6.0,3.8,0.327,Clear,8,4,89.7
12860,Express,Wadi,Secunderabad,156.1,63.7,30.5,14.9,0.32,Clear,9,2,178.8
12627,Express,Gudur,Nellore,67.4,59.1,4.5,2.5,0.223,Clear,2,6,78.3
12627,Express,Gudur,Nellore,65.1,62.4,23.6,17.7,0.181,Clear,2,4,98.6
12951,Rajdhani,Ratlam,Kota,232.1,76.4,2.8,13.0,0.149,Clear,7,1,183.9
12301,Rajdhani,Gaya,Howrah,165.0,62.9,8.4,1.9,0.348,Clear,10,5,189.8
12627,Express,Vijayawada,Warangal,143.6,54.0,-5.0,18.7,0.275,Clear,6,3,197.9
12951,Rajdhani,Kota,New Delhi,284.2,82.4,2.2,11.0,0.294,Clear,11,5,208.6
12951,Rajdhani,Ratlam,Kota,235.5,77.1,8.8,3.0,0.313,Rain,7,0,187.7
12951,Rajdhani,Vadodara,Ratlam,194.6,73.4,15.3,6.0,0.397,Clear,5,5,187.4
12951,Rajdhani,Mumbai,Surat,174.8,64.3,4.3,15.9,0.095,Clear,23,3,186.1
12951,Rajdhani,Vadodara,Ratlam,244.5,75.1,18.0,30.0,0.299,Clear,5,0,200.0
12860,Express,Kalaburagi,Wadi,109.5,78.1,19.8,7.7,0.458,Clear,7,3,101.9
12951,Rajdhani,Mumbai,Surat,194.1,75.3,13.4,15.9,0.287,Clear,0,3,198.3
12723,Express,Vijayawada,Gudur,217.2,65.7,13.6,7.1,0.162,Clear,6,6,205.6
12860,Express,Solapur,Kalaburagi,125.5,48.2,28.1,8.3,0.111,Clear,5,1,176.5
12723,Express,Hyderabad,Kazipet,147.6,67.3,18.7,27.2,0.478,Clear,23,2,142.4
12627,Express,Chennai,Gudur,109.9,44.4,-1.3,3.6,0.067,Rain,0,5,170.0
12860,Express,Solapur,Kalaburagi,190.3,70.9,8.4,15.7,0.432,Clear,7,4,161.1
12627,Express,Warangal,Secunderabad,218.7,66.5,-5.0,18.3,0.71,Clear,9,3,208.2
12627,Express,Warangal,Secunderabad,251.2,75.8,12.2,13.2,0.274,Fog,9,3,205.1
12627,Express,Vijayawada,Warangal,189.5,70.0,36.3,0.0,0.461,Heavy Rain,6,2,214.2
12259,Duronto,DDU,New Delhi,215.9,67.4,26.9,7.4,0.479,Fog,9,2,230.3
12627,Express,Nellore,Vijayawada,166.2,61.5,30.5,12.4,0.16,Rain,4,3,206.1
12259,Duronto,Gaya,DDU,178.4,66.5,-3.0,13.1,0.236,Clear,5,0,159.5
12259,Duronto,Dhanbad,Gaya,140.0,60.6,13.8,22.6,0.185,Clear,3,5,164.6
12860,Express,Mumbai,Pune,233.4,65.5,5.9,10.0,0.214,Clear,0,6,188.5
12951,Rajdhani,Surat,Vadodara,106.1,61.3,3.9,0.0,0.036,Clear,3,5,115.1
12951,Rajdhani,Mumbai,Surat,206.2,72.9,-5.0,0.0,0.338,Rain,23,1,193.4
12723,Express,Kazipet,Warangal,40.0,57.3,18.8,19.0,0.071,Rain,3,1,55.6
12259,Duronto,DDU,New Delhi,231.1,67.8,14.7,16.2,0.131,Clear,9,0,216.7
12627,Express,Chennai,Gudur,105.5,39.6,5.0,0.0,0.467,Clear,0,5,176.6
12860,Express,Kalaburagi,Wadi,102.8,69.2,42.5,5.1,0.141,Rain,7,3,111.9
12860,Express,Mumbai,Pune,218.0,77.0,15.1,8.0,0.337,Clear,0,5,210.3
12951,Rajdhani,Surat,Vadodara,142.6,79.5,15.4,5.7,0.416,Rain,3,0,134.2
12301,Rajdhani,DDU,Gaya,126.3,58.8,7.6,14.9,0.363,Heavy Rain,8,3,163.0
12259,Duronto,Dhanbad,Gaya,221.9,81.8,10.4,4.8,0.105,Rain,4,2,154.4
12627,Express,Gudur,Nellore,56.3,46.0,19.2,14.0,0.219,Heavy Rain,2,3,110.0
12860,Express,Pune,Solapur,173.9,65.1,-5.0,17.6,0.607,Clear,3,5,200.9
12259,Duronto,DDU,New Delhi,204.7,60.0,-1.4,7.3,0.521,Heavy Rain,9,4,234.4
12627,Express,Gudur,Nellore,56.5,57.9,33.4,1.2,0.535,Rain,1,4,92.6
12723,Express,Vijayawada,Gudur,213.0,57.1,6.8,13.1,0.461,Rain,5,0,219.6
12259,Duronto,Sealdah,Asansol,203.2,72.3,-0.8,10.3,0.415,Clear,0,1,165.1
12627,Express,Vijayawada,Warangal,135.9,50.0,1.2,12.4,0.356,Rain,6,0,215.8
12951,Rajdhani,Mumbai,Surat,244.3,76.6,-1.6,10.0,0.005,Fog,0,2,186.1
12259,Duronto,Asansol,Dhanbad,111.5,70.1,28.2,2.3,0.477,Clear,3,1,113.5
12723,Express,Hyderabad,Kazipet,156.0,74.7,16.8,4.0,0.039,Fog,0,0,138.8
12259,Duronto,DDU,New Delhi,229.4,74.3,2.7,0.0,0.157,Clear,9,6,204.0
12723,Express,Gudur,Chennai,165.4,58.6,31.3,14.6,0.195,Rain,9,6,222.2
12951,Rajdhani,Kota,New Delhi,205.2,68.9,13.7,25.4,0.109,Fog,11,2,220.3
12723,Express,Warangal,Vijayawada,224.5,60.7,9.0,14.4,0.117,Clear,3,2,200.7
12951,Rajdhani,Mumbai,Surat,211.4,64.1,29.3,12.4,0.212,Clear,23,3,194.3
12259,Duronto,Gaya,DDU,201.3,69.5,6.7,6.4,0.144,Clear,7,3,187.6
12723,Express,Hyderabad,Kazipet,114.0,49.5,5.9,18.8,0.29,Clear,0,5,160.8
12860,Express,Mumbai,Pune,222.5,66.1,-0.2,9.8,0.213,Clear,0,1,197.4
12951,Rajdhani,Kota,New Delhi,207.2,69.5,4.5,0.0,0.394,Clear,11,2,214.3
12723,Express,Warangal,Vijayawada,172.5,62.2,16.6,0.0,0.531,Clear,3,1,208.1
12860,Express,Solapur,Kalaburagi,147.3,53.8,6.1,19.6,0.29,Clear,6,4,182.5
12723,Express,Gudur,Chennai,229.9,61.9,11.9,0.0,0.153,Clear,9,1,207.3
12860,Express,Pune,Solapur,161.3,53.6,19.0,12.7,0.115,Rain,4,4,199.9
12723,Express,Gudur,Chennai,187.5,53.0,0.3,14.6,0.108,Fog,9,3,218.5
12259,Duronto,Dhanbad,Gaya,169.9,72.1,11.2,17.3,0.314,Clear,3,2,157.6
12951,Rajdhani,Mumbai,Surat,144.5,54.3,12.5,15.4,0.756,Clear,0,0,219.2
12951,Rajdhani,Surat,Vadodara,125.2,69.5,12.9,17.2,0.165,Clear,3,0,138.1
12951,Rajdhani,Mumbai,Surat,211.3,65.9,22.0,20.7,0.218,Clear,23,5,188.3
12723,Express,Vijayawada,Gudur,193.6,65.9,16.0,5.4,0.453,Clear,5,2,215.8
12951,Rajdhani,Ratlam,Kota,217.1,71.9,28.8,0.0,0.563,Fog,7,1,205.9
12627,Express,Chennai,Gudur,146.8,64.0,11.7,26.0,0.44,Clear,0,0,166.9
12301,Rajdhani,DDU,Gaya,142.3,70.9,10.8,10.6,0.139,Clear,8,5,143.5
12860,Express,Wadi,Secunderabad,194.4,67.4,8.3,0.6,0.415,Clear,9,2,167.4
12627,Express,Vijayawada,Warangal,186.1,54.0,-5.0,2.5,0.545,Fog,6,5,211.5
12301,Rajdhani,Gaya,Howrah,255.0,84.7,-5.0,29.8,0.639,Heavy Rain,10,1,193.8
12860,Express,Mumbai,Pune,136.9,43.5,29.1,18.5,0.068,Rain,23,3,250.7
12723,Express,Hyderabad,Kazipet,173.5,80.0,5.3,12.8,0.175,Rain,0,4,144.4
12723,Express,Vijayawada,Gudur,207.0,61.6,29.0,22.3,0.297,Clear,6,4,228.2
12860,Express,Kalaburagi,Wadi,93.4,65.4,17.2,5.1,0.28,Clear,7,1,82.2
12723,Express,Kazipet,Warangal,41.4,61.8,15.2,2.4,0.34,Clear,1,2,42.0
12951,Rajdhani,Ratlam,Kota,206.3,72.1,-0.0,7.9,0.262,Rain,7,4,193.5
12860,Express,Mumbai,Pune,158.8,56.2,17.4,2.1,0.1,Clear,0,1,216.4
12951,Rajdhani,Surat,Vadodara,123.8,62.2,32.3,20.3,0.035,Clear,2,0,137.6
12259,Duronto,DDU,New Delhi,171.1,58.4,27.7,3.1,0.154,Rain,9,3,213.4
12301,Rajdhani,DDU,Gaya,162.1,77.4,9.7,17.2,0.273,Heavy Rain,7,6,157.9
12259,Duronto,Sealdah,Asansol,204.3,80.7,22.8,16.4,0.153,Clear,0,5,156.9
12627,Express,Chennai,Gudur,153.5,56.9,7.9,6.3,0.09,Clear,0,5,159.1
12951,Rajdhani,Ratlam,Kota,208.5,65.0,3.1,9.6,0.45,Clear,7,2,198.7
12723,Express,Hyderabad,Kazipet,141.2,65.7,25.1,11.5,0.205,Fog,23,6,151.6
12723,Express,Vijayawada,Gudur,211.1,71.5,10.7,18.1,0.279,Clear,6,0,212.2
12259,Duronto,Dhanbad,Gaya,154.7,72.4,11.4,13.2,0.162,Rain,4,3,158.1
12301,Rajdhani,Prayagraj,DDU,179.0,64.1,10.5,7.6,0.265,Clear,5,1,166.1
12301,Rajdhani,DDU,Gaya,159.4,76.9,24.8,6.3,0.251,Clear,6,6,151.2
12951,Rajdhani,Ratlam,Kota,160.8,56.0,6.7,8.9,0.096,Clear,7,0,186.3
12301,Rajdhani,Prayagraj,DDU,234.7,84.0,-1.4,14.1,0.419,Clear,5,0,173.4
12301,Rajdhani,DDU,Gaya,187.2,88.4,14.8,0.0,0.871,Rain,7,1,150.7
12301,Rajdhani,DDU,Gaya,138.5,60.1,21.5,3.0,0.351,Clear,7,1,155.8
12627,Express,Gudur,Nellore,77.9,64.5,0.0,8.7,0.549,Clear,2,5,67.2
12627,Express,Vijayawada,Warangal,175.5,62.7,22.0,0.0,0.207,Clear,6,4,198.3
12301,Rajdhani,Kanpur,Prayagraj,215.9,75.3,7.6,15.6,0.196,Fog,1,4,174.7
12259,Duronto,Sealdah,Asansol,180.1,82.5,8.2,14.0,0.108,Clear,23,0,154.0
12259,Duronto,Gaya,DDU,222.1,73.2,16.7,0.0,0.12,Rain,6,0,180.9
12951,Rajdhani,Mumbai,Surat,236.8,79.8,23.1,21.4,0.182,Clear,0,2,192.8
12951,Rajdhani,Mumbai,Surat,179.2,61.7,13.1,5.0,0.239,Clear,0,6,194.9
12301,Rajdhani,New Delhi,Kanpur,166.1,59.2,7.1,9.2,0.137,Clear,0,3,168.5
12627,Express,Warangal,Secunderabad,193.1,68.1,2.2,0.0,0.214,Clear,9,4,181.6
12301,Rajdhani,Gaya,Howrah,248.5,80.7,15.8,4.3,0.405,Clear,10,0,182.7
12301,Rajdhani,Prayagraj,DDU,187.1,70.0,-2.6,14.0,0.058,Clear,4,4,163.6
12951,Rajdhani,Surat,Vadodara,128.8,58.9,19.3,13.3,0.093,Clear,2,3,142.3
12723,Express,Hyderabad,Kazipet,149.8,62.8,22.2,4.9,0.366,Clear,23,3,153.8
12301,Rajdhani,DDU,Gaya,131.1,65.7,3.9,21.1,0.197,Rain,7,0,156.1
12627,Express,Chennai,Gudur,136.5,61.6,-0.6,11.4,0.236,Rain,0,5,162.4
12951,Rajdhani,Surat,Vadodara,119.4,61.9,9.1,2.3,0.088,Fog,2,4,138.8
12723,Express,Warangal,Vijayawada,199.5,72.0,1.7,7.9,0.092,Rain,2,5,193.9
12627,Express,Chennai,Gudur,119.3,56.1,24.1,3.0,0.666,Fog,23,4,180.4
12723,Express,Kazipet,Warangal,40.0,54.4,25.0,5.5,0.22,Clear,2,4,54.5
12627,Express,Vijayawada,Warangal,220.3,70.0,-1.3,0.0,0.232,Clear,5,0,189.1
12301,Rajdhani,Kanpur,Prayagraj,146.2,61.8,9.6,0.0,0.058,Clear,3,4,172.4
12259,Duronto,Sealdah,Asansol,152.6,60.6,9.5,13.9,0.275,Clear,0,5,160.7
12259,Duronto,Sealdah,Asansol,166.8,71.3,-1.2,13.2,0.026,Clear,0,5,148.5
12259,Duronto,Asansol,Dhanbad,108.3,62.3,12.7,15.4,0.396,Heavy Rain,2,2,115.9
12259,Duronto,Dhanbad,Gaya,195.9,74.3,28.5,2.1,0.27,Clear,4,5,157.2
12860,Express,Mumbai,Pune,175.9,56.7,2.3,13.1,0.313,Clear,0,2,219.2
12301,Rajdhani,Gaya,Howrah,229.0,74.4,-5.0,25.8,0.483,Rain,10,4,194.7
12951,Rajdhani,Vadodara,Ratlam,211.3,76.4,4.2,4.1,0.179,Fog,5,3,178.1
12301,Rajdhani,Prayagraj,DDU,149.1,62.9,9.7,24.2,0.286,Clear,5,2,178.0
12259,Duronto,Asansol,Dhanbad,110.9,75.6,14.8,24.5,0.171,Clear,2,0,102.4
12627,Express,Nellore,Vijayawada,245.3,77.8,4.4,17.6,0.226,Heavy Rain,3,3,195.1
12860,Express,Wadi,Secunderabad,212.7,70.3,36.8,18.4,0.222,Clear,9,5,185.7
12627,Express,Nellore,Vijayawada,163.2,59.8,18.4,21.7,0.15,Clear,3,0,199.5
12627,Express,Gudur,Nellore,62.6,66.0,13.9,10.6,0.131,Clear,2,2,76.8
12627,Express,Nellore,Vijayawada,149.8,55.5,26.4,0.0,0.107,Heavy Rain,2,0,215.4
12627,Express,Gudur,Nellore,49.5,51.8,19.3,11.0,0.214,Fog,3,5,91.5
12723,Express,Gudur,Chennai,269.0,75.7,15.3,0.5,0.065,Clear,8,5,203.1
12627,Express,Chennai,Gudur,153.9,63.5,25.2,13.1,0.046,Clear,0,6,167.6
12627,Express,Vijayawada,Warangal,195.7,63.5,17.6,10.3,0.469,Fog,6,6,202.6
12723,Express,Hyderabad,Kazipet,125.2,55.5,28.5,3.2,0.3,Clear,0,6,152.1
12259,Duronto,DDU,New Delhi,257.8,71.7,16.8,0.0,0.314,Rain,9,3,214.3
12723,Express,Hyderabad,Kazipet,122.9,54.0,4.3,15.5,0.391,Clear,0,6,152.2
12259,Duronto,Sealdah,Asansol,166.8,66.2,17.7,12.3,0.438,Clear,23,1,162.1
12951,Rajdhani,Ratlam,Kota,223.3,71.9,4.9,8.4,0.265,Fog,8,6,202.0
12627,Express,Vijayawada,Warangal,200.2,75.1,19.2,15.6,0.299,Clear,6,4,194.6
12860,Express,Mumbai,Pune,170.6,60.0,16.8,10.2,0.142,Clear,0,3,203.4
12860,Express,Wadi,Secunderabad,128.1,56.1,5.1,3.9,0.458,Clear,10,2,182.0
12951,Rajdhani,Surat,Vadodara,128.0,66.8,16.6,15.9,0.151,Clear,3,5,140.0
12860,Express,Kalaburagi,Wadi,92.4,70.3,27.1,7.8,0.127,Clear,8,5,89.2
12259,Duronto,DDU,New Delhi,213.3,63.3,12.9,17.4,0.475,Clear,9,3,224.8
12259,Duronto,Dhanbad,Gaya,173.9,69.1,22.7,3.8,0.39,Clear,3,0,152.8
12723,Express,Hyderabad,Kazipet,125.1,59.0,41.3,22.3,0.191,Fog,23,5,157.0
12301,Rajdhani,DDU,Gaya,179.4,71.5,26.1,5.9,0.374,Clear,7,1,156.1
12259,Duronto,DDU,New Delhi,210.7,67.6,-4.6,0.0,0.163,Fog,8,6,206.9
12951,Rajdhani,Mumbai,Surat,191.0,59.1,2.9,12.0,0.107,Fog,0,5,208.8
12860,Express,Wadi,Secunderabad,132.6,54.7,10.4,5.1,0.171,Clear,10,1,177.3
12723,Express,Hyderabad,Kazipet,134.8,55.9,-3.6,23.0,0.159,Clear,0,3,142.0
12723,Express,Warangal,Vijayawada,152.5,55.1,5.1,21.2,0.05,Clear,3,1,212.9
12259,Duronto,Gaya,DDU,120.0,50.1,6.5,0.0,0.126,Rain,6,3,192.4
12860,Express,Wadi,Secunderabad,189.9,65.6,17.4,10.5,0.419,Clear,10,5,181.5
12627,Express,Chennai,Gudur,125.8,52.7,1.5,2.2,0.317,Clear,23,3,158.8
12723,Express,Warangal,Vijayawada,183.6,58.0,8.2,3.4,0.2,Fog,2,0,221.3
12301,Rajdhani,Gaya,Howrah,164.1,59.2,15.0,17.4,0.115,Rain,10,5,199.1
12951,Rajdhani,Kota,New Delhi,235.9,62.5,42.6,11.0,0.346,Clear,10,1,220.6
12259,Duronto,Gaya,DDU,144.3,59.0,29.8,15.5,0.245,Rain,7,5,199.5
12860,Express,Wadi,Secunderabad,154.4,62.4,19.5,9.1,0.123,Clear,10,3,165.3
12723,Express,Kazipet,Warangal,46.4,69.6,3.3,19.3,0.498,Fog,1,3,52.1
12951,Rajdhani,Mumbai,Surat,193.2,65.0,7.9,9.9,0.114,Fog,0,2,200.1
12259,Duronto,Asansol,Dhanbad,101.0,66.2,9.0,10.2,0.183,Heavy Rain,2,1,115.3
12627,Express,Vijayawada,Warangal,192.9,69.9,13.8,3.5,0.378,Clear,6,2,202.3
12723,Express,Vijayawada,Gudur,216.0,62.5,-5.0,1.5,0.161,Rain,6,2,195.2
12951,Rajdhani,Surat,Vadodara,128.1,69.2,9.4,8.7,0.37,Heavy Rain,2,0,142.0
12860,Express,Pune,Solapur,204.5,63.3,21.2,2.8,0.143,Clear,3,3,203.3
12860,Express,Mumbai,Pune,190.3,58.2,-5.0,13.8,0.136,Rain,23,6,205.8
12301,Rajdhani,Gaya,Howrah,185.7,66.3,-4.6,5.1,0.277,Fog,10,1,185.5
12627,Express,Warangal,Secunderabad,200.1,60.8,1.2,4.3,0.084,Clear,9,6,190.8
12951,Rajdhani,Surat,Vadodara,123.9,66.6,2.7,14.8,0.174,Clear,3,3,129.0
12860,Express,Wadi,Secunderabad,168.5,60.8,18.7,10.2,0.391,Clear,11,4,192.3
12723,Express,Gudur,Chennai,193.8,68.1,23.1,4.1,0.256,Fog,9,4,211.2
12627,Express,Chennai,Gudur,125.0,47.1,23.0,20.5,0.127,Fog,0,1,178.3
12301,Rajdhani,Gaya,Howrah,193.2,77.2,-5.0,10.7,0.434,Clear,10,5,176.3
12723,Express,Vijayawada,Gudur,266.0,71.5,17.3,7.0,0.197,Clear,6,4,202.1
12723,Express,Gudur,Chennai,228.7,64.9,1.7,13.8,0.43,Clear,9,4,212.6
12860,Express,Mumbai,Pune,209.4,71.1,18.7,12.8,0.368,Clear,23,1,205.6
12723,Express,Hyderabad,Kazipet,127.2,67.0,35.7,8.1,0.215,Clear,0,2,146.2
12723,Express,Warangal,Vijayawada,159.9,57.7,18.3,5.1,0.123,Clear,2,3,211.0
12627,Express,Vijayawada,Warangal,178.4,67.1,19.0,18.7,0.309,Clear,5,0,209.7
12860,Express,Mumbai,Pune,132.6,45.7,4.4,6.3,0.084,Fog,0,5,208.4
12259,Duronto,DDU,New Delhi,198.0,56.2,11.8,8.5,0.279,Clear,10,4,226.3
12301,Rajdhani,Gaya,Howrah,233.5,81.4,20.4,4.6,0.404,Clear,11,1,189.7
12860,Express,Mumbai,Pune,169.1,53.0,24.6,0.0,0.443,Clear,0,4,213.1
12259,Duronto,Asansol,Dhanbad,109.7,74.4,10.5,4.4,0.418,Clear,3,6,114.7
12951,Rajdhani,Mumbai,Surat,233.3,87.0,21.8,1.4,0.164,Clear,0,6,184.8
12259,Duronto,DDU,New Delhi,258.4,83.2,23.7,13.6,0.191,Clear,9,1,233.0
12860,Express,Pune,Solapur,147.6,55.1,14.5,22.1,0.134,Clear,2,0,192.8
12951,Rajdhani,Kota,New Delhi,189.2,63.1,19.1,7.8,0.307,Clear,9,0,214.4
12301,Rajdhani,Kanpur,Prayagraj,200.9,73.8,9.7,17.2,0.033,Clear,2,1,176.7
12627,Express,Chennai,Gudur,145.4,68.3,6.5,6.6,0.23,Clear,22,4,148.8
12301,Rajdhani,Gaya,Howrah,213.5,75.5,7.2,8.5,0.407,Clear,10,6,186.5
12951,Rajdhani,Kota,New Delhi,173.4,53.3,19.8,4.6,0.543,Clear,10,0,230.2
12627,Express,Chennai,Gudur,149.6,62.8,13.6,7.7,0.377,Rain,23,5,165.1
12301,Rajdhani,Prayagraj,DDU,154.2,53.4,1.5,15.0,0.229,Clear,4,6,177.7
12301,Rajdhani,DDU,Gaya,151.0,61.3,10.2,10.8,0.355,Fog,7,6,160.6
12951,Rajdhani,Kota,New Delhi,257.5,69.9,14.6,0.0,0.571,Rain,10,3,227.3
12860,Express,Kalaburagi,Wadi,82.6,61.2,12.3,0.0,0.129,Fog,9,6,99.9
12259,Duronto,Sealdah,Asansol,207.8,86.9,-5.0,15.3,0.09,Clear,0,2,155.9
12723,Express,Vijayawada,Gudur,155.2,55.9,16.0,17.7,0.568,Clear,5,1,233.6
12860,Express,Mumbai,Pune,222.6,63.5,3.5,6.9,0.233,Heavy Rain,23,2,210.3
12860,Express,Mumbai,Pune,161.6,48.9,11.4,15.9,0.268,Clear,23,4,218.5
12951,Rajdhani,Vadodara,Ratlam,250.1,76.9,-4.5,22.4,0.018,Clear,4,6,165.0
12860,Express,Kalaburagi,Wadi,104.0,69.1,21.8,16.8,0.748,Clear,9,4,116.7
12259,Duronto,Dhanbad,Gaya,163.9,65.6,-3.6,10.1,0.093,Clear,4,3,141.8
12627,Express,Vijayawada,Warangal,153.7,59.4,13.5,18.9,0.252,Rain,6,1,207.7
12259,Duronto,Asansol,Dhanbad,88.1,61.7,9.1,6.1,0.513,Rain,2,0,118.0
12860,Express,Kalaburagi,Wadi,86.9,65.6,27.0,21.6,0.629,Rain,8,6,112.1
12860,Express,Mumbai,Pune,188.5,55.6,28.9,0.9,0.208,Clear,23,2,212.8
12301,Rajdhani,DDU,Gaya,140.6,62.1,22.0,13.6,0.068,Clear,8,4,142.6
12951,Rajdhani,Ratlam,Kota,213.5,64.0,44.2,15.8,0.209,Fog,7,3,208.4
12860,Express,Solapur,Kalaburagi,93.6,41.9,11.1,0.0,0.248,Rain,6,4,180.7
12860,Express,Solapur,Kalaburagi,154.4,55.1,26.0,14.8,0.106,Clear,7,5,168.7
12860,Express,Mumbai,Pune,199.7,67.0,26.1,0.0,0.366,Rain,0,1,211.9
12627,Express,Vijayawada,Warangal,166.2,58.9,4.2,7.4,0.422,Clear,6,6,192.9
12301,Rajdhani,Gaya,Howrah,199.7,69.5,30.7,7.6,0.417,Clear,10,2,189.5
12951,Rajdhani,Mumbai,Surat,240.7,74.6,17.8,3.1,0.49,Clear,0,1,192.5
12723,Express,Gudur,Chennai,144.9,49.3,7.3,33.2,0.462,Clear,9,2,227.2
12301,Rajdhani,New Delhi,Kanpur,177.8,75.3,8.3,0.0,0.515,Clear,23,3,182.0
12951,Rajdhani,Ratlam,Kota,206.1,74.3,18.4,14.3,0.237,Clear,7,3,190.6
12627,Express,Nellore,Vijayawada,122.3,40.1,4.6,11.2,0.432,Clear,4,2,205.2
12860,Express,Solapur,Kalaburagi,122.3,51.0,25.0,5.5,0.316,Rain,5,5,187.2
12259,Duronto,Sealdah,Asansol,152.1,67.4,17.9,25.9,0.047,Clear,0,4,169.6
12951,Rajdhani,Mumbai,Surat,194.6,62.5,12.4,3.5,0.6,Heavy Rain,1,6,216.3
12259,Duronto,Sealdah,Asansol,184.9,68.5,31.7,6.7,0.353,Heavy Rain,23,5,184.6
12951,Rajdhani,Ratlam,Kota,220.5,73.4,7.6,3.9,0.577,Fog,8,1,205.1
12259,Duronto,Gaya,DDU,240.2,85.2,17.9,12.0,0.324,Rain,6,5,176.8
12723,Express,Hyderabad,Kazipet,145.8,63.5,9.7,1.9,0.317,Rain,0,1,147.9
12860,Express,Mumbai,Pune,252.5,74.0,-5.0,13.5,0.12,Clear,23,6,184.9
12259,Duronto,Dhanbad,Gaya,167.2,72.7,6.0,7.0,0.214,Clear,3,6,147.7
12723,Express,Kazipet,Warangal,40.0,68.8,21.4,12.9,0.488,Fog,1,1,65.8
12951,Rajdhani,Ratlam,Kota,240.4,81.5,13.6,11.3,0.067,Rain,8,4,201.9
12723,Express,Vijayawada,Gudur,220.3,61.9,27.5,4.7,0.557,Clear,5,6,219.1
12627,Express,Nellore,Vijayawada,191.7,69.1,21.7,17.3,0.441,Rain,4,2,195.3
12259,Duronto,Dhanbad,Gaya,156.5,66.9,13.1,18.1,0.359,Clear,3,6,153.2
12860,Express,Pune,Solapur,211.3,75.7,12.6,3.1,0.233,Clear,3,1,188.9
12259,Duronto,Sealdah,Asansol,183.8,83.5,9.9,14.9,0.286,Clear,0,1,170.0
12627,Express,Vijayawada,Warangal,166.3,59.9,7.6,1.9,0.697,Clear,7,3,205.0
12723,Express,Vijayawada,Gudur,176.2,54.3,-1.1,16.9,0.107,Fog,5,6,221.8
12860,Express,Pune,Solapur,224.3,65.6,0.6,4.8,0.247,Rain,4,3,190.8
12860,Express,Mumbai,Pune,208.6,61.8,-5.0,12.7,0.728,Fog,0,1,215.4
12951,Rajdhani,Surat,Vadodara,158.4,73.4,14.4,10.9,0.38,Clear,2,4,142.8
12723,Express,Warangal,Vijayawada,212.7,76.8,9.2,9.9,0.2,Clear,2,1,200.3
12259,Duronto,Gaya,DDU,187.0,79.6,6.4,0.0,0.085,Clear,6,5,164.0
12259,Duronto,Asansol,Dhanbad,110.4,62.5,13.5,3.5,0.422,Clear,2,2,103.9
12259,Duronto,Sealdah,Asansol,136.3,62.0,21.4,18.9,0.141,Clear,0,3,172.3
12627,Express,Warangal,Secunderabad,180.6,61.0,1.5,8.9,0.498,Heavy Rain,9,3,204.1
12951,Rajdhani,Vadodara,Ratlam,221.7,75.7,0.4,12.5,0.138,Rain,4,2,189.3
12723,Express,Warangal,Vijayawada,212.1,67.0,7.4,5.1,0.413,Clear,2,5,209.0
12723,Express,Hyderabad,Kazipet,106.4,55.9,9.6,1.6,0.283,Clear,0,2,153.1
12723,Express,Kazipet,Warangal,40.0,57.4,15.8,1.9,0.467,Rain,1,6,53.8
12951,Rajdhani,Mumbai,Surat,180.4,59.0,4.6,5.6,0.477,Clear,22,1,203.8
12860,Express,Solapur,Kalaburagi,129.9,50.4,40.1,3.3,0.335,Clear,5,3,179.0
12860,Express,Solapur,Kalaburagi,189.3,76.8,18.2,15.4,0.621,Clear,5,5,171.5
12627,Express,Vijayawada,Warangal,158.4,60.2,19.3,7.1,0.788,Clear,6,6,203.6
12627,Express,Vijayawada,Warangal,189.3,59.2,10.4,8.9,0.33,Clear,6,0,186.4
12259,Duronto,Dhanbad,Gaya,182.1,76.7,33.2,26.0,0.093,Fog,3,2,168.1
12723,Express,Warangal,Vijayawada,184.1,57.5,8.3,14.8,0.088,Clear,2,2,212.4
12627,Express,Chennai,Gudur,176.4,65.9,19.0,0.0,0.414,Clear,0,1,159.8
12860,Express,Solapur,Kalaburagi,207.7,82.1,24.4,8.0,0.344,Clear,5,6,170.0
12723,Express,Gudur,Chennai,238.8,65.7,14.2,9.6,0.572,Rain,8,3,209.9
12951,Rajdhani,Kota,New Delhi,217.8,69.8,22.1,8.1,0.402,Clear,11,1,221.8
12723,Express,Warangal,Vijayawada,146.5,49.7,24.7,0.0,0.161,Rain,2,3,224.8
12301,Rajdhani,New Delhi,Kanpur,175.8,66.1,19.1,19.7,0.426,Clear,0,3,171.2
12627,Express,Gudur,Nellore,87.1,74.1,5.5,14.7,0.111,Clear,2,2,77.4
12259,Duronto,Dhanbad,Gaya,145.2,66.1,12.4,12.2,0.23,Heavy Rain,3,6,163.1
12259,Duronto,Gaya,DDU,229.3,74.7,12.3,0.0,0.017,Fog,7,0,168.7
12951,Rajdhani,Mumbai,Surat,194.6,74.4,-5.0,9.9,0.364,Clear,0,0,183.2
12259,Duronto,Gaya,DDU,159.4,53.8,-5.0,11.2,0.359,Clear,6,0,176.0
12860,Express,Kalaburagi,Wadi,85.8,72.5,10.5,17.4,0.463,Rain,8,2,101.4
12951,Rajdhani,Kota,New Delhi,158.4,53.4,2.9,6.2,0.229,Fog,10,2,235.0
12301,Rajdhani,DDU,Gaya,181.4,84.5,15.5,12.7,0.123,Clear,7,0,147.9
12301,Rajdhani,Prayagraj,DDU,165.4,67.5,14.6,18.3,0.195,Clear,5,5,167.3
12951,Rajdhani,Kota,New Delhi,217.8,64.3,-5.0,8.3,0.074,Clear,11,0,197.4
12301,Rajdhani,DDU,Gaya,173.4,74.1,20.3,19.8,0.674,Clear,7,4,169.9
12627,Express,Gudur,Nellore,55.9,58.7,21.0,13.5,0.241,Rain,2,2,88.4
12259,Duronto,DDU,New Delhi,263.0,76.7,27.9,11.2,0.453,Clear,9,3,229.6
12301,Rajdhani,Kanpur,Prayagraj,214.0,70.0,2.1,26.3,0.144,Rain,2,1,173.7
12951,Rajdhani,Ratlam,Kota,159.2,62.3,26.9,11.1,0.063,Rain,8,3,192.9
12301,Rajdhani,DDU,Gaya,178.2,75.2,17.4,16.7,0.521,Clear,8,3,154.1
12301,Rajdhani,Prayagraj,DDU,162.5,66.0,5.9,16.5,0.244,Rain,6,1,169.6
12627,Express,Warangal,Secunderabad,193.4,61.2,25.3,2.6,0.234,Clear,9,4,194.4
12259,Duronto,Sealdah,Asansol,148.7,66.3,9.6,0.0,0.32,Clear,0,6,161.3
12860,Express,Mumbai,Pune,240.6,77.3,26.9,10.3,0.251,Clear,0,6,203.2
12627,Express,Chennai,Gudur,125.2,46.8,2.9,15.5,0.27,Rain,0,2,173.3
12301,Rajdhani,New Delhi,Kanpur,127.5,55.3,9.2,0.0,0.152,Clear,23,0,175.3
12951,Rajdhani,Kota,New Delhi,190.1,57.3,19.9,12.7,0.078,Clear,11,3,223.3
12259,Duronto,Dhanbad,Gaya,162.4,62.5,5.6,0.0,0.492,Clear,4,3,165.1
12860,Express,Mumbai,Pune,157.0,44.4,15.3,11.7,0.116,Heavy Rain,0,6,222.1
12259,Duronto,DDU,New Delhi,187.9,59.4,22.8,17.8,0.313,Fog,10,3,228.6
12860,Express,Mumbai,Pune,194.0,63.1,8.5,8.1,0.664,Clear,0,6,209.4
12860,Express,Mumbai,Pune,165.7,48.2,10.6,17.6,0.249,Rain,23,6,212.5
12259,Duronto,DDU,New Delhi,264.3,72.3,13.2,0.0,0.363,Heavy Rain,8,6,227.9
12951,Rajdhani,Kota,New Delhi,230.8,78.2,33.5,10.5,0.451,Clear,10,3,217.8
12860,Express,Pune,Solapur,140.1,53.8,-1.4,11.7,0.485,Clear,2,0,194.8
12723,Express,Gudur,Chennai,208.7,70.7,25.7,21.7,0.126,Fog,9,2,217.7
12259,Duronto,Sealdah,Asansol,173.8,65.6,13.9,6.2,0.388,Clear,23,1,166.0
12860,Express,Solapur,Kalaburagi,156.7,56.6,5.2,5.6,0.355,Rain,6,4,160.7
12301,Rajdhani,New Delhi,Kanpur,180.6,66.2,35.7,10.1,0.215,Rain,23,4,176.8
12951,Rajdhani,Surat,Vadodara,152.5,78.5,11.6,5.0,0.553,Clear,2,2,135.7
12259,Duronto,Sealdah,Asansol,202.3,81.8,-5.0,13.6,0.218,Clear,23,5,149.4
12860,Express,Wadi,Secunderabad,133.8,57.4,26.5,14.5,0.19,Rain,10,6,190.9
12627,Express,Chennai,Gudur,175.5,70.5,15.4,7.0,0.24,Rain,0,1,156.6
12301,Rajdhani,Kanpur,Prayagraj,185.8,67.0,-1.0,21.5,0.107,Heavy Rain,2,6,179.4
12259,Duronto,Gaya,DDU,216.8,75.6,24.1,0.0,0.391,Clear,6,5,183.5
12951,Rajdhani,Vadodara,Ratlam,195.6,60.0,33.3,7.4,0.157,Rain,5,3,200.2
12259,Duronto,Dhanbad,Gaya,178.6,67.5,0.5,8.8,0.094,Clear,4,5,154.5
12860,Express,Kalaburagi,Wadi,91.9,71.7,1.7,9.4,0.14,Rain,8,4,89.7
12259,Duronto,DDU,New Delhi,204.6,69.9,31.4,8.0,0.089,Fog,9,4,230.3
12860,Express,Solapur,Kalaburagi,141.8,57.7,7.0,18.6,0.233,Clear,5,4,169.1
12301,Rajdhani,Gaya,Howrah,188.5,69.2,29.8,11.5,0.25,Clear,9,3,197.0
12627,Express,Nellore,Vijayawada,156.2,60.6,6.7,0.0,0.312,Rain,3,3,190.6
12627,Express,Vijayawada,Warangal,269.8,80.5,1.7,2.8,0.495,Clear,6,2,201.5
12301,Rajdhani,Prayagraj,DDU,149.4,64.1,29.0,17.9,0.206,Clear,5,4,192.2
12723,Express,Hyderabad,Kazipet,148.7,76.2,10.2,5.6,0.218,Clear,23,6,140.0
12301,Rajdhani,DDU,Gaya,155.1,63.0,10.8,4.2,0.518,Heavy Rain,7,2,174.2
12860,Express,Kalaburagi,Wadi,63.9,53.5,-5.0,17.5,0.662,Rain,8,5,114.3
12259,Duronto,Dhanbad,Gaya,145.6,62.9,9.9,12.8,0.286,Clear,4,1,158.9
12860,Express,Wadi,Secunderabad,140.2,60.1,4.8,8.9,0.476,Clear,9,6,195.5
12627,Express,Nellore,Vijayawada,205.8,68.7,30.5,10.9,0.301,Fog,2,0,205.4
12860,Express,Kalaburagi,Wadi,74.9,58.1,21.4,14.8,0.028,Heavy Rain,8,4,114.6
12951,Rajdhani,Vadodara,Ratlam,182.9,59.7,24.4,1.2,0.275,Clear,4,4,191.7
12627,Express,Gudur,Nellore,59.4,50.3,7.9,15.1,0.123,Clear,2,6,92.1
12259,Duronto,Dhanbad,Gaya,144.8,52.5,36.6,1.3,0.499,Clear,4,6,189.0
12301,Rajdhani,Prayagraj,DDU,218.6,84.3,-2.3,27.7,0.11,Rain,5,1,177.6
12301,Rajdhani,New Delhi,Kanpur,178.0,71.4,12.9,0.0,0.543,Rain,0,1,181.2
12627,Express,Vijayawada,Warangal,221.6,73.4,1.9,0.0,0.326,Clear,5,3,192.8
12259,Duronto,DDU,New Delhi,229.2,73.7,17.0,10.0,0.209,Fog,9,5,221.2
12301,Rajdhani,Kanpur,Prayagraj,176.1,69.0,6.6,19.9,0.21,Clear,3,2,179.8
12627,Express,Chennai,Gudur,155.5,67.1,-5.0,10.9,0.204,Clear,0,0,151.1
12627,Express,Chennai,Gudur,176.6,63.9,22.7,3.8,0.492,Clear,1,0,161.9
12301,Rajdhani,New Delhi,Kanpur,195.7,77.2,17.9,17.7,0.135,Rain,0,6,178.9
12259,Duronto,Sealdah,Asansol,208.3,80.9,-5.0,9.5,0.282,Clear,0,6,148.0
12951,Rajdhani,Surat,Vadodara,124.7,67.1,-5.0,12.6,0.407,Fog,4,1,130.2
12860,Express,Pune,Solapur,196.0,71.0,7.6,5.1,0.24,Clear,2,3,190.4
12860,Express,Wadi,Secunderabad,135.6,51.3,9.5,11.9,0.058,Rain,9,2,179.2
12860,Express,Solapur,Kalaburagi,201.1,70.2,8.5,0.6,0.279,Clear,5,0,150.8
12723,Express,Kazipet,Warangal,43.3,69.3,-3.4,2.6,0.455,Fog,2,2,56.0
12627,Express,Chennai,Gudur,155.5,67.4,11.9,8.2,0.3,Fog,23,6,171.0
12627,Express,Gudur,Nellore,84.1,75.6,23.4,16.4,0.365,Clear,2,6,78.2
12951,Rajdhani,Vadodara,Ratlam,208.7,79.8,11.0,0.0,0.207,Clear,5,6,175.3
12723,Express,Vijayawada,Gudur,177.5,53.2,-0.3,7.1,0.109,Clear,6,4,209.1
12860,Express,Kalaburagi,Wadi,99.6,65.8,34.2,4.2,0.221,Clear,9,1,96.1
12951,Rajdhani,Mumbai,Surat,183.9,66.3,19.9,1.9,0.074,Clear,0,1,189.0
12259,Duronto,Gaya,DDU,167.2,67.4,7.3,12.1,0.17,Clear,6,4,170.6
12627,Express,Gudur,Nellore,69.4,59.5,9.1,10.2,0.373,Rain,2,2,83.4
12723,Express,Vijayawada,Gudur,179.3,53.7,-5.0,14.8,0.323,Heavy Rain,5,4,219.1
12951,Rajdhani,Kota,New Delhi,219.1,59.4,-5.0,20.2,0.584,Rain,10,0,222.6
12259,Duronto,Dhanbad,Gaya,145.4,67.6,31.3,15.8,0.079,Clear,3,5,168.6
12860,Express,Solapur,Kalaburagi,139.1,53.4,5.3,10.6,0.201,Clear,6,1,178.1
12860,Express,Solapur,Kalaburagi,170.6,64.6,18.1,20.8,0.326,Fog,5,3,176.6
12627,Express,Chennai,Gudur,149.2,57.7,-5.0,5.6,0.338,Fog,23,4,155.5
12951,Rajdhani,Surat,Vadodara,132.7,70.7,27.2,13.6,0.315,Clear,3,4,150.2
12627,Express,Gudur,Nellore,59.7,54.8,24.2,22.5,0.2,Rain,2,3,91.0
12301,Rajdhani,DDU,Gaya,183.5,78.0,27.6,0.0,0.31,Clear,6,5,153.2
12301,Rajdhani,Prayagraj,DDU,191.2,77.6,33.0,3.7,0.261,Clear,5,5,182.3
12259,Duronto,Dhanbad,Gaya,205.0,88.6,4.0,16.8,0.427,Clear,4,6,155.0
12860,Express,Pune,Solapur,138.8,53.2,29.8,15.6,0.072,Clear,2,3,205.2
12951,Rajdhani,Surat,Vadodara,139.0,64.7,1.8,15.3,0.208,Clear,2,4,130.0
12723,Express,Warangal,Vijayawada,184.5,59.8,26.1,2.6,0.109,Clear,1,6,214.4
12301,Rajdhani,Gaya,Howrah,195.5,69.5,15.6,0.4,0.02,Fog,10,1,174.4
12860,Express,Mumbai,Pune,158.1,56.5,20.1,17.5,0.616,Rain,1,2,228.9
12860,Express,Pune,Solapur,164.3,56.3,24.6,7.5,0.075,Clear,4,2,185.0
12627,Express,Gudur,Nellore,62.1,61.3,12.6,18.6,0.431,Clear,2,0,90.1
12723,Express,Vijayawada,Gudur,152.6,55.0,14.6,10.8,0.063,Fog,5,5,218.7
12951,Rajdhani,Kota,New Delhi,266.9,71.0,35.0,0.0,0.149,Clear,10,0,213.5
12627,Express,Warangal,Secunderabad,222.6,67.4,29.0,15.6,0.352,Clear,9,6,207.4
12301,Rajdhani,Kanpur,Prayagraj,202.8,73.1,4.2,1.9,0.221,Clear,3,2,159.3
12627,Express,Warangal,Secunderabad,264.6,77.9,-5.0,23.5,0.483,Clear,9,6,190.9
12627,Express,Warangal,Secunderabad,180.8,61.9,3.8,0.4,0.604,Rain,9,6,202.4
12259,Duronto,Gaya,DDU,231.1,85.8,22.7,10.3,0.393,Clear,6,1,178.0
12723,Express,Vijayawada,Gudur,130.9,46.4,26.7,14.1,0.141,Clear,6,2,224.5
12951,Rajdhani,Vadodara,Ratlam,153.9,52.3,-0.6,7.1,0.167,Clear,4,3,192.1
12723,Express,Hyderabad,Kazipet,148.6,60.8,23.9,11.0,0.041,Clear,23,1,138.2
12627,Express,Nellore,Vijayawada,180.3,59.8,42.1,17.5,0.241,Heavy Rain,3,5,214.7
12627,Express,Gudur,Nellore,62.1,53.9,24.3,7.1,0.299,Rain,3,4,99.3
12860,Express,Kalaburagi,Wadi,108.4,74.8,2.6,15.0,0.259,Clear,9,3,87.7
12259,Duronto,Sealdah,Asansol,165.3,63.4,16.6,4.5,0.079,Fog,23,6,156.3
12259,Duronto,Gaya,DDU,186.9,66.7,-5.0,3.9,0.247,Fog,6,0,163.8
12723,Express,Vijayawada,Gudur,249.5,70.9,-2.4,7.6,0.214,Fog,5,6,215.5
12301,Rajdhani,Gaya,Howrah,172.4,65.1,20.0,13.2,0.408,Rain,10,3,198.7
12301,Rajdhani,New Delhi,Kanpur,223.2,78.4,6.6,0.0,0.025,Rain,0,1,157.5
12259,Duronto,Dhanbad,Gaya,156.7,76.1,20.4,0.0,0.065,Rain,3,0,159.3
12259,Duronto,Gaya,DDU,187.8,62.4,1.1,22.1,0.386,Clear,6,1,176.3
12259,Duronto,DDU,New Delhi,265.0,80.7,24.1,21.1,0.423,Heavy Rain,10,4,239.7
12259,Duronto,DDU,New Delhi,182.9,57.8,5.5,15.1,0.134,Clear,9,3,211.2
12627,Express,Chennai,Gudur,150.9,66.4,-5.0,0.0,0.194,Fog,22,3,146.5
12860,Express,Wadi,Secunderabad,173.0,62.7,13.0,3.6,0.109,Fog,10,6,178.4
12860,Express,Pune,Solapur,137.7,50.6,9.6,5.0,0.363,Clear,2,3,201.4
12627,Express,Nellore,Vijayawada,159.7,50.8,12.8,16.8,0.306,Fog,3,1,205.4
12259,Duronto,Sealdah,Asansol,173.3,66.7,4.8,17.8,0.166,Clear,0,2,155.6
12627,Express,Gudur,Nellore,73.4,62.7,4.4,10.2,0.42,Fog,2,4,90.4
12951,Rajdhani,Ratlam,Kota,194.8,74.1,16.3,21.5,0.359,Clear,7,5,208.7
12951,Rajdhani,Ratlam,Kota,185.8,61.1,20.8,7.5,0.138,Clear,8,5,202.3
12627,Express,Warangal,Secunderabad,196.3,66.6,13.5,8.4,0.33,Clear,9,5,202.4
12627,Express,Warangal,Secunderabad,155.4,55.1,9.9,12.5,0.118,Rain,11,5,201.8
12627,Express,Vijayawada,Warangal,144.8,55.2,2.3,32.4,0.158,Rain,6,5,197.4
12627,Express,Gudur,Nellore,56.7,58.9,11.6,13.3,0.096,Clear,2,0,88.1
12301,Rajdhani,DDU,Gaya,131.4,55.3,-4.5,24.5,0.014,Clear,7,4,150.5
12723,Express,Hyderabad,Kazipet,124.5,55.7,26.9,12.3,0.076,Clear,0,3,152.4
12259,Duronto,DDU,New Delhi,245.5,69.6,-2.2,1.4,0.472,Fog,9,2,224.0
12259,Duronto,DDU,New Delhi,237.7,74.6,4.3,6.6,0.571,Clear,9,2,223.2
12951,Rajdhani,Surat,Vadodara,163.7,77.1,-2.5,23.0,0.14,Rain,3,2,129.6
12259,Duronto,Dhanbad,Gaya,172.6,72.1,0.8,11.0,0.046,Clear,5,5,147.3
12951,Rajdhani,Mumbai,Surat,216.2,74.5,-4.5,12.2,0.558,Clear,0,3,186.7
12723,Express,Hyderabad,Kazipet,136.3,63.9,-0.0,8.5,0.313,Rain,23,2,136.0
12723,Express,Vijayawada,Gudur,252.8,69.8,15.1,6.8,0.424,Fog,6,3,220.0
12301,Rajdhani,Prayagraj,DDU,166.0,68.4,20.7,11.8,0.577,Clear,5,2,185.4
12951,Rajdhani,Ratlam,Kota,183.3,59.2,0.4,6.3,0.156,Heavy Rain,7,0,202.8
12860,Express,Kalaburagi,Wadi,87.6,63.8,1.2,4.3,0.255,Clear,8,1,88.9
12723,Express,Kazipet,Warangal,45.7,76.5,12.2,7.0,0.284,Rain,2,5,47.9
12301,Rajdhani,Gaya,Howrah,138.3,53.1,0.3,0.3,0.283,Rain,10,4,186.2
12259,Duronto,Dhanbad,Gaya,163.6,63.5,2.8,0.0,0.155,Clear,4,5,161.9
12259,Duronto,Asansol,Dhanbad,123.4,68.1,11.4,18.7,0.102,Clear,2,1,100.9
12301,Rajdhani,New Delhi,Kanpur,182.6,76.4,39.7,5.7,0.494,Rain,0,1,179.5
12259,Duronto,Sealdah,Asansol,176.8,70.5,14.2,31.1,0.15,Clear,23,6,155.1
12723,Express,Warangal,Vijayawada,166.4,60.1,-0.3,23.1,0.168,Fog,3,4,217.2
12259,Duronto,Dhanbad,Gaya,168.7,73.3,5.1,0.8,0.496,Rain,4,1,162.5
12951,Rajdhani,Vadodara,Ratlam,245.2,83.1,13.8,11.0,0.105,Heavy Rain,4,5,191.3
12259,Duronto,DDU,New Delhi,225.5,73.1,7.3,35.6,0.039,Heavy Rain,9,1,238.8
12951,Rajdhani,Kota,New Delhi,292.1,81.0,19.2,14.7,0.406,Rain,10,0,220.7
12301,Rajdhani,New Delhi,Kanpur,132.7,49.8,5.6,10.9,0.802,Clear,0,3,196.8
12723,Express,Warangal,Vijayawada,220.6,71.4,-0.2,0.0,0.233,Fog,2,3,209.8
12627,Express,Gudur,Nellore,65.0,66.3,8.7,0.0,0.186,Rain,2,4,81.5
12951,Rajdhani,Kota,New Delhi,255.0,78.3,2.1,10.5,0.468,Fog,10,4,223.8
12259,Duronto,Gaya,DDU,239.2,76.2,4.7,23.1,0.105,Clear,7,2,172.9
12259,Duronto,Asansol,Dhanbad,92.2,68.2,10.5,1.8,0.371,Clear,2,2,112.2
12860,Express,Wadi,Secunderabad,147.2,53.8,18.5,7.3,0.236,Clear,9,6,177.6
12860,Express,Pune,Solapur,138.8,54.3,3.8,0.0,0.125,Fog,3,1,199.7
12259,Duronto,Sealdah,Asansol,216.7,82.2,28.2,9.1,0.045,Clear,23,3,175.3
12259,Duronto,Dhanbad,Gaya,162.8,72.8,21.7,9.5,0.319,Heavy Rain,3,3,174.8
12259,Duronto,Dhanbad,Gaya,158.2,71.4,21.4,11.7,0.214,Rain,4,2,155.1
12860,Express,Mumbai,Pune,185.8,59.5,24.5,0.0,0.39,Fog,0,5,213.6
12951,Rajdhani,Vadodara,Ratlam,221.9,77.1,34.7,20.4,0.155,Clear,5,1,185.9
12301,Rajdhani,Prayagraj,DDU,188.6,82.0,18.3,12.6,0.284,Heavy Rain,5,3,186.1
12951,Rajdhani,Vadodara,Ratlam,164.8,65.7,10.8,14.1,0.123,Clear,5,4,181.7
12860,Express,Solapur,Kalaburagi,165.6,77.1,18.8,14.7,0.252,Rain,6,1,165.0
12259,Duronto,DDU,New Delhi,155.2,52.8,9.4,0.0,0.217,Clear,9,6,222.0
12259,Duronto,Asansol,Dhanbad,125.3,76.7,-5.0,3.9,0.536,Rain,2,6,112.0
12259,Duronto,Sealdah,Asansol,165.0,73.6,15.4,10.4,0.283,Clear,0,2,165.0
12951,Rajdhani,Mumbai,Surat,253.7,83.5,22.3,19.1,0.376,Clear,23,2,194.4
12951,Rajdhani,Surat,Vadodara,147.2,80.8,22.0,10.7,0.326,Clear,3,2,123.7
12301,Rajdhani,DDU,Gaya,180.3,76.8,1.0,8.2,0.109,Fog,8,1,137.9
12951,Rajdhani,Vadodara,Ratlam,203.1,68.0,-5.0,10.2,0.435,Clear,4,0,183.7
12259,Duronto,Gaya,DDU,148.4,61.9,1.5,0.0,0.264,Clear,6,5,167.6
12951,Rajdhani,Kota,New Delhi,250.5,75.3,4.0,3.7,0.448,Clear,10,3,219.9
12951,Rajdhani,Vadodara,Ratlam,198.1,64.2,4.2,15.1,0.468,Rain,4,4,185.1
12860,Express,Kalaburagi,Wadi,93.6,65.6,19.7,11.0,0.533,Clear,8,6,86.4
12860,Express,Pune,Solapur,216.1,73.4,13.9,5.2,0.412,Heavy Rain,3,0,212.2
12723,Express,Vijayawada,Gudur,235.0,75.0,8.7,15.7,0.206,Rain,5,1,206.5
12259,Duronto,Sealdah,Asansol,171.4,69.2,18.6,5.9,0.187,Heavy Rain,0,4,181.3
12259,Duronto,Dhanbad,Gaya,197.8,78.6,20.5,6.9,0.133,Rain,4,3,164.5
12860,Express,Solapur,Kalaburagi,197.4,68.8,16.2,23.0,0.515,Rain,5,0,179.0
12951,Rajdhani,Ratlam,Kota,249.2,73.1,11.7,1.3,0.343,Rain,7,3,196.3
12723,Express,Gudur,Chennai,178.8,58.7,-0.7,20.4,0.207,Clear,9,5,211.9
12860,Express,Mumbai,Pune,178.3,59.0,5.7,19.2,0.044,Clear,23,0,194.0
12301,Rajdhani,DDU,Gaya,139.9,65.3,8.8,8.6,0.531,Rain,7,3,161.0
12951,Rajdhani,Ratlam,Kota,267.2,78.3,6.4,18.5,0.303,Rain,7,6,203.2
12723,Express,Gudur,Chennai,152.4,52.2,8.2,26.4,0.24,Rain,9,1,227.2
12860,Express,Mumbai,Pune,203.8,60.9,27.5,18.7,0.11,Clear,23,6,206.9
12723,Express,Kazipet,Warangal,40.0,63.8,11.4,23.4,0.318,Clear,2,5,54.0
12627,Express,Nellore,Vijayawada,201.1,66.2,17.3,13.5,0.408,Clear,3,3,193.6
12627,Express,Warangal,Secunderabad,228.4,71.6,26.3,11.4,0.524,Clear,9,0,203.3
12259,Duronto,Asansol,Dhanbad,118.2,71.6,9.7,22.7,0.491,Clear,2,2,112.7
12951,Rajdhani,Ratlam,Kota,208.4,73.5,-5.0,0.0,0.04,Rain,8,3,174.0
12627,Express,Gudur,Nellore,74.7,70.1,7.7,12.0,0.25,Clear,2,6,70.5
12951,Rajdhani,Mumbai,Surat,175.6,68.7,10.5,7.2,0.315,Heavy Rain,1,3,211.5
12301,Rajdhani,New Delhi,Kanpur,162.8,66.3,12.7,7.1,0.364,Clear,23,5,170.0
12951,Rajdhani,Mumbai,Surat,209.5,62.5,15.4,6.4,0.063,Clear,23,3,199.3
12301,Rajdhani,Gaya,Howrah,215.7,67.4,7.5,17.7,0.527,Clear,9,5,185.7
12723,Express,Warangal,Vijayawada,243.6,66.6,14.3,12.2,0.073,Clear,3,4,206.1
12627,Express,Nellore,Vijayawada,161.8,62.1,16.5,7.6,0.03,Clear,3,2,190.4
12259,Duronto,Asansol,Dhanbad,100.9,65.6,0.3,1.7,0.189,Clear,1,3,101.0
12723,Express,Gudur,Chennai,200.3,64.0,8.0,4.4,0.045,Clear,10,5,199.4
12627,Express,Vijayawada,Warangal,205.2,59.9,30.9,8.9,0.436,Clear,6,1,207.7
12723,Express,Kazipet,Warangal,40.0,52.1,15.9,10.9,0.418,Clear,2,4,69.1
12259,Duronto,Gaya,DDU,172.0,55.1,-5.0,10.1,0.126,Clear,6,3,171.6
12301,Rajdhani,Kanpur,Prayagraj,165.4,62.8,7.0,11.4,0.156,Clear,2,0,173.6
12301,Rajdhani,Kanpur,Prayagraj,193.9,63.9,15.2,8.1,0.332,Clear,1,5,187.6
12723,Express,Vijayawada,Gudur,218.8,58.6,1.1,6.5,0.429,Clear,5,6,206.1
12627,Express,Gudur,Nellore,73.1,70.3,9.7,18.8,0.438,Clear,2,3,70.6
12259,Duronto,Asansol,Dhanbad,124.0,78.5,0.6,0.3,0.159,Clear,2,5,92.8
12627,Express,Chennai,Gudur,119.8,53.0,-1.2,4.4,0.264,Rain,0,2,171.6
12259,Duronto,DDU,New Delhi,185.5,53.9,4.7,0.0,0.568,Heavy Rain,9,2,239.4
12951,Rajdhani,Surat,Vadodara,137.7,66.7,9.4,0.0,0.539,Clear,3,6,137.6
12860,Express,Solapur,Kalaburagi,182.3,73.3,9.0,17.0,0.123,Clear,6,4,157.8
12723,Express,Kazipet,Warangal,40.0,50.5,15.7,39.3,0.582,Clear,1,6,77.2
12951,Rajdhani,Ratlam,Kota,190.3,64.5,12.8,11.7,0.439,Clear,7,1,186.9
12860,Express,Mumbai,Pune,207.9,59.8,10.8,8.0,0.038,Clear,0,0,200.2
12723,Express,Vijayawada,Gudur,219.3,62.5,20.3,4.5,0.155,Clear,5,3,208.4
12951,Rajdhani,Vadodara,Ratlam,179.2,72.6,17.2,7.0,0.436,Clear,4,3,190.6
12301,Rajdhani,Kanpur,Prayagraj,143.0,62.6,27.9,17.5,0.302,Clear,2,1,178.8
12860,Express,Mumbai,Pune,204.5,62.8,22.9,10.6,0.477,Clear,23,4,216.8
12301,Rajdhani,Prayagraj,DDU,210.0,74.7,23.6,16.9,0.071,Clear,5,5,174.3
12860,Express,Pune,Solapur,186.1,56.2,7.4,4.0,0.401,Fog,2,3,200.8
12951,Rajdhani,Vadodara,Ratlam,149.6,60.8,11.1,14.7,0.045,Rain,5,0,187.2
12259,Duronto,Gaya,DDU,224.7,72.1,12.9,12.0,0.5,Clear,6,5,181.8
12860,Express,Pune,Solapur,193.7,66.0,14.2,11.9,0.017,Clear,2,2,186.4
12860,Express,Wadi,Secunderabad,154.9,65.8,7.9,0.0,0.196,Clear,9,3,156.2
12951,Rajdhani,Mumbai,Surat,180.3,54.8,19.5,16.7,0.337,Heavy Rain,23,6,225.9
12723,Express,Kazipet,Warangal,40.0,66.4,26.1,17.7,0.293,Clear,3,4,48.3
12259,Duronto,Dhanbad,Gaya,121.4,49.9,25.9,10.0,0.32,Clear,4,4,188.8
12860,Express,Kalaburagi,Wadi,90.4,62.2,9.0,0.0,0.34,Fog,8,0,95.0
12627,Express,Chennai,Gudur,149.0,65.3,-0.9,9.3,0.323,Clear,23,4,161.1
12723,Express,Kazipet,Warangal,40.0,56.3,4.5,1.9,0.712,Clear,3,0,63.1
12860,Express,Wadi,Secunderabad,171.3,71.2,8.1,11.5,0.254,Clear,10,1,173.5
12627,Express,Warangal,Secunderabad,154.9,54.5,33.0,4.0,0.509,Clear,9,1,212.0
12951,Rajdhani,Surat,Vadodara,138.6,76.3,22.8,10.4,0.351,Clear,2,0,123.5
12301,Rajdhani,Prayagraj,DDU,191.0,77.2,-0.4,14.2,0.26,Clear,5,1,169.0
12259,Duronto,Dhanbad,Gaya,218.0,91.6,26.1,0.0,0.02,Clear,4,4,151.0
12723,Express,Kazipet,Warangal,40.0,53.9,15.1,21.3,0.124,Clear,2,2,51.7
12627,Express,Warangal,Secunderabad,167.4,59.4,-5.0,17.6,0.316,Clear,10,4,194.3
12723,Express,Gudur,Chennai,197.6,62.5,-3.9,0.0,0.451,Clear,8,6,209.9
12860,Express,Kalaburagi,Wadi,98.8,68.5,12.9,0.0,0.099,Clear,9,4,88.4
12627,Express,Vijayawada,Warangal,194.2,65.3,6.2,4.3,0.396,Clear,5,4,188.1
12860,Express,Wadi,Secunderabad,198.4,64.8,11.5,17.6,0.255,Clear,9,6,169.8
12259,Duronto,Sealdah,Asansol,176.3,66.4,18.1,13.5,0.569,Clear,23,0,160.7
12723,Express,Vijayawada,Gudur,237.0,65.6,1.7,8.0,0.373,Clear,4,5,208.6
12259,Duronto,Gaya,DDU,211.8,79.0,15.3,13.3,0.424,Rain,6,1,188.9
12627,Express,Gudur,Nellore,59.7,48.6,4.1,16.4,0.254,Clear,2,0,87.8
12259,Duronto,Gaya,DDU,221.8,77.0,4.6,0.4,0.09,Clear,6,1,158.8
12627,Express,Chennai,Gudur,134.3,59.9,-5.0,12.3,0.331,Clear,0,2,157.3
12860,Express,Kalaburagi,Wadi,52.0,35.0,12.2,18.3,0.375,Clear,8,5,119.9
12723,Express,Gudur,Chennai,145.8,49.7,15.8,0.0,0.036,Clear,9,6,217.4
12860,Express,Kalaburagi,Wadi,82.9,54.3,-3.4,10.8,0.49,Clear,7,1,100.8
12951,Rajdhani,Kota,New Delhi,222.6,68.4,-1.7,17.7,0.075,Heavy Rain,11,6,226.5
12723,Express,Vijayawada,Gudur,269.5,73.7,6.8,9.1,0.37,Fog,6,3,207.8
12723,Express,Vijayawada,Gudur,170.0,59.3,-5.0,7.9,0.275,Clear,6,1,200.4
12259,Duronto,Dhanbad,Gaya,152.1,61.3,15.7,16.1,0.371,Fog,3,0,179.4
12951,Rajdhani,Vadodara,Ratlam,204.9,73.8,20.2,20.3,0.318,Clear,5,4,192.1
12301,Rajdhani,New Delhi,Kanpur,161.7,66.8,18.1,7.0,0.179,Rain,0,6,168.2
12860,Express,Kalaburagi,Wadi,75.3,62.4,11.2,15.8,0.159,Clear,8,2,93.0
12627,Express,Warangal,Secunderabad,203.9,62.6,30.0,15.6,0.385,Clear,8,6,211.9
12301,Rajdhani,DDU,Gaya,163.6,67.2,16.9,17.1,0.408,Rain,7,0,157.6
12860,Express,Wadi,Secunderabad,134.6,57.3,11.8,11.1,0.376,Clear,9,6,177.8
12951,Rajdhani,Ratlam,Kota,214.2,68.8,21.3,9.6,0.308,Clear,7,5,193.9
12951,Rajdhani,Vadodara,Ratlam,203.0,70.4,2.4,12.9,0.109,Clear,5,5,175.4
12301,Rajdhani,DDU,Gaya,152.1,74.6,4.2,11.0,0.376,Clear,7,3,146.3
12951,Rajdhani,Mumbai,Surat,258.0,84.9,0.6,19.2,0.305,Clear,0,0,181.2
12301,Rajdhani,Prayagraj,DDU,248.2,86.6,7.5,2.2,0.206,Clear,4,0,156.4
12627,Express,Vijayawada,Warangal,154.1,58.9,10.8,21.5,0.395,Rain,6,4,215.8
12301,Rajdhani,Kanpur,Prayagraj,159.4,64.8,19.6,13.6,0.17,Clear,1,2,171.0
12259,Duronto,Gaya,DDU,243.7,77.5,0.5,9.7,0.124,Clear,6,3,170.2
12301,Rajdhani,Prayagraj,DDU,209.4,70.3,0.7,18.7,0.682,Heavy Rain,5,2,194.1
12860,Express,Wadi,Secunderabad,134.7,55.9,14.5,0.2,0.311,Fog,10,5,192.9
12259,Duronto,Dhanbad,Gaya,178.3,74.8,19.2,7.3,0.262,Clear,4,4,153.0
12301,Rajdhani,DDU,Gaya,178.7,69.7,-1.4,9.7,0.254,Clear,8,4,146.0
12301,Rajdhani,DDU,Gaya,123.4,55.7,7.9,8.9,0.576,Clear,7,6,157.4
12951,Rajdhani,Vadodara,Ratlam,200.9,80.8,0.2,1.7,0.341,Rain,4,3,189.3
12951,Rajdhani,Vadodara,Ratlam,237.6,75.4,-3.0,8.8,0.549,Fog,5,6,191.5
12723,Express,Gudur,Chennai,169.6,54.5,12.0,11.4,0.185,Rain,9,1,214.6
12860,Express,Pune,Solapur,214.5,71.6,26.5,13.2,0.156,Clear,3,4,208.4
12860,Express,Pune,Solapur,193.3,69.3,16.6,2.4,0.082,Heavy Rain,4,6,202.1
12951,Rajdhani,Vadodara,Ratlam,180.2,56.0,20.6,6.3,0.058,Rain,4,5,189.2
12860,Express,Pune,Solapur,148.3,55.7,18.8,14.9,0.619,Clear,3,2,217.4
12259,Duronto,Sealdah,Asansol,164.1,74.2,13.4,4.5,0.331,Clear,23,0,170.6
12951,Rajdhani,Vadodara,Ratlam,224.7,74.8,6.8,6.5,0.264,Fog,5,6,188.7
12860,Express,Wadi,Secunderabad,168.4,61.1,21.5,0.0,0.347,Clear,9,0,180.6
12259,Duronto,Sealdah,Asansol,131.4,58.4,27.2,0.0,0.532,Clear,23,6,172.3
12301,Rajdhani,Kanpur,Prayagraj,230.8,80.5,6.3,11.3,0.361,Fog,2,2,162.8
12860,Express,Pune,Solapur,156.5,57.1,7.9,0.0,0.525,Heavy Rain,3,5,220.7
12951,Rajdhani,Kota,New Delhi,291.9,78.0,11.6,10.5,0.589,Clear,11,5,219.6
12627,Express,Vijayawada,Warangal,234.8,73.7,12.7,9.4,0.363,Fog,6,3,204.5
12259,Duronto,Dhanbad,Gaya,183.5,70.6,4.9,19.3,0.118,Clear,3,0,159.7
12723,Express,Kazipet,Warangal,40.0,54.8,-0.4,8.0,0.301,Clear,3,3,52.1
12259,Duronto,Sealdah,Asansol,190.9,76.5,2.6,0.0,0.302,Rain,0,6,165.3
12860,Express,Pune,Solapur,163.8,62.3,23.5,32.2,0.307,Clear,3,6,209.5
12301,Rajdhani,Gaya,Howrah,236.0,81.5,6.1,6.7,0.297,Clear,10,5,177.1
12627,Express,Chennai,Gudur,131.7,59.4,3.8,0.0,0.183,Fog,0,2,158.8
12301,Rajdhani,Gaya,Howrah,195.1,67.9,6.0,3.8,0.213,Rain,10,2,185.1
12627,Express,Gudur,Nellore,47.3,44.9,-2.3,23.1,0.478,Clear,1,4,92.0
12723,Express,Kazipet,Warangal,48.3,78.7,14.1,0.7,0.224,Rain,2,5,44.9
12259,Duronto,Dhanbad,Gaya,190.2,75.2,8.0,15.4,0.607,Clear,5,3,174.7
12259,Duronto,Dhanbad,Gaya,144.2,68.0,8.7,0.0,0.366,Clear,4,5,156.7
12301,Rajdhani,DDU,Gaya,195.0,79.0,38.3,4.2,0.312,Heavy Rain,8,3,178.7
12951,Rajdhani,Vadodara,Ratlam,186.1,69.8,8.1,13.3,0.058,Rain,5,1,189.1
12951,Rajdhani,Kota,New Delhi,219.1,58.9,-5.0,6.6,0.197,Rain,10,4,215.3
12301,Rajdhani,DDU,Gaya,126.5,61.2,-1.8,4.9,0.456,Clear,7,3,155.8
12860,Express,Mumbai,Pune,180.2,58.7,14.1,13.9,0.782,Clear,0,5,211.2
12301,Rajdhani,Kanpur,Prayagraj,192.1,74.0,17.4,5.0,0.278,Rain,2,5,173.5
12723,Express,Hyderabad,Kazipet,135.9,65.5,5.9,12.1,0.093,Clear,23,2,133.4
12627,Express,Warangal,Secunderabad,183.6,61.7,22.2,12.7,0.257,Clear,9,5,196.1
12723,Express,Vijayawada,Gudur,227.2,62.5,3.5,4.1,0.467,Clear,5,6,204.6
12860,Express,Mumbai,Pune,137.4,48.4,2.8,0.0,0.206,Clear,0,4,213.1
12259,Duronto,DDU,New Delhi,271.4,82.8,6.5,16.7,0.234,Rain,9,6,214.6
12951,Rajdhani,Ratlam,Kota,201.0,73.6,-3.6,8.8,0.483,Rain,8,4,202.9
12627,Express,Nellore,Vijayawada,211.3,71.5,6.8,23.1,0.164,Heavy Rain,4,0,215.7
12723,Express,Kazipet,Warangal,40.5,64.8,22.8,17.6,0.335,Clear,1,1,51.8
12301,Rajdhani,DDU,Gaya,152.9,60.5,0.8,0.0,0.722,Clear,8,2,149.2
12860,Express,Wadi,Secunderabad,163.5,63.1,25.3,26.5,0.072,Fog,9,4,189.8
12951,Rajdhani,Vadodara,Ratlam,178.0,58.3,25.0,4.9,0.414,Clear,4,1,186.6
12301,Rajdhani,Kanpur,Prayagraj,168.5,58.1,7.4,20.1,0.377,Heavy Rain,2,5,187.3
12301,Rajdhani,DDU,Gaya,170.9,73.4,-1.7,0.0,0.189,Clear,8,6,140.2
12860,Express,Wadi,Secunderabad,195.3,68.9,0.3,16.4,0.242,Rain,10,3,174.6
12723,Express,Vijayawada,Gudur,199.5,63.3,28.1,24.8,0.277,Clear,5,2,226.1
12259,Duronto,Asansol,Dhanbad,109.8,64.2,16.1,10.3,0.164,Clear,2,6,107.7
12860,Express,Kalaburagi,Wadi,90.3,73.8,11.1,14.3,0.112,Clear,8,4,83.3
12259,Duronto,Gaya,DDU,231.8,73.9,20.6,5.2,0.554,Clear,6,0,186.0
12860,Express,Pune,Solapur,237.8,70.1,4.7,6.3,0.202,Clear,3,1,189.4
12723,Express,Vijayawada,Gudur,171.3,56.3,40.0,16.3,0.303,Clear,5,3,214.2
12860,Express,Kalaburagi,Wadi,64.2,55.3,6.1,3.2,0.496,Rain,8,5,107.0
12860,Express,Pune,Solapur,208.6,64.4,7.1,13.8,0.18,Clear,2,5,185.4
12301,Rajdhani,Prayagraj,DDU,152.0,64.9,17.9,3.6,0.24,Fog,5,3,187.4
12723,Express,Vijayawada,Gudur,238.8,70.7,30.2,0.1,0.167,Clear,5,4,200.5
12860,Express,Wadi,Secunderabad,183.3,64.5,12.7,17.6,0.191,Clear,9,3,169.9
12860,Express,Solapur,Kalaburagi,160.6,57.5,46.3,14.5,0.038,Clear,6,0,191.3
12259,Duronto,DDU,New Delhi,266.4,68.3,7.1,14.3,0.29,Clear,9,2,224.1
12951,Rajdhani,Ratlam,Kota,192.5,73.3,11.7,11.2,0.193,Clear,7,2,184.3
12860,Express,Wadi,Secunderabad,199.7,72.1,5.7,0.0,0.194,Heavy Rain,10,1,177.2
12951,Rajdhani,Kota,New Delhi,277.8,80.6,13.1,10.9,0.517,Clear,10,4,228.2
12723,Express,Kazipet,Warangal,40.0,62.3,50.2,6.5,0.202,Clear,2,3,72.0
12723,Express,Kazipet,Warangal,40.0,68.1,17.4,9.5,0.667,Clear,1,2,53.6
12627,Express,Warangal,Secunderabad,216.7,65.4,11.7,9.2,0.075,Clear,9,6,189.9
12860,Express,Pune,Solapur,192.4,60.2,26.3,14.1,0.104,Rain,3,2,207.9
12951,Rajdhani,Mumbai,Surat,272.9,82.3,8.5,8.5,0.185,Heavy Rain,0,2,199.2
12860,Express,Solapur,Kalaburagi,127.0,59.0,19.9,11.3,0.421,Clear,6,2,165.0
12951,Rajdhani,Kota,New Delhi,238.2,69.4,12.7,14.8,0.353,Clear,11,1,215.6
12301,Rajdhani,New Delhi,Kanpur,178.8,69.1,29.6,3.4,0.334,Clear,0,6,170.1
12860,Express,Mumbai,Pune,161.3,59.5,17.7,11.3,0.626,Heavy Rain,23,4,224.8
12301,Rajdhani,New Delhi,Kanpur,193.7,69.5,25.5,8.5,0.405,Clear,0,2,172.4
12951,Rajdhani,Vadodara,Ratlam,200.5,73.7,20.8,24.3,0.483,Fog,5,4,209.7
12259,Duronto,Sealdah,Asansol,174.7,76.0,19.7,9.0,0.149,Clear,0,5,162.1
12723,Express,Kazipet,Warangal,46.9,76.3,18.4,11.8,0.723,Clear,3,6,52.8
12951,Rajdhani,Ratlam,Kota,239.9,72.7,0.0,1.8,0.091,Clear,8,5,175.4
12627,Express,Gudur,Nellore,81.5,69.2,-0.4,12.4,0.684,Heavy Rain,2,2,94.9
12627,Express,Chennai,Gudur,141.3,66.4,26.1,9.1,0.176,Rain,0,5,175.2
12259,Duronto,Sealdah,Asansol,170.1,61.8,27.7,25.1,0.056,Heavy Rain,23,4,176.9
12259,Duronto,Sealdah,Asansol,167.4,67.1,28.5,1.8,0.205,Rain,0,5,161.7
12723,Express,Vijayawada,Gudur,180.3,61.5,2.5,9.0,0.417,Clear,5,1,209.4
12951,Rajdhani,Surat,Vadodara,137.0,65.3,9.5,7.6,0.149,Fog,2,1,136.2
12860,Express,Pune,Solapur,221.9,69.2,21.2,15.4,0.227,Clear,2,3,196.3
12627,Express,Gudur,Nellore,55.3,53.2,4.2,0.0,0.202,Clear,3,2,81.6
12723,Express,Hyderabad,Kazipet,143.0,62.3,12.1,14.4,0.329,Clear,0,5,153.1
12259,Duronto,Gaya,DDU,179.0,61.0,4.1,11.5,0.195,Rain,5,1,176.3
12723,Express,Gudur,Chennai,208.1,69.2,11.1,3.3,0.402,Heavy Rain,8,0,217.3
12301,Rajdhani,Kanpur,Prayagraj,225.4,76.3,12.8,19.4,0.306,Clear,2,2,168.4
12627,Express,Vijayawada,Warangal,154.6,55.0,12.5,2.3,0.175,Clear,6,1,200.8
12723,Express,Kazipet,Warangal,40.0,51.8,4.5,5.6,0.177,Clear,2,1,52.6
12301,Rajdhani,Kanpur,Prayagraj,199.9,70.4,14.2,7.9,0.225,Clear,3,2,168.4
12951,Rajdhani,Kota,New Delhi,192.5,64.7,14.9,0.0,0.644,Rain,10,4,219.6
12860,Express,Pune,Solapur,188.2,58.8,23.3,0.0,0.164,Clear,3,6,203.5
12301,Rajdhani,Prayagraj,DDU,163.3,61.6,22.7,19.7,0.472,Fog,5,0,183.8
12627,Express,Warangal,Secunderabad,199.2,69.5,-0.4,6.3,0.479,Rain,10,0,208.5
12259,Duronto,Sealdah,Asansol,191.4,72.5,34.0,0.1,0.236,Clear,23,0,178.4
12259,Duronto,Asansol,Dhanbad,128.3,77.0,-0.8,0.0,0.271,Heavy Rain,1,0,116.6
12951,Rajdhani,Vadodara,Ratlam,220.6,70.8,8.0,0.2,0.232,Rain,4,1,176.4
12951,Rajdhani,Surat,Vadodara,114.2,62.1,12.1,16.8,0.465,Rain,3,3,148.7
12301,Rajdhani,Prayagraj,DDU,176.9,65.5,14.1,15.5,0.268,Rain,5,6,174.4
12951,Rajdhani,Mumbai,Surat,208.6,74.5,-4.6,20.6,0.393,Rain,0,2,191.2
12627,Express,Nellore,Vijayawada,216.9,63.5,5.1,15.1,0.059,Heavy Rain,3,0,204.4
12951,Rajdhani,Kota,New Delhi,233.4,77.5,9.9,9.7,0.454,Heavy Rain,10,0,240.7
12301,Rajdhani,Kanpur,Prayagraj,223.1,73.1,26.8,4.4,0.306,Fog,2,5,185.2
12860,Express,Kalaburagi,Wadi,78.8,62.6,19.2,4.6,0.12,Clear,8,4,94.9
12301,Rajdhani,New Delhi,Kanpur,156.9,70.2,32.7,9.2,0.316,Clear,1,5,177.9
12627,Express,Gudur,Nellore,52.4,50.7,14.5,11.2,0.51,Clear,2,0,109.3
12627,Express,Nellore,Vijayawada,191.7,65.7,18.5,0.4,0.303,Clear,4,6,187.5
12259,Duronto,Asansol,Dhanbad,109.9,77.1,-4.6,3.4,0.241,Heavy Rain,1,0,111.8
12951,Rajdhani,Kota,New Delhi,289.5,85.6,-5.0,7.4,0.19,Fog,11,4,222.2
12951,Rajdhani,Ratlam,Kota,271.1,81.3,20.0,6.4,0.041,Clear,8,4,193.8
12860,Express,Kalaburagi,Wadi,79.6,51.9,11.7,9.5,0.052,Clear,8,4,97.7
12860,Express,Pune,Solapur,171.4,53.3,24.2,24.4,0.595,Clear,3,3,215.5
12951,Rajdhani,Ratlam,Kota,204.7,70.2,10.8,4.0,0.323,Clear,7,3,200.1
12301,Rajdhani,Prayagraj,DDU,162.5,57.6,1.5,10.2,0.107,Heavy Rain,5,5,178.9
12259,Duronto,Sealdah,Asansol,162.3,72.6,37.0,5.7,0.454,Clear,23,3,177.6
12951,Rajdhani,Vadodara,Ratlam,163.8,67.3,27.7,0.0,0.663,Clear,5,2,189.0
12860,Express,Kalaburagi,Wadi,78.4,60.8,5.2,8.6,0.282,Rain,8,6,100.8
12951,Rajdhani,Mumbai,Surat,268.5,81.3,13.4,7.9,0.22,Clear,23,2,188.6
12627,Express,Gudur,Nellore,67.3,65.2,15.9,2.7,0.093,Clear,2,5,72.5
12259,Duronto,Gaya,DDU,168.1,67.6,10.7,8.7,0.01,Clear,6,1,166.2
12951,Rajdhani,Ratlam,Kota,192.5,70.7,-1.8,16.2,0.142,Clear,7,1,178.7
12860,Express,Solapur,Kalaburagi,148.7,52.9,11.5,2.8,0.189,Clear,5,3,168.8
12860,Express,Wadi,Secunderabad,142.4,58.2,-2.4,0.9,0.117,Fog,8,0,173.7
12951,Rajdhani,Surat,Vadodara,146.4,70.6,21.6,8.2,0.197,Clear,3,3,126.3
12723,Express,Warangal,Vijayawada,172.5,57.1,15.1,13.2,0.38,Fog,2,0,223.4
12627,Express,Warangal,Secunderabad,155.1,60.0,4.5,0.0,0.116,Clear,8,3,199.1
12860,Express,Pune,Solapur,182.0,59.9,18.6,15.7,0.444,Clear,2,5,195.8
12860,Express,Kalaburagi,Wadi,93.9,64.1,7.7,7.6,0.5,Heavy Rain,7,5,101.6
12627,Express,Gudur,Nellore,93.7,81.3,3.5,9.1,0.401,Clear,2,2,74.4
12301,Rajdhani,New Delhi,Kanpur,209.8,76.2,23.7,10.5,0.433,Clear,23,5,170.8
12723,Express,Warangal,Vijayawada,190.0,66.2,25.4,8.3,0.563,Clear,3,2,228.6
12301,Rajdhani,Gaya,Howrah,186.5,66.7,8.6,13.0,0.158,Clear,10,4,185.7
12723,Express,Kazipet,Warangal,44.4,71.5,7.0,14.4,0.27,Clear,2,6,49.9
12301,Rajdhani,DDU,Gaya,187.8,80.6,9.5,7.6,0.058,Clear,8,2,139.8
12860,Express,Pune,Solapur,222.8,66.2,22.0,7.6,0.317,Clear,2,1,196.5
12301,Rajdhani,Gaya,Howrah,168.2,69.1,9.6,9.5,0.198,Rain,10,1,183.0
12627,Express,Chennai,Gudur,163.9,62.3,32.3,1.8,0.386,Clear,23,3,164.7
12951,Rajdhani,Surat,Vadodara,113.5,64.8,30.1,16.7,0.549,Clear,3,4,144.0
12860,Express,Pune,Solapur,177.8,65.3,4.2,20.3,0.443,Fog,2,1,206.2
12627,Express,Nellore,Vijayawada,183.9,56.2,0.1,24.5,0.055,Clear,3,4,202.1
12259,Duronto,DDU,New Delhi,175.6,59.7,5.8,13.7,0.522,Clear,8,4,223.7
12860,Express,Solapur,Kalaburagi,140.6,58.5,-0.4,8.2,0.119,Clear,6,1,159.0
12627,Express,Gudur,Nellore,60.5,58.4,14.0,11.2,0.206,Clear,2,2,73.6
12301,Rajdhani,New Delhi,Kanpur,196.9,74.6,2.3,4.4,0.337,Heavy Rain,23,4,169.1
12627,Express,Vijayawada,Warangal,145.1,52.8,19.0,0.0,0.153,Clear,6,6,195.7
12951,Rajdhani,Kota,New Delhi,264.6,73.0,20.0,11.4,0.285,Rain,10,1,224.6
12860,Express,Mumbai,Pune,197.0,61.4,25.4,15.4,0.108,Clear,23,0,211.1
12301,Rajdhani,Kanpur,Prayagraj,225.0,75.9,1.3,4.8,0.123,Rain,2,2,174.7
12627,Express,Gudur,Nellore,67.5,62.2,17.3,31.8,0.09,Clear,2,5,86.4
12301,Rajdhani,Prayagraj,DDU,172.1,72.7,27.3,0.0,0.121,Clear,5,6,173.1
12259,Duronto,Asansol,Dhanbad,123.9,74.4,17.4,22.4,0.222,Clear,3,5,111.0
12860,Express,Kalaburagi,Wadi,75.9,64.4,-2.8,12.2,0.339,Rain,9,5,93.0
12259,Duronto,Asansol,Dhanbad,129.4,80.2,25.7,1.3,0.423,Clear,2,0,111.8
12301,Rajdhani,New Delhi,Kanpur,210.9,73.9,10.5,17.0,0.389,Clear,23,2,184.8
12301,Rajdhani,Kanpur,Prayagraj,187.1,67.8,7.2,7.3,0.446,Clear,1,6,179.6
12627,Express,Warangal,Secunderabad,219.7,64.6,13.6,11.4,0.256,Heavy Rain,9,5,201.5
12723,Express,Vijayawada,Gudur,186.5,50.5,-5.0,14.8,0.156,Clear,6,0,222.1
12627,Express,Gudur,Nellore,62.9,59.3,6.0,6.5,0.042,Clear,2,2,68.6
12860,Express,Wadi,Secunderabad,172.4,62.2,21.6,16.6,0.101,Rain,9,2,187.8
12860,Express,Kalaburagi,Wadi,64.6,43.0,26.9,12.7,0.254,Clear,9,5,117.2
12860,Express,Mumbai,Pune,213.0,59.1,15.4,0.0,0.155,Clear,23,2,201.0
12860,Express,Kalaburagi,Wadi,94.6,72.9,8.1,3.6,0.525,Rain,8,4,96.6
12627,Express,Gudur,Nellore,71.9,65.8,-5.0,3.6,0.337,Clear,1,5,76.6
12951,Rajdhani,Vadodara,Ratlam,193.7,59.5,25.5,19.6,0.224,Clear,5,2,203.6
12259,Duronto,Sealdah,Asansol,203.0,71.7,8.6,22.4,0.062,Fog,23,3,173.3
12951,Rajdhani,Mumbai,Surat,163.2,63.3,-2.0,0.0,0.595,Heavy Rain,0,2,209.0
12860,Express,Mumbai,Pune,182.4,52.5,4.5,20.6,0.268,Rain,0,5,229.3
12259,Duronto,Dhanbad,Gaya,164.3,79.8,14.8,20.8,0.006,Clear,3,0,165.4
12723,Express,Hyderabad,Kazipet,99.2,53.0,0.8,2.6,0.164,Fog,23,1,150.4
12860,Express,Mumbai,Pune,167.8,57.9,38.0,16.5,0.246,Clear,23,4,227.8
12951,Rajdhani,Surat,Vadodara,110.5,60.5,13.5,0.0,0.348,Clear,1,2,130.5
12951,Rajdhani,Kota,New Delhi,211.0,66.6,19.9,13.1,0.509,Rain,10,4,234.1
12627,Express,Gudur,Nellore,74.3,60.1,3.5,6.8,0.031,Rain,2,0,81.1
12951,Rajdhani,Mumbai,Surat,152.8,54.6,16.5,4.2,0.084,Clear,0,0,198.6
12951,Rajdhani,Ratlam,Kota,203.2,70.6,7.3,4.2,0.071,Rain,7,5,180.5
12301,Rajdhani,DDU,Gaya,139.4,63.9,-4.8,11.2,0.173,Clear,8,4,145.0
12627,Express,Vijayawada,Warangal,184.6,57.7,32.3,16.8,0.607,Clear,6,6,215.7
12259,Duronto,DDU,New Delhi,242.5,78.2,14.2,4.8,0.403,Heavy Rain,9,1,231.1
12951,Rajdhani,Mumbai,Surat,217.4,74.8,15.2,18.7,0.223,Clear,23,4,197.3
12951,Rajdhani,Ratlam,Kota,191.1,62.4,13.4,10.0,0.426,Clear,7,0,203.7
12627,Express,Warangal,Secunderabad,204.2,68.9,7.5,4.8,0.038,Clear,10,4,184.9
12723,Express,Kazipet,Warangal,40.0,66.5,23.9,19.3,0.303,Heavy Rain,1,5,64.1
12301,Rajdhani,New Delhi,Kanpur,202.2,79.4,6.0,1.9,0.313,Clear,23,5,162.6
12259,Duronto,Asansol,Dhanbad,80.3,51.5,11.6,10.7,0.228,Clear,2,3,118.2
12301,Rajdhani,New Delhi,Kanpur,130.0,56.7,0.6,1.6,0.448,Clear,23,5,160.4
12723,Express,Hyderabad,Kazipet,117.8,47.8,14.2,9.1,0.093,Fog,22,5,167.7
12860,Express,Kalaburagi,Wadi,74.0,62.2,7.7,6.0,0.183,Clear,8,5,88.3
12627,Express,Warangal,Secunderabad,196.5,60.6,14.4,16.0,0.397,Clear,9,2,197.4
12301,Rajdhani,DDU,Gaya,145.7,65.7,10.1,19.8,0.057,Clear,7,2,136.4
12627,Express,Gudur,Nellore,67.6,62.2,11.5,2.2,0.537,Clear,2,3,84.8
12627,Express,Vijayawada,Warangal,181.7,56.9,27.1,2.3,0.275,Clear,6,4,210.0
12723,Express,Warangal,Vijayawada,222.8,73.6,18.6,1.5,0.167,Clear,2,2,200.4
12301,Rajdhani,DDU,Gaya,197.2,84.1,-5.0,12.3,0.207,Clear,6,4,130.6
12627,Express,Chennai,Gudur,110.8,47.5,14.4,9.6,0.461,Rain,0,5,172.0
12860,Express,Solapur,Kalaburagi,113.4,46.6,12.9,0.0,0.043,Clear,5,6,171.7
12860,Express,Kalaburagi,Wadi,66.0,44.7,15.9,16.4,0.112,Clear,8,2,104.9
12627,Express,Nellore,Vijayawada,172.7,66.5,20.6,5.6,0.245,Heavy Rain,3,4,212.2
12627,Express,Nellore,Vijayawada,199.9,76.8,-1.5,8.2,0.659,Clear,3,4,191.8
12259,Duronto,Asansol,Dhanbad,104.7,69.9,21.9,14.2,0.028,Clear,2,3,111.2
12951,Rajdhani,Ratlam,Kota,253.2,74.2,17.7,6.7,0.164,Clear,7,3,187.3
12259,Duronto,Asansol,Dhanbad,107.9,76.1,15.7,9.1,0.227,Clear,2,1,106.1
12723,Express,Vijayawada,Gudur,157.2,56.5,-5.0,9.1,0.456,Clear,6,0,212.0
12723,Express,Hyderabad,Kazipet,145.2,64.8,2.6,4.0,0.224,Clear,23,4,143.7
12951,Rajdhani,Kota,New Delhi,236.9,79.7,6.9,12.2,0.405,Clear,11,3,213.9
12951,Rajdhani,Surat,Vadodara,123.5,64.6,10.1,0.0,0.107,Fog,3,0,130.2
12951,Rajdhani,Kota,New Delhi,236.6,75.7,-5.0,19.2,0.275,Clear,10,3,204.7
12259,Duronto,Asansol,Dhanbad,117.7,76.3,13.0,5.4,0.665,Clear,2,0,120.9
12860,Express,Wadi,Secunderabad,167.0,55.9,18.3,12.3,0.485,Clear,9,3,193.3
12723,Express,Hyderabad,Kazipet,111.7,56.1,21.0,17.1,0.27,Rain,23,4,157.4
12627,Express,Vijayawada,Warangal,201.5,72.9,-5.0,22.9,0.825,Clear,5,6,199.3
12627,Express,Warangal,Secunderabad,141.0,47.9,17.2,4.4,0.203,Clear,9,6,211.3
12723,Express,Vijayawada,Gudur,138.8,40.4,7.5,16.3,0.151,Clear,6,5,230.3
12723,Express,Warangal,Vijayawada,232.3,68.5,1.4,16.9,0.323,Clear,2,1,208.4
12301,Rajdhani,Prayagraj,DDU,183.4,67.8,16.1,6.9,0.1,Clear,6,3,175.2
12301,Rajdhani,Kanpur,Prayagraj,228.4,82.2,16.8,11.0,0.266,Fog,2,0,177.1
12259,Duronto,Dhanbad,Gaya,165.7,67.9,13.3,15.6,0.225,Clear,3,4,162.6
12627,Express,Nellore,Vijayawada,163.0,55.2,-4.2,2.7,0.442,Heavy Rain,3,2,201.2
12259,Duronto,DDU,New Delhi,205.7,58.8,26.5,12.9,0.504,Heavy Rain,9,0,247.0
12860,Express,Pune,Solapur,188.0,63.7,14.8,3.6,0.079,Heavy Rain,3,2,202.3
12301,Rajdhani,Prayagraj,DDU,184.5,77.3,-0.7,0.8,0.15,Clear,4,1,160.2
12951,Rajdhani,Vadodara,Ratlam,189.2,63.5,9.2,20.2,0.59,Rain,4,6,196.9
12301,Rajdhani,New Delhi,Kanpur,213.4,77.5,1.9,12.1,0.258,Rain,23,0,173.4
12951,Rajdhani,Vadodara,Ratlam,161.0,59.5,9.3,8.5,0.336,Heavy Rain,4,5,191.0
12627,Express,Vijayawada,Warangal,214.8,63.4,2.6,11.4,0.34,Clear,7,1,186.4
12627,Express,Warangal,Secunderabad,232.7,71.0,10.2,0.0,0.251,Clear,10,4,183.2
12259,Duronto,Sealdah,Asansol,192.5,77.0,32.1,6.6,0.29,Clear,23,5,164.2
12627,Express,Gudur,Nellore,52.0,51.5,7.2,6.5,0.335,Rain,2,3,92.4
12951,Rajdhani,Mumbai,Surat,203.6,67.1,4.7,3.4,0.406,Rain,23,5,195.2
12259,Duronto,Sealdah,Asansol,180.7,64.3,16.7,12.7,0.196,Fog,23,2,178.2
12860,Express,Wadi,Secunderabad,175.1,64.7,-1.3,0.0,0.649,Clear,10,6,178.3
12627,Express,Chennai,Gudur,177.2,71.6,16.7,7.9,0.066,Clear,23,1,160.1
12627,Express,Gudur,Nellore,81.1,70.9,19.1,4.7,0.06,Rain,2,2,68.9
12301,Rajdhani,Kanpur,Prayagraj,163.9,72.1,6.1,10.7,0.534,Clear,1,3,174.4
12723,Express,Gudur,Chennai,189.8,64.6,-1.9,12.7,0.243,Clear,8,4,196.6
12301,Rajdhani,New Delhi,Kanpur,175.5,69.9,13.1,0.0,0.344,Rain,23,6,165.4
12259,Duronto,Gaya,DDU,178.6,56.7,1.0,17.8,0.359,Heavy Rain,7,3,197.9
12951,Rajdhani,Surat,Vadodara,136.1,72.8,10.6,6.0,0.1,Fog,2,2,125.4
12259,Duronto,Gaya,DDU,146.6,60.3,20.8,10.9,0.164,Fog,6,6,187.1
12951,Rajdhani,Surat,Vadodara,131.5,64.4,29.5,2.3,0.03,Fog,4,5,136.9
12259,Duronto,Gaya,DDU,188.0,65.3,-5.0,6.9,0.543,Rain,7,3,173.8
12723,Express,Vijayawada,Gudur,324.8,88.6,20.0,11.6,0.437,Rain,6,1,205.6
12301,Rajdhani,Prayagraj,DDU,178.9,65.0,5.9,9.0,0.393,Clear,4,2,169.3
12860,Express,Mumbai,Pune,237.3,71.6,2.3,7.5,0.15,Rain,0,3,188.5
12951,Rajdhani,Ratlam,Kota,179.8,64.0,24.9,0.0,0.298,Rain,8,4,194.5
12259,Duronto,Sealdah,Asansol,193.8,81.5,23.5,21.6,0.259,Clear,23,3,160.1
12301,Rajdhani,New Delhi,Kanpur,208.6,73.8,-5.0,17.3,0.585,Clear,0,2,167.0
12723,Express,Kazipet,Warangal,40.0,62.7,22.4,15.8,0.195,Rain,1,6,69.6
12259,Duronto,Dhanbad,Gaya,189.1,90.8,4.4,15.0,0.093,Clear,3,6,142.6
12951,Rajdhani,Vadodara,Ratlam,154.9,52.9,26.0,6.4,0.181,Clear,5,4,205.6
12951,Rajdhani,Kota,New Delhi,260.8,80.7,-2.7,3.4,0.436,Clear,10,2,195.2
12860,Express,Wadi,Secunderabad,200.9,71.7,22.5,23.8,0.57,Clear,9,0,185.2
12301,Rajdhani,New Delhi,Kanpur,152.9,58.3,21.0,16.7,0.055,Clear,0,1,173.0
12860,Express,Wadi,Secunderabad,154.2,65.8,33.8,15.8,0.245,Heavy Rain,9,3,201.7
12301,Rajdhani,DDU,Gaya,116.1,60.0,-0.4,1.7,0.125,Clear,8,1,145.2
12259,Duronto,Dhanbad,Gaya,171.2,68.7,6.1,23.8,0.201,Clear,3,5,160.0
12301,Rajdhani,New Delhi,Kanpur,165.5,68.1,16.6,23.3,0.199,Heavy Rain,0,5,180.8
12723,Express,Vijayawada,Gudur,161.6,57.7,12.0,4.4,0.232,Rain,5,4,205.7
12723,Express,Kazipet,Warangal,40.0,63.4,12.8,23.6,0.526,Clear,1,0,66.3
12860,Express,Mumbai,Pune,192.5,53.1,3.4,1.1,0.24,Heavy Rain,23,3,213.6
12259,Duronto,DDU,New Delhi,234.3,67.0,12.0,11.0,0.333,Clear,9,3,223.4
12951,Rajdhani,Surat,Vadodara,131.7,71.8,22.9,5.5,0.259,Fog,3,1,145.8
12259,Duronto,Dhanbad,Gaya,168.6,72.1,4.9,2.9,0.105,Heavy Rain,4,3,158.6
12723,Express,Vijayawada,Gudur,178.5,61.4,11.1,30.0,0.23,Heavy Rain,5,3,226.0
12723,Express,Gudur,Chennai,211.1,64.6,0.3,0.0,0.058,Rain,9,6,199.1
12723,Express,Kazipet,Warangal,40.0,63.3,-3.7,4.5,0.406,Clear,1,0,47.6
12627,Express,Warangal,Secunderabad,170.0,58.0,10.9,4.5,0.436,Rain,9,3,205.3
12301,Rajdhani,Gaya,Howrah,175.9,59.8,5.5,16.6,0.359,Clear,9,2,190.1
12627,Express,Chennai,Gudur,132.4,58.9,30.4,11.1,0.025,Clear,0,4,169.6
12259,Duronto,Asansol,Dhanbad,87.4,59.8,17.9,5.2,0.212,Clear,2,0,107.0
12301,Rajdhani,DDU,Gaya,168.7,65.5,11.0,10.2,0.072,Clear,9,1,147.1
12951,Rajdhani,Vadodara,Ratlam,239.9,75.2,11.1,16.6,0.207,Rain,4,0,184.8
12951,Rajdhani,Mumbai,Surat,203.0,69.5,21.9,13.2,0.393,Clear,23,6,202.6
12259,Duronto,Dhanbad,Gaya,152.0,66.8,28.0,24.3,0.393,Clear,4,6,169.4
12627,Express,Chennai,Gudur,125.7,60.4,8.6,7.9,0.141,Clear,0,5,152.7
12301,Rajdhani,Kanpur,Prayagraj,148.4,65.3,7.2,0.6,0.427,Fog,3,6,178.2
12860,Express,Pune,Solapur,174.1,66.6,-5.0,9.0,0.338,Heavy Rain,2,6,183.1
12860,Express,Solapur,Kalaburagi,147.4,55.1,-4.2,22.8,0.326,Heavy Rain,5,4,182.3
12259,Duronto,Sealdah,Asansol,160.8,65.6,-5.0,17.6,0.222,Clear,0,6,158.0
12627,Express,Nellore,Vijayawada,231.0,70.8,23.7,8.7,0.398,Rain,3,0,210.2
12723,Express,Warangal,Vijayawada,193.0,61.6,-4.5,28.9,0.19,Clear,2,5,208.0
12951,Rajdhani,Vadodara,Ratlam,172.3,70.1,33.2,3.7,0.019,Clear,4,4,176.8
12951,Rajdhani,Ratlam,Kota,193.5,74.8,7.2,16.7,0.123,Fog,7,2,191.2
12860,Express,Kalaburagi,Wadi,98.5,75.6,3.5,4.9,0.552,Clear,8,5,93.9
12723,Express,Warangal,Vijayawada,264.3,71.5,16.6,0.0,0.188,Clear,3,2,191.7
12627,Express,Warangal,Secunderabad,138.1,49.6,8.6,2.2,0.317,Clear,9,0,206.0
12301,Rajdhani,Kanpur,Prayagraj,144.5,63.3,-5.0,0.0,0.081,Rain,2,4,166.4
12301,Rajdhani,DDU,Gaya,172.2,68.3,35.5,15.2,0.208,Clear,7,6,147.8
12627,Express,Chennai,Gudur,123.5,59.8,-5.0,5.5,0.493,Clear,23,4,164.4
12627,Express,Nellore,Vijayawada,178.1,57.6,16.5,4.1,0.018,Clear,3,2,192.3
12723,Express,Gudur,Chennai,157.4,55.0,13.6,14.8,0.302,Clear,9,5,218.8
12951,Rajdhani,Ratlam,Kota,230.0,67.2,30.1,6.1,0.243,Clear,7,1,200.9
12627,Express,Gudur,Nellore,56.1,60.4,2.2,5.3,0.345,Clear,2,4,66.7
12860,Express,Solapur,Kalaburagi,169.7,65.7,23.4,11.4,0.18,Clear,6,3,170.0
12259,Duronto,Sealdah,Asansol,183.1,75.8,-2.2,8.8,0.653,Clear,0,2,173.9
12951,Rajdhani,Surat,Vadodara,164.9,79.4,1.9,1.1,0.321,Rain,2,1,129.3
12301,Rajdhani,Kanpur,Prayagraj,213.0,74.4,3.6,27.5,0.43,Clear,2,4,181.5
12860,Express,Kalaburagi,Wadi,87.1,67.2,7.8,0.0,0.092,Rain,9,5,89.9
12723,Express,Hyderabad,Kazipet,155.1,74.0,6.3,11.1,0.438,Clear,0,5,142.8
12860,Express,Wadi,Secunderabad,180.8,76.1,17.5,0.0,0.271,Rain,9,6,181.2
12259,Duronto,Sealdah,Asansol,245.8,87.3,2.3,13.8,0.412,Rain,22,4,163.6
12951,Rajdhani,Vadodara,Ratlam,223.3,80.1,-4.9,11.1,0.359,Clear,4,6,177.2
12301,Rajdhani,DDU,Gaya,156.3,70.4,5.4,18.0,0.234,Clear,8,0,146.3
12951,Rajdhani,Ratlam,Kota,184.9,67.0,2.1,10.1,0.208,Clear,7,0,187.6
12259,Duronto,Gaya,DDU,215.3,73.1,29.3,0.0,0.207,Clear,7,6,161.2
12301,Rajdhani,Gaya,Howrah,158.3,65.4,18.2,12.7,0.156,Clear,9,0,178.6
12951,Rajdhani,Surat,Vadodara,131.2,57.6,18.7,7.4,0.251,Rain,1,4,150.0
12627,Express,Chennai,Gudur,199.6,81.1,11.8,13.6,0.056,Clear,23,4,158.4
12951,Rajdhani,Kota,New Delhi,220.7,70.6,-2.2,18.4,0.253,Clear,10,5,212.9
12259,Duronto,Gaya,DDU,195.2,80.7,8.1,12.2,0.57,Fog,6,4,190.2
12259,Duronto,Gaya,DDU,231.1,73.4,2.1,0.0,0.12,Clear,5,3,166.0
12259,Duronto,Sealdah,Asansol,166.8,69.3,15.8,16.0,0.3,Heavy Rain,23,1,174.7
12301,Rajdhani,DDU,Gaya,196.2,84.5,24.0,12.6,0.274,Clear,7,2,146.9
12301,Rajdhani,Kanpur,Prayagraj,157.0,59.1,-5.0,18.7,0.287,Rain,2,3,183.4
12627,Express,Nellore,Vijayawada,195.9,62.3,9.7,13.0,0.149,Clear,3,3,188.9
12860,Express,Solapur,Kalaburagi,136.8,56.0,23.4,0.0,0.528,Clear,5,1,174.3
12259,Duronto,DDU,New Delhi,255.5,68.7,7.3,0.0,0.127,Clear,9,4,202.2
12860,Express,Mumbai,Pune,150.1,50.8,23.2,0.0,0.223,Fog,0,5,223.5
12301,Rajdhani,Prayagraj,DDU,234.0,91.4,23.5,3.1,0.39,Clear,4,6,186.5
12627,Express,Warangal,Secunderabad,164.1,63.8,21.1,11.2,0.437,Rain,9,4,206.6
12259,Duronto,Gaya,DDU,165.6,66.1,17.5,18.5,0.282,Rain,6,0,188.0
12951,Rajdhani,Ratlam,Kota,188.5,68.5,29.0,2.5,0.222,Clear,8,2,193.7
12860,Express,Pune,Solapur,145.6,53.4,12.0,24.5,0.212,Rain,3,3,204.9
12951,Rajdhani,Surat,Vadodara,120.0,61.8,25.0,6.3,0.377,Clear,2,6,138.6
12301,Rajdhani,Prayagraj,DDU,194.1,77.3,21.0,19.1,0.165,Clear,5,5,176.4
12951,Rajdhani,Mumbai,Surat,212.1,70.4,13.2,12.5,0.025,Clear,23,4,186.8
12723,Express,Kazipet,Warangal,40.0,54.6,-5.0,0.0,0.183,Clear,2,0,52.9
12259,Duronto,Gaya,DDU,169.7,68.1,8.8,20.7,0.737,Rain,6,6,183.6
12951,Rajdhani,Kota,New Delhi,187.0,65.2,7.3,3.7,0.305,Clear,10,3,207.1
12301,Rajdhani,Gaya,Howrah,200.2,76.0,36.5,14.5,0.16,Clear,9,4,186.0
12951,Rajdhani,Surat,Vadodara,111.1,62.7,5.2,11.6,0.33,Rain,3,1,135.0
12627,Express,Vijayawada,Warangal,225.5,69.6,23.1,23.2,0.042,Clear,7,4,192.1
12723,Express,Warangal,Vijayawada,199.0,64.8,12.6,1.4,0.358,Clear,2,1,203.4
12627,Express,Vijayawada,Warangal,177.4,54.7,24.6,9.0,0.425,Rain,6,1,217.2
12951,Rajdhani,Ratlam,Kota,223.7,86.6,-5.0,3.5,0.091,Clear,8,1,183.0
12951,Rajdhani,Vadodara,Ratlam,157.0,51.1,-1.2,17.0,0.197,Clear,5,4,186.4
12627,Express,Gudur,Nellore,56.0,54.3,12.4,16.0,0.243,Clear,2,2,76.8
12627,Express,Gudur,Nellore,56.9,54.6,8.4,4.5,0.167,Clear,2,3,79.8
12301,Rajdhani,DDU,Gaya,194.7,81.3,11.3,20.2,0.449,Fog,7,4,166.4
12723,Express,Kazipet,Warangal,40.0,45.3,12.5,7.9,0.21,Fog,1,1,66.2
12259,Duronto,DDU,New Delhi,283.7,77.5,5.2,14.6,0.212,Fog,9,2,219.4
12723,Express,Warangal,Vijayawada,163.0,46.7,11.9,27.8,0.72,Heavy Rain,2,0,251.3
12627,Express,Chennai,Gudur,160.0,60.7,20.1,0.0,0.119,Clear,0,0,156.8
12723,Express,Gudur,Chennai,182.6,58.5,3.8,8.8,0.083,Rain,9,2,202.1
12301,Rajdhani,Prayagraj,DDU,167.8,64.8,-1.5,6.6,0.444,Clear,5,4,173.8
12951,Rajdhani,Vadodara,Ratlam,194.7,73.2,9.7,15.5,0.13,Clear,4,1,184.2
12951,Rajdhani,Surat,Vadodara,155.3,72.6,3.0,9.6,0.446,Clear,2,0,126.6
12723,Express,Warangal,Vijayawada,214.9,67.6,12.7,11.9,0.07,Clear,2,3,199.8
12860,Express,Pune,Solapur,223.3,78.4,9.5,7.2,0.306,Rain,2,5,202.2
12951,Rajdhani,Ratlam,Kota,215.6,68.3,6.4,8.8,0.174,Clear,7,0,190.4
12301,Rajdhani,Gaya,Howrah,146.1,59.0,12.5,20.2,0.492,Clear,10,2,195.4
12951,Rajdhani,Ratlam,Kota,159.1,58.4,5.1,11.2,0.303,Rain,7,3,203.2
12259,Duronto,Gaya,DDU,204.6,71.3,20.3,11.3,0.364,Clear,6,1,183.6
12723,Express,Kazipet,Warangal,40.0,60.0,-0.5,21.7,0.344,Clear,2,4,49.1
12951,Rajdhani,Ratlam,Kota,256.0,75.5,27.8,10.8,0.141,Clear,8,2,189.1
12627,Express,Vijayawada,Warangal,130.3,50.3,3.0,16.8,0.108,Clear,6,1,198.4
12627,Express,Chennai,Gudur,163.1,61.6,17.0,25.9,0.164,Clear,0,5,160.4
12627,Express,Gudur,Nellore,61.2,50.2,19.8,17.0,0.319,Rain,3,0,105.0
12860,Express,Kalaburagi,Wadi,78.3,59.7,9.7,1.4,0.115,Rain,8,5,101.8
12860,Express,Pune,Solapur,193.6,62.0,18.3,10.4,0.309,Clear,2,1,189.0
12860,Express,Wadi,Secunderabad,179.3,65.7,-5.0,0.0,0.425,Clear,10,1,169.2
12259,Duronto,Gaya,DDU,169.1,66.2,18.9,6.2,0.232,Clear,7,2,173.4
12723,Express,Kazipet,Warangal,40.0,74.5,13.2,13.6,0.422,Rain,2,0,55.0
12627,Express,Gudur,Nellore,66.9,58.1,12.3,4.4,0.844,Clear,2,4,94.3
12301,Rajdhani,Kanpur,Prayagraj,190.4,78.7,4.5,7.1,0.138,Rain,2,5,168.5
12951,Rajdhani,Vadodara,Ratlam,178.4,68.5,32.7,8.2,0.303,Fog,5,4,210.9
12951,Rajdhani,Ratlam,Kota,179.3,66.4,13.6,12.7,0.167,Rain,7,5,193.5
12301,Rajdhani,New Delhi,Kanpur,229.3,90.2,4.2,4.4,0.106,Clear,0,4,156.8
12951,Rajdhani,Mumbai,Surat,184.3,65.4,14.2,6.6,0.355,Heavy Rain,0,1,211.3
12951,Rajdhani,Mumbai,Surat,184.2,66.5,10.2,19.3,0.34,Rain,0,0,204.0
12951,Rajdhani,Vadodara,Ratlam,181.5,65.7,6.5,7.8,0.196,Clear,5,3,179.8
12627,Express,Chennai,Gudur,164.1,64.8,7.0,0.4,0.122,Heavy Rain,0,6,167.9
12860,Express,Pune,Solapur,167.0,54.6,-1.4,12.3,0.566,Clear,2,2,202.7
12723,Express,Vijayawada,Gudur,213.3,62.2,1.8,5.3,0.283,Heavy Rain,5,0,213.0
12860,Express,Solapur,Kalaburagi,172.9,69.2,28.1,9.0,0.344,Clear,5,3,158.1
12259,Duronto,Gaya,DDU,182.0,63.1,-5.0,9.2,0.402,Clear,5,0,173.1
12723,Express,Warangal,Vijayawada,145.6,51.8,0.4,0.7,0.083,Rain,3,1,211.6
12627,Express,Gudur,Nellore,72.0,63.4,6.2,12.6,0.371,Heavy Rain,2,1,87.5
12259,Duronto,Asansol,Dhanbad,140.3,77.3,-5.0,13.6,0.653,Clear,2,2,113.6
12951,Rajdhani,Mumbai,Surat,208.8,66.6,12.0,14.1,0.231,Clear,0,2,190.6
12301,Rajdhani,Gaya,Howrah,206.3,67.2,25.8,0.0,0.322,Rain,9,5,193.6
12723,Express,Vijayawada,Gudur,183.3,57.7,17.0,13.7,0.193,Clear,5,0,221.3
12301,Rajdhani,Prayagraj,DDU,236.3,82.5,23.2,3.8,0.187,Clear,4,3,174.4
12259,Duronto,Sealdah,Asansol,186.0,71.6,28.4,0.5,0.074,Clear,23,3,171.5
12627,Express,Warangal,Secunderabad,173.7,54.5,24.3,3.3,0.37,Clear,9,6,193.0
12627,Express,Gudur,Nellore,98.2,78.8,18.5,15.3,0.059,Clear,1,6,92.6
12951,Rajdhani,Mumbai,Surat,168.9,63.5,2.9,0.0,0.263,Rain,23,1,201.6
12723,Express,Vijayawada,Gudur,188.9,61.6,3.4,5.8,0.343,Clear,6,2,207.5
12301,Rajdhani,Gaya,Howrah,192.3,61.6,19.0,15.4,0.143,Clear,10,2,183.4
12723,Express,Vijayawada,Gudur,181.0,62.1,5.8,11.9,0.375,Fog,5,0,206.9
12301,Rajdhani,Gaya,Howrah,172.0,68.9,33.3,18.0,0.276,Clear,10,3,187.4
12301,Rajdhani,Prayagraj,DDU,192.9,71.6,-5.0,22.0,0.404,Clear,4,4,168.4
12723,Express,Gudur,Chennai,184.8,60.4,-4.3,0.0,0.558,Rain,9,0,212.3
12951,Rajdhani,Kota,New Delhi,238.9,73.4,-0.5,22.5,0.137,Fog,11,1,219.7
12627,Express,Nellore,Vijayawada,146.7,54.6,27.5,18.5,0.357,Clear,3,0,205.6
12951,Rajdhani,Vadodara,Ratlam,202.7,77.9,7.4,1.5,0.31,Clear,5,6,176.2
12860,Express,Solapur,Kalaburagi,135.9,63.0,26.3,19.5,0.245,Clear,6,3,179.7
12259,Duronto,Sealdah,Asansol,176.8,64.0,6.2,10.3,0.702,Fog,0,3,174.0
12860,Express,Kalaburagi,Wadi,78.1,55.2,-5.0,0.0,0.37,Clear,9,4,101.4
12301,Rajdhani,DDU,Gaya,166.3,77.5,-5.0,11.7,0.113,Rain,7,4,153.4
12259,Duronto,Gaya,DDU,184.6,76.5,12.3,17.4,0.503,Fog,5,6,196.9
12951,Rajdhani,Vadodara,Ratlam,183.9,68.4,26.5,5.7,0.31,Clear,4,1,193.4
12723,Express,Gudur,Chennai,240.4,68.0,-5.0,0.2,0.286,Rain,9,6,209.9
12259,Duronto,DDU,New Delhi,191.6,59.2,1.6,4.2,0.534,Heavy Rain,8,2,231.2
12301,Rajdhani,New Delhi,Kanpur,119.9,53.2,4.0,8.3,0.083,Rain,0,3,173.2
12301,Rajdhani,DDU,Gaya,140.8,68.1,8.8,0.0,0.3,Clear,8,0,160.1
12301,Rajdhani,DDU,Gaya,161.4,75.3,16.5,15.2,0.016,Clear,7,3,142.9
12301,Rajdhani,DDU,Gaya,136.8,68.1,5.9,17.4,0.197,Rain,8,3,155.6
12627,Express,Warangal,Secunderabad,169.5,60.1,14.2,1.3,0.181,Rain,9,6,196.6
12627,Express,Gudur,Nellore,74.4,63.7,29.3,3.5,0.385,Clear,2,4,83.1
12259,Duronto,Asansol,Dhanbad,85.1,60.0,10.3,17.0,0.254,Clear,1,3,124.4
12723,Express,Vijayawada,Gudur,202.2,60.6,5.7,22.3,0.242,Rain,5,2,217.5
12259,Duronto,Asansol,Dhanbad,93.4,63.7,21.5,13.2,0.561,Clear,2,3,117.0
12723,Express,Kazipet,Warangal,40.2,75.6,-5.0,3.0,0.324,Clear,2,2,37.0
12951,Rajdhani,Mumbai,Surat,211.3,74.7,18.2,16.9,0.071,Clear,0,4,194.0
12860,Express,Pune,Solapur,223.8,69.4,25.1,12.7,0.242,Clear,3,6,206.8
12301,Rajdhani,Gaya,Howrah,173.5,70.7,6.8,26.0,0.503,Clear,9,6,190.8
12860,Express,Wadi,Secunderabad,147.6,52.3,6.6,11.0,0.378,Rain,9,5,179.7
12259,Duronto,DDU,New Delhi,171.4,46.2,30.7,0.0,0.127,Clear,9,0,241.9
12259,Duronto,Gaya,DDU,180.0,72.9,-0.3,14.8,0.177,Heavy Rain,6,4,184.9
12259,Duronto,Asansol,Dhanbad,122.5,79.5,29.8,13.1,0.47,Rain,2,1,121.0
12627,Express,Chennai,Gudur,145.4,57.6,18.0,5.0,0.224,Heavy Rain,0,5,182.4
12951,Rajdhani,Vadodara,Ratlam,180.9,59.7,9.7,5.3,0.402,Clear,5,0,189.6
12627,Express,Chennai,Gudur,109.7,47.3,19.8,19.4,0.042,Heavy Rain,23,4,193.5
12259,Duronto,Gaya,DDU,230.7,79.0,38.1,12.6,0.085,Rain,6,3,179.7
12723,Express,Vijayawada,Gudur,131.7,42.0,15.3,8.2,0.255,Clear,5,4,240.3
12627,Express,Nellore,Vijayawada,176.0,58.0,-0.0,0.0,0.578,Rain,3,3,201.6
12951,Rajdhani,Kota,New Delhi,261.5,80.9,34.2,10.5,0.37,Heavy Rain,11,5,230.6
12723,Express,Warangal,Vijayawada,182.1,56.5,31.4,0.0,0.073,Clear,2,1,216.7
12301,Rajdhani,Kanpur,Prayagraj,160.1,59.9,8.2,13.7,0.551,Heavy Rain,2,1,198.4
12259,Duronto,Gaya,DDU,186.9,59.1,18.3,2.8,0.116,Heavy Rain,6,0,190.3
12627,Express,Gudur,Nellore,88.9,81.9,26.7,5.6,0.458,Clear,1,6,91.4
12951,Rajdhani,Kota,New Delhi,240.0,79.9,21.7,20.9,0.111,Fog,10,5,224.7
12860,Express,Mumbai,Pune,253.8,81.4,-5.0,23.2,0.136,Clear,0,1,189.1
12860,Express,Pune,Solapur,168.6,65.8,0.2,0.0,0.384,Rain,3,6,194.1
12301,Rajdhani,New Delhi,Kanpur,212.7,79.2,10.7,9.0,0.368,Clear,23,5,155.1
12860,Express,Solapur,Kalaburagi,216.0,80.8,6.5,0.0,0.535,Clear,6,0,166.8
12860,Express,Mumbai,Pune,210.9,75.2,11.5,5.0,0.279,Clear,23,1,211.2
12723,Express,Vijayawada,Gudur,206.0,57.5,-2.1,0.9,0.076,Clear,6,0,204.5
12951,Rajdhani,Kota,New Delhi,246.5,69.3,10.0,14.1,0.063,Clear,11,4,219.8
12951,Rajdhani,Ratlam,Kota,162.5,62.7,10.7,19.2,0.121,Clear,7,5,192.6
12301,Rajdhani,New Delhi,Kanpur,167.9,68.6,4.7,6.8,0.264,Rain,0,2,162.8
12627,Express,Gudur,Nellore,49.0,52.9,23.8,3.6,0.294,Clear,2,6,80.6
12723,Express,Gudur,Chennai,234.6,69.4,2.2,9.4,0.363,Rain,9,6,196.2
12301,Rajdhani,Kanpur,Prayagraj,138.5,59.6,18.9,3.1,0.212,Rain,3,1,169.6
12951,Rajdhani,Mumbai,Surat,232.8,72.7,12.3,23.9,0.335,Heavy Rain,23,1,208.4
12259,Duronto,Asansol,Dhanbad,105.5,61.7,19.9,14.7,0.193,Clear,2,2,99.5
12951,Rajdhani,Surat,Vadodara,137.8,65.2,7.3,11.6,0.115,Heavy Rain,3,2,132.6
12627,Express,Chennai,Gudur,117.4,52.7,18.6,28.2,0.275,Clear,23,4,172.4
12301,Rajdhani,Kanpur,Prayagraj,224.1,81.8,12.4,4.8,0.361,Clear,2,0,176.9
12259,Duronto,Asansol,Dhanbad,101.6,70.8,6.4,2.7,0.384,Rain,1,2,110.4
12259,Duronto,Dhanbad,Gaya,210.6,82.9,32.7,10.8,0.167,Rain,4,3,166.2
12860,Express,Mumbai,Pune,180.1,55.7,-5.0,8.0,0.263,Clear,23,1,200.3
12259,Duronto,Sealdah,Asansol,157.7,65.7,24.7,1.0,0.379,Clear,23,2,165.6
12259,Duronto,Sealdah,Asansol,197.2,72.3,8.7,0.0,0.183,Clear,23,6,156.5
12259,Duronto,Sealdah,Asansol,166.2,71.9,43.0,16.7,0.347,Fog,23,3,179.9
12860,Express,Kalaburagi,Wadi,79.1,60.3,21.5,3.6,0.325,Rain,8,4,108.0
12860,Express,Pune,Solapur,237.8,74.1,-3.2,1.7,0.19,Clear,3,6,183.7
12301,Rajdhani,DDU,Gaya,192.0,75.4,22.6,7.3,0.126,Clear,7,5,141.2
12627,Express,Nellore,Vijayawada,228.0,66.7,-2.5,18.2,0.031,Clear,2,1,181.5
12951,Rajdhani,Surat,Vadodara,146.1,68.9,26.4,0.0,0.324,Rain,3,0,140.3
12723,Express,Gudur,Chennai,223.3,61.8,3.2,9.5,0.464,Rain,9,4,213.8
12259,Duronto,Dhanbad,Gaya,145.0,61.9,25.9,16.5,0.438,Clear,3,5,169.9
12301,Rajdhani,Prayagraj,DDU,238.6,82.9,26.6,18.3,0.562,Fog,4,0,191.5
12627,Express,Gudur,Nellore,49.4,53.6,4.7,26.6,0.145,Clear,3,4,76.8
12259,Duronto,Asansol,Dhanbad,88.9,64.2,4.8,0.0,0.411,Clear,2,1,87.5
12723,Express,Warangal,Vijayawada,188.3,58.8,21.9,19.6,0.2,Fog,3,1,216.3
12259,Duronto,DDU,New Delhi,225.4,72.2,16.8,4.7,0.385,Rain,8,1,224.0
12723,Express,Kazipet,Warangal,52.9,82.4,6.0,21.1,0.585,Clear,2,3,53.8
12259,Duronto,Dhanbad,Gaya,196.2,73.6,8.1,7.4,0.44,Clear,4,1,158.5
12723,Express,Warangal,Vijayawada,160.9,54.9,-5.0,15.2,0.508,Rain,2,2,223.1
12627,Express,Vijayawada,Warangal,224.5,69.5,1.2,19.3,0.367,Clear,6,2,191.0
12951,Rajdhani,Mumbai,Surat,188.8,71.2,7.3,0.0,0.449,Clear,23,0,184.7
12723,Express,Warangal,Vijayawada,205.8,67.8,12.0,15.4,0.424,Fog,2,6,208.9
12301,Rajdhani,Gaya,Howrah,212.8,73.7,-1.6,15.2,0.221,Clear,9,6,168.9
12723,Express,Warangal,Vijayawada,197.7,58.6,23.7,21.3,0.356,Fog,2,6,225.5
12301,Rajdhani,Kanpur,Prayagraj,171.4,65.2,17.8,0.0,0.424,Clear,3,2,178.9
12627,Express,Warangal,Secunderabad,196.5,64.9,12.5,5.8,0.208,Rain,8,1,199.6
12860,Express,Solapur,Kalaburagi,178.6,71.6,-5.0,15.5,0.44,Clear,5,6,154.7
12723,Express,Vijayawada,Gudur,189.1,57.8,17.6,14.8,0.08,Clear,6,4,212.0
12301,Rajdhani,Gaya,Howrah,180.9,66.0,18.5,21.0,0.409,Clear,10,0,196.9
12951,Rajdhani,Vadodara,Ratlam,182.7,73.5,5.1,5.6,0.163,Heavy Rain,5,2,190.1
12951,Rajdhani,Mumbai,Surat,216.6,72.0,15.2,13.3,0.71,Fog,23,0,205.6
12259,Duronto,Asansol,Dhanbad,107.0,61.0,13.4,14.2,0.222,Clear,2,2,108.7
12860,Express,Solapur,Kalaburagi,168.3,66.1,12.8,14.6,0.081,Clear,5,4,146.3
12301,Rajdhani,Gaya,Howrah,170.1,55.1,5.1,4.4,0.064,Heavy Rain,9,0,193.2
12723,Express,Warangal,Vijayawada,191.7,60.0,23.0,0.0,0.355,Clear,3,3,222.2
12860,Express,Wadi,Secunderabad,164.9,55.0,23.2,16.5,0.455,Clear,9,3,181.2
12301,Rajdhani,New Delhi,Kanpur,171.1,72.3,17.9,15.1,0.569,Rain,0,3,185.3
12627,Express,Gudur,Nellore,69.6,73.6,9.5,0.0,0.582,Heavy Rain,1,1,95.3
12860,Express,Wadi,Secunderabad,167.7,55.6,15.4,9.5,0.314,Clear,9,3,183.5
12627,Express,Nellore,Vijayawada,177.7,55.2,5.6,18.2,0.294,Rain,2,3,205.9
12259,Duronto,Gaya,DDU,197.6,68.0,17.9,1.6,0.213,Clear,6,1,182.4
12723,Express,Hyderabad,Kazipet,139.5,63.2,24.3,9.4,0.206,Clear,1,6,148.2
12860,Express,Kalaburagi,Wadi,65.2,57.0,6.2,3.7,0.142,Rain,8,0,99.3
12723,Express,Gudur,Chennai,190.2,57.3,15.7,15.2,0.466,Rain,9,0,216.7
12723,Express,Gudur,Chennai,187.1,57.6,7.8,3.1,0.417,Heavy Rain,9,1,223.0
12627,Express,Warangal,Secunderabad,158.3,49.7,8.6,13.5,0.311,Clear,9,2,209.6
12259,Duronto,Gaya,DDU,158.5,59.1,7.9,12.7,0.288,Rain,6,0,189.8
12951,Rajdhani,Kota,New Delhi,225.7,65.0,2.3,11.2,0.558,Clear,11,3,210.6
12951,Rajdhani,Kota,New Delhi,215.6,64.4,20.3,18.3,0.215,Clear,10,0,212.5
12723,Express,Hyderabad,Kazipet,128.3,65.6,9.3,18.0,0.157,Clear,23,3,148.6
12301,Rajdhani,Prayagraj,DDU,205.8,69.4,19.6,24.0,0.08,Clear,5,4,181.8
12259,Duronto,Sealdah,Asansol,197.8,70.6,31.2,3.4,0.392,Rain,23,3,176.7
12627,Express,Warangal,Secunderabad,153.2,58.8,34.9,14.3,0.237,Fog,9,0,205.3
12301,Rajdhani,Gaya,Howrah,265.7,88.0,9.5,13.6,0.301,Rain,10,0,186.5
12860,Express,Wadi,Secunderabad,184.1,77.9,12.4,4.8,0.333,Clear,9,5,167.6
12301,Rajdhani,Kanpur,Prayagraj,185.3,72.3,27.2,19.7,0.192,Fog,2,6,183.0
12259,Duronto,Dhanbad,Gaya,190.3,73.6,27.5,14.4,0.222,Clear,3,0,151.7
12259,Duronto,Dhanbad,Gaya,144.7,62.1,21.1,9.7,0.447,Clear,3,5,166.1
12860,Express,Wadi,Secunderabad,169.9,73.5,3.3,19.8,0.226,Clear,10,3,167.4
12259,Duronto,DDU,New Delhi,215.7,71.3,26.8,5.0,0.424,Clear,9,1,220.5
12627,Express,Warangal,Secunderabad,172.5,52.3,15.8,7.9,0.132,Heavy Rain,8,4,211.0
12951,Rajdhani,Ratlam,Kota,184.1,65.2,37.7,15.9,0.315,Clear,8,3,203.5
12951,Rajdhani,Ratlam,Kota,236.8,72.4,27.7,0.2,0.463,Clear,6,2,192.0
12259,Duronto,Dhanbad,Gaya,165.5,68.3,17.7,7.0,0.179,Fog,4,0,162.5
12259,Duronto,Dhanbad,Gaya,160.9,71.6,-4.3,0.0,0.183,Fog,3,4,155.3
12723,Express,Gudur,Chennai,251.3,68.3,24.6,7.8,0.214,Heavy Rain,10,4,222.7
12951,Rajdhani,Ratlam,Kota,147.3,57.0,6.9,15.5,0.104,Clear,7,1,196.4
12301,Rajdhani,Prayagraj,DDU,178.4,63.8,44.9,12.3,0.136,Clear,6,1,178.8
12860,Express,Wadi,Secunderabad,149.1,60.1,2.7,12.0,0.553,Rain,10,4,185.2
12860,Express,Wadi,Secunderabad,177.9,63.2,24.7,13.9,0.45,Clear,10,0,179.3
12259,Duronto,Sealdah,Asansol,154.2,68.7,15.6,14.6,0.542,Clear,23,6,173.0
12951,Rajdhani,Kota,New Delhi,230.4,76.3,-5.0,7.4,0.295,Clear,10,6,199.9
12723,Express,Kazipet,Warangal,40.0,55.7,12.0,15.0,0.22,Clear,3,0,54.4
12951,Rajdhani,Mumbai,Surat,217.1,64.7,8.6,14.3,0.263,Clear,0,5,193.4
12627,Express,Chennai,Gudur,196.3,71.0,8.1,12.1,0.264,Clear,0,5,161.5
12627,Express,Nellore,Vijayawada,156.4,61.1,9.8,18.6,0.583,Clear,3,2,207.8
12259,Duronto,Sealdah,Asansol,181.0,74.1,3.8,9.0,0.469,Clear,1,6,170.9
12301,Rajdhani,DDU,Gaya,218.6,86.4,-3.6,26.2,0.405,Clear,7,0,149.2
12860,Express,Wadi,Secunderabad,177.7,68.7,24.0,7.5,0.332,Rain,9,3,179.2
12723,Express,Gudur,Chennai,216.4,67.0,15.6,24.6,0.109,Rain,8,1,217.2
12301,Rajdhani,Prayagraj,DDU,143.7,62.5,1.2,0.6,0.181,Clear,4,0,168.0
12259,Duronto,Dhanbad,Gaya,213.4,79.4,35.6,0.0,0.237,Rain,4,2,164.7
12301,Rajdhani,Gaya,Howrah,203.2,65.9,5.3,25.5,0.538,Rain,9,2,194.0
12259,Duronto,Asansol,Dhanbad,116.6,81.0,23.6,9.3,0.23,Rain,2,1,116.1
12301,Rajdhani,Kanpur,Prayagraj,192.8,82.3,2.4,12.3,0.146,Heavy Rain,2,4,175.3
12627,Express,Vijayawada,Warangal,169.4,65.0,22.5,2.9,0.131,Clear,6,4,202.5
12627,Express,Nellore,Vijayawada,148.5,54.8,22.4,11.9,0.253,Rain,3,6,203.7
12259,Duronto,Dhanbad,Gaya,140.2,67.4,14.1,0.0,0.096,Rain,3,0,151.9
12627,Express,Warangal,Secunderabad,139.4,52.1,7.4,4.4,0.262,Clear,9,1,202.1
12951,Rajdhani,Mumbai,Surat,221.3,64.4,-1.9,14.1,0.414,Clear,23,5,189.7
12723,Express,Hyderabad,Kazipet,122.8,55.0,-5.0,9.4,0.341,Clear,0,1,140.2
12723,Express,Vijayawada,Gudur,115.5,40.9,2.8,0.0,0.077,Clear,6,3,224.9
12301,Rajdhani,Gaya,Howrah,180.7,73.5,6.8,16.3,0.253,Clear,10,0,181.6
12627,Express,Chennai,Gudur,192.4,70.0,-5.0,9.7,0.166,Clear,0,4,147.1
12301,Rajdhani,Prayagraj,DDU,198.4,70.5,17.4,0.0,0.069,Clear,5,3,163.0
12259,Duronto,Sealdah,Asansol,230.0,85.0,-5.0,4.1,0.117,Clear,0,2,155.4
12723,Express,Kazipet,Warangal,40.0,60.0,-5.0,20.8,0.177,Clear,2,3,42.2
12259,Duronto,DDU,New Delhi,247.7,82.8,6.8,12.3,0.578,Rain,9,1,237.2
12951,Rajdhani,Kota,New Delhi,228.5,67.7,26.9,5.1,0.183,Clear,11,0,208.2
12860,Express,Solapur,Kalaburagi,132.7,46.5,-4.7,14.0,0.174,Clear,6,4,167.7
12723,Express,Gudur,Chennai,164.5,55.5,11.0,17.0,0.351,Rain,10,4,227.5
12627,Express,Chennai,Gudur,154.0,56.6,18.2,21.5,0.482,Clear,23,1,173.5
12723,Express,Warangal,Vijayawada,201.0,65.1,-5.0,7.7,0.408,Clear,3,5,207.2
12723,Express,Gudur,Chennai,199.2,59.6,2.8,17.3,0.176,Clear,8,3,198.8
12723,Express,Warangal,Vijayawada,164.6,57.2,-5.0,0.0,0.159,Clear,3,5,200.8
12723,Express,Vijayawada,Gudur,190.5,52.7,14.3,18.4,0.612,Clear,6,2,222.7
12259,Duronto,Sealdah,Asansol,161.7,58.5,0.7,13.4,0.347,Clear,23,3,166.2
12301,Rajdhani,Gaya,Howrah,162.7,57.5,33.9,11.6,0.074,Clear,10,6,202.2
12723,Express,Warangal,Vijayawada,270.8,74.5,10.7,0.0,0.111,Rain,2,2,202.0
12860,Express,Solapur,Kalaburagi,155.9,65.1,30.2,6.2,0.359,Rain,5,0,179.9
12627,Express,Chennai,Gudur,151.6,72.0,12.8,0.0,0.617,Clear,0,6,172.6
12301,Rajdhani,New Delhi,Kanpur,157.9,67.7,4.6,5.1,0.242,Heavy Rain,0,0,170.9
12951,Rajdhani,Ratlam,Kota,217.1,69.4,-5.0,2.3,0.208,Heavy Rain,7,6,205.3
12259,Duronto,Sealdah,Asansol,172.9,72.4,-0.6,12.6,0.378,Clear,0,1,153.4
12627,Express,Chennai,Gudur,201.6,81.4,20.2,8.4,0.176,Rain,23,0,157.7
12627,Express,Gudur,Nellore,53.6,50.9,26.7,12.5,0.147,Clear,2,1,99.0
12723,Express,Kazipet,Warangal,41.6,62.2,5.9,14.5,0.174,Clear,2,4,37.9
12627,Express,Warangal,Secunderabad,241.3,77.3,25.3,5.4,0.075,Rain,9,1,189.6
12860,Express,Wadi,Secunderabad,195.6,70.9,10.3,0.4,0.195,Clear,10,5,165.5
12259,Duronto,Sealdah,Asansol,166.9,64.3,9.8,0.0,0.237,Clear,0,5,159.0
12860,Express,Mumbai,Pune,252.1,73.6,14.5,6.5,0.292,Clear,0,5,195.3
12259,Duronto,Dhanbad,Gaya,154.0,66.6,-5.0,23.8,0.523,Fog,4,5,159.2
12301,Rajdhani,Kanpur,Prayagraj,188.5,80.7,3.0,23.7,0.593,Rain,2,2,183.5
12301,Rajdhani,DDU,Gaya,150.4,72.0,5.5,2.5,0.61,Clear,8,6,141.8
12259,Duronto,Sealdah,Asansol,149.4,65.6,21.0,15.1,0.4,Rain,0,4,190.6
12301,Rajdhani,Gaya,Howrah,197.5,71.1,21.6,8.7,0.212,Clear,11,0,186.2
12627,Express,Nellore,Vijayawada,152.7,58.0,15.7,6.8,0.434,Clear,2,6,195.2
12860,Express,Solapur,Kalaburagi,148.5,53.5,14.2,12.7,0.232,Clear,5,6,177.6
12627,Express,Vijayawada,Warangal,203.3,73.0,-5.0,0.0,0.075,Clear,6,0,173.1
12860,Express,Kalaburagi,Wadi,60.9,52.8,-5.0,12.3,0.194,Clear,8,6,96.5
12723,Express,Warangal,Vijayawada,186.2,62.8,8.9,3.7,0.361,Clear,2,3,211.6
12860,Express,Solapur,Kalaburagi,164.1,62.6,17.7,16.9,0.447,Clear,6,6,175.6
12860,Express,Kalaburagi,Wadi,88.1,66.9,-2.2,17.6,0.428,Heavy Rain,8,6,100.5
12951,Rajdhani,Kota,New Delhi,209.7,60.7,4.0,7.1,0.051,Clear,11,1,197.0
12259,Duronto,Gaya,DDU,185.6,68.7,12.8,20.2,0.21,Clear,6,5,168.6
12723,Express,Warangal,Vijayawada,176.0,58.7,24.3,18.2,0.211,Rain,2,4,220.2
12860,Express,Kalaburagi,Wadi,83.0,61.0,19.5,6.5,0.406,Clear,8,3,109.3
12860,Express,Pune,Solapur,157.7,50.9,3.3,0.0,0.203,Heavy Rain,2,3,220.6
12301,Rajdhani,New Delhi,Kanpur,213.7,74.4,8.1,22.9,0.184,Rain,23,6,170.5
12860,Express,Pune,Solapur,188.2,60.2,-0.1,0.0,0.102,Clear,2,5,182.6
12259,Duronto,Dhanbad,Gaya,182.6,77.9,15.9,3.1,0.641,Rain,5,3,177.0
12951,Rajdhani,Vadodara,Ratlam,188.5,74.2,14.9,0.8,0.602,Clear,4,0,189.1
12951,Rajdhani,Mumbai,Surat,241.3,75.4,33.5,31.9,0.443,Heavy Rain,0,1,212.5
12259,Duronto,DDU,New Delhi,211.9,70.3,22.3,15.2,0.137,Clear,8,2,209.3
12627,Express,Nellore,Vijayawada,158.8,58.7,9.1,6.3,0.689,Clear,3,3,204.4
12723,Express,Kazipet,Warangal,40.0,67.7,2.9,12.1,0.112,Rain,2,0,40.5
12301,Rajdhani,DDU,Gaya,198.7,83.8,26.7,3.2,0.349,Rain,8,1,145.0
12860,Express,Mumbai,Pune,190.3,58.3,-5.0,21.5,0.116,Fog,0,6,204.6
12860,Express,Pune,Solapur,222.5,66.8,-0.6,9.0,0.284,Rain,3,0,189.3
12723,Express,Gudur,Chennai,153.1,46.0,12.4,4.4,0.207,Clear,9,5,225.8
12627,Express,Gudur,Nellore,52.1,55.1,14.5,18.0,0.316,Clear,1,2,87.1
12301,Rajdhani,Prayagraj,DDU,131.1,53.4,21.7,11.3,0.194,Clear,6,1,183.9
12860,Express,Pune,Solapur,171.6,55.3,10.3,7.3,0.147,Clear,3,4,191.6
12723,Express,Hyderabad,Kazipet,130.7,60.2,17.0,11.9,0.446,Rain,23,1,154.8
12951,Rajdhani,Ratlam,Kota,233.7,73.5,-5.0,13.1,0.239,Clear,7,2,181.4
12259,Duronto,Asansol,Dhanbad,117.7,66.9,8.5,5.9,0.036,Clear,2,6,92.4
12951,Rajdhani,Kota,New Delhi,295.3,79.8,-2.2,9.0,0.233,Fog,10,2,215.1
12723,Express,Hyderabad,Kazipet,154.1,69.1,11.7,2.7,0.319,Clear,0,4,159.5
12723,Express,Warangal,Vijayawada,146.4,50.1,-5.0,0.0,0.529,Clear,3,3,218.7
12301,Rajdhani,New Delhi,Kanpur,166.9,71.4,3.7,8.0,0.389,Clear,0,4,167.6
12860,Express,Kalaburagi,Wadi,98.5,67.1,28.2,11.7,0.172,Clear,8,6,97.1
12627,Express,Gudur,Nellore,56.5,48.6,30.1,29.9,0.273,Clear,2,2,105.8
12627,Express,Vijayawada,Warangal,150.6,58.9,15.8,6.9,0.458,Clear,6,1,193.5
12723,Express,Hyderabad,Kazipet,129.2,62.0,19.3,7.3,0.366,Clear,23,4,138.1
12860,Express,Kalaburagi,Wadi,86.0,72.3,20.0,9.6,0.449,Clear,7,1,101.0
12951,Rajdhani,Mumbai,Surat,244.2,78.9,6.3,4.9,0.272,Clear,0,4,195.8
12301,Rajdhani,New Delhi,Kanpur,199.8,67.6,1.7,5.0,0.303,Rain,23,2,157.6
12259,Duronto,Asansol,Dhanbad,98.7,62.9,-0.9,21.8,0.407,Clear,1,3,112.1
12301,Rajdhani,Prayagraj,DDU,159.0,65.6,36.8,2.6,0.648,Clear,4,6,188.4
12723,Express,Kazipet,Warangal,40.0,62.6,16.7,12.0,0.267,Rain,1,3,60.2
12860,Express,Mumbai,Pune,177.3,63.7,27.5,15.7,0.425,Rain,0,5,228.7
12723,Express,Vijayawada,Gudur,205.7,61.2,20.5,7.7,0.698,Fog,5,2,235.5
12860,Express,Pune,Solapur,220.0,66.0,16.1,13.6,0.27,Rain,2,3,203.2
12723,Express,Vijayawada,Gudur,290.4,80.7,10.4,4.2,0.166,Clear,6,1,196.8
12860,Express,Wadi,Secunderabad,183.8,67.4,24.7,18.0,0.656,Rain,9,6,197.5
12723,Express,Gudur,Chennai,193.3,62.2,20.3,15.2,0.358,Clear,8,0,210.9
12627,Express,Nellore,Vijayawada,195.0,59.9,11.3,5.3,0.279,Clear,2,0,198.1
12951,Rajdhani,Mumbai,Surat,213.2,75.4,21.9,18.8,0.339,Clear,22,6,198.8
12301,Rajdhani,Prayagraj,DDU,133.9,53.2,-5.0,6.1,0.118,Clear,5,0,178.5
12627,Express,Vijayawada,Warangal,154.9,50.2,17.2,5.9,0.455,Rain,6,2,210.0
12860,Express,Solapur,Kalaburagi,170.4,67.2,18.1,18.8,0.256,Clear,6,3,167.8
12259,Duronto,DDU,New Delhi,291.8,78.5,22.4,22.0,0.165,Clear,9,2,218.5
12860,Express,Solapur,Kalaburagi,134.7,56.7,3.8,0.0,0.128,Rain,6,1,168.8
12951,Rajdhani,Mumbai,Surat,251.2,74.4,16.2,9.1,0.285,Fog,0,3,206.9
12301,Rajdhani,Kanpur,Prayagraj,166.1,58.9,-5.0,11.2,0.576,Clear,2,2,180.2
12259,Duronto,Dhanbad,Gaya,128.1,55.2,6.3,11.1,0.518,Clear,3,5,162.6
12860,Express,Pune,Solapur,193.6,58.6,3.5,11.2,0.443,Clear,2,1,197.7
12259,Duronto,Asansol,Dhanbad,92.3,57.6,9.0,3.4,0.306,Clear,1,4,113.2
12627,Express,Nellore,Vijayawada,147.3,54.2,-5.0,6.8,0.436,Clear,3,6,198.5
12723,Express,Gudur,Chennai,261.8,75.3,13.3,4.0,0.342,Clear,9,2,194.4
12301,Rajdhani,Prayagraj,DDU,162.6,68.3,1.1,16.2,0.096,Heavy Rain,6,6,178.0
12951,Rajdhani,Kota,New Delhi,231.0,77.8,15.3,22.4,0.639,Clear,10,5,231.6
12627,Express,Vijayawada,Warangal,204.6,65.1,15.9,4.9,0.184,Clear,6,0,184.7
12860,Express,Solapur,Kalaburagi,203.6,72.4,32.2,0.0,0.428,Clear,6,0,152.7
12951,Rajdhani,Surat,Vadodara,102.0,48.2,8.4,12.3,0.239,Clear,3,5,143.4
12860,Express,Wadi,Secunderabad,128.2,56.2,26.5,17.2,0.205,Clear,10,4,190.0
12723,Express,Hyderabad,Kazipet,113.8,52.6,9.2,7.5,0.053,Clear,23,0,147.0
12301,Rajdhani,Prayagraj,DDU,224.2,76.2,33.2,0.0,0.673,Rain,5,3,194.2
12301,Rajdhani,Prayagraj,DDU,154.5,67.3,16.3,1.0,0.319,Rain,5,3,186.2
12259,Duronto,Asansol,Dhanbad,101.4,63.7,2.9,1.9,0.632,Clear,2,2,108.8
12860,Express,Kalaburagi,Wadi,78.0,55.3,6.8,15.1,0.131,Clear,8,5,92.6
12259,Duronto,DDU,New Delhi,219.3,59.9,-3.6,23.8,0.228,Rain,9,4,237.6
12627,Express,Nellore,Vijayawada,142.8,47.6,18.0,3.5,0.421,Clear,3,1,222.1
12951,Rajdhani,Vadodara,Ratlam,222.3,83.3,3.2,5.6,0.339,Clear,4,0,158.1
12860,Express,Solapur,Kalaburagi,142.5,58.2,16.1,19.3,0.348,Rain,5,1,179.9
12301,Rajdhani,New Delhi,Kanpur,177.1,66.7,9.5,30.2,0.266,Fog,23,6,187.0
12301,Rajdhani,Prayagraj,DDU,188.4,67.1,33.3,15.9,0.525,Clear,5,3,186.5
12301,Rajdhani,New Delhi,Kanpur,170.1,68.1,25.1,22.2,0.121,Clear,23,0,182.9
12860,Express,Solapur,Kalaburagi,201.5,70.2,22.1,2.8,0.238,Clear,6,5,157.8
12723,Express,Hyderabad,Kazipet,89.5,36.3,18.0,8.6,0.191,Rain,23,1,169.8
12301,Rajdhani,Kanpur,Prayagraj,190.9,69.5,17.0,14.3,0.142,Heavy Rain,2,5,192.5
12301,Rajdhani,New Delhi,Kanpur,211.2,74.2,15.2,12.3,0.391,Clear,23,4,176.1
12951,Rajdhani,Ratlam,Kota,209.0,69.4,14.7,24.0,0.284,Clear,8,6,199.5
12627,Express,Warangal,Secunderabad,214.7,77.2,17.3,8.8,0.286,Clear,9,6,192.5
12723,Express,Vijayawada,Gudur,247.6,68.4,9.3,4.6,0.191,Clear,5,0,200.3
12951,Rajdhani,Vadodara,Ratlam,213.2,72.8,6.0,20.7,0.271,Fog,4,2,194.8
12301,Rajdhani,Gaya,Howrah,232.3,73.2,22.4,2.2,0.425,Heavy Rain,9,2,192.7
12951,Rajdhani,Mumbai,Surat,186.9,57.5,3.1,1.0,0.28,Clear,0,4,204.5
12951,Rajdhani,Vadodara,Ratlam,194.6,67.2,18.2,23.4,0.121,Rain,4,2,180.7
12627,Express,Gudur,Nellore,56.5,56.4,25.2,18.2,0.365,Fog,3,3,106.7
12951,Rajdhani,Surat,Vadodara,163.2,74.1,0.4,14.8,0.196,Clear,3,0,129.5
12951,Rajdhani,Kota,New Delhi,168.5,52.9,14.5,5.7,0.259,Clear,11,5,224.4
12723,Express,Vijayawada,Gudur,229.9,66.0,37.2,12.0,0.486,Rain,6,5,228.4
12627,Express,Gudur,Nellore,68.9,56.8,11.7,2.4,0.218,Clear,3,2,71.6
12627,Express,Chennai,Gudur,181.3,70.3,-0.2,12.1,0.124,Rain,23,4,157.6
12860,Express,Kalaburagi,Wadi,70.9,53.8,-4.6,3.9,0.205,Clear,8,1,112.0
12301,Rajdhani,DDU,Gaya,168.0,85.3,23.9,7.2,0.242,Clear,7,1,144.0
12259,Duronto,Dhanbad,Gaya,221.4,81.9,23.2,13.7,0.247,Fog,4,5,167.2
12259,Duronto,Asansol,Dhanbad,103.0,74.4,19.1,6.7,0.078,Rain,1,1,102.6
12723,Express,Hyderabad,Kazipet,167.7,76.6,15.1,6.0,0.1,Rain,1,6,152.0
12723,Express,Hyderabad,Kazipet,106.4,57.0,38.5,19.8,0.501,Rain,0,6,176.0
12301,Rajdhani,Kanpur,Prayagraj,216.8,75.1,9.8,15.0,0.293,Fog,2,2,175.5
12259,Duronto,DDU,New Delhi,229.9,72.5,12.6,1.2,0.03,Clear,8,4,212.8
12951,Rajdhani,Vadodara,Ratlam,178.1,67.8,18.6,5.5,0.547,Rain,5,0,191.4
12301,Rajdhani,Gaya,Howrah,142.9,54.8,9.3,0.0,0.258,Clear,10,2,186.5
12627,Express,Warangal,Secunderabad,193.5,64.2,24.2,0.8,0.096,Clear,9,5,202.8
12723,Express,Gudur,Chennai,224.0,70.4,1.2,0.0,0.269,Fog,10,3,203.9
12301,Rajdhani,Kanpur,Prayagraj,191.3,74.6,12.7,14.0,0.007,Rain,2,1,173.5
12860,Express,Solapur,Kalaburagi,179.0,71.6,4.8,8.8,0.543,Rain,5,1,173.7
12301,Rajdhani,DDU,Gaya,131.2,61.2,13.6,13.9,0.602,Clear,8,2,152.4
12951,Rajdhani,Mumbai,Surat,201.7,73.9,24.9,12.5,0.061,Clear,23,3,180.4
12301,Rajdhani,Gaya,Howrah,182.9,68.4,9.1,1.8,0.358,Clear,10,3,179.4
12259,Duronto,Gaya,DDU,152.3,53.0,30.3,3.6,0.108,Clear,6,6,194.1
12951,Rajdhani,Kota,New Delhi,235.8,63.6,24.2,3.4,0.312,Clear,11,3,211.5
12627,Express,Nellore,Vijayawada,176.7,68.2,-5.0,5.9,0.11,Heavy Rain,4,3,193.0
12259,Duronto,Dhanbad,Gaya,176.5,64.4,12.4,0.3,0.217,Clear,4,5,140.5
12860,Express,Pune,Solapur,173.0,52.7,40.2,12.6,0.499,Clear,2,0,231.6
12627,Express,Warangal,Secunderabad,161.7,51.0,4.4,0.0,0.193,Rain,9,4,209.0
12301,Rajdhani,DDU,Gaya,147.1,62.3,13.4,17.1,0.246,Clear,8,5,150.5
12259,Duronto,Dhanbad,Gaya,170.0,64.4,1.3,15.8,0.369,Rain,4,0,157.1
12723,Express,Warangal,Vijayawada,204.5,65.4,5.7,5.8,0.297,Clear,3,5,206.2
12259,Duronto,Sealdah,Asansol,194.5,69.8,-3.8,16.9,0.286,Clear,23,6,166.8
12259,Duronto,DDU,New Delhi,185.7,60.4,14.6,14.5,0.533,Clear,9,1,234.8
12259,Duronto,Gaya,DDU,217.9,85.1,28.2,18.3,0.449,Clear,5,2,189.7
12723,Express,Vijayawada,Gudur,209.3,59.4,0.7,0.0,0.214,Fog,5,1,220.2
12259,Duronto,DDU,New Delhi,192.6,61.5,5.1,27.2,0.298,Clear,9,6,228.0
12860,Express,Pune,Solapur,170.1,60.4,20.7,22.5,0.143,Fog,3,4,206.6
12951,Rajdhani,Vadodara,Ratlam,206.9,72.8,35.0,2.7,0.23,Clear,4,1,186.5
12627,Express,Warangal,Secunderabad,169.1,55.8,21.2,13.0,0.422,Clear,9,4,216.9
12301,Rajdhani,DDU,Gaya,181.8,74.6,8.0,14.9,0.369,Fog,8,2,164.5
12259,Duronto,Asansol,Dhanbad,118.6,69.0,2.7,2.6,0.126,Fog,2,6,105.9
12723,Express,Warangal,Vijayawada,238.1,66.1,14.7,0.0,0.354,Rain,2,3,206.6
12860,Express,Mumbai,Pune,245.2,76.8,14.0,10.2,0.471,Clear,0,3,198.5
12951,Rajdhani,Vadodara,Ratlam,180.1,63.9,26.2,8.6,0.136,Clear,4,4,170.4
12723,Express,Hyderabad,Kazipet,161.5,64.9,0.3,18.8,0.327,Clear,0,5,139.5
12301,Rajdhani,Gaya,Howrah,185.7,71.0,10.6,13.4,0.602,Clear,10,5,189.8
12951,Rajdhani,Ratlam,Kota,192.9,72.9,2.3,0.0,0.447,Fog,7,5,198.6
12723,Express,Hyderabad,Kazipet,90.2,45.5,20.5,0.0,0.454,Clear,0,2,169.6
12627,Express,Vijayawada,Warangal,141.5,51.2,6.7,22.1,0.076,Fog,6,6,212.8
12723,Express,Warangal,Vijayawada,153.1,46.0,11.6,13.8,0.197,Fog,2,4,233.4
12723,Express,Kazipet,Warangal,40.0,58.9,9.0,0.0,0.465,Clear,2,2,51.3
12259,Duronto,Gaya,DDU,211.3,79.5,3.9,15.2,0.228,Clear,7,1,178.8
12627,Express,Gudur,Nellore,80.4,64.6,5.2,1.1,0.308,Fog,2,1,84.9
12627,Express,Chennai,Gudur,135.6,56.7,30.3,19.2,0.15,Clear,23,3,162.4
12301,Rajdhani,Kanpur,Prayagraj,143.3,62.3,13.9,15.0,0.184,Clear,2,4,177.8
12627,Express,Vijayawada,Warangal,180.4,68.4,10.3,18.8,0.189,Rain,5,0,191.8
12259,Duronto,Gaya,DDU,194.9,75.7,5.7,5.1,0.724,Rain,7,4,195.5
12259,Duronto,Dhanbad,Gaya,186.0,69.6,29.5,16.5,0.137,Rain,4,0,164.8
12723,Express,Hyderabad,Kazipet,128.7,61.9,27.4,19.0,0.121,Clear,0,4,136.3
12723,Express,Hyderabad,Kazipet,158.9,78.2,1.5,14.1,0.368,Fog,22,3,153.2
12951,Rajdhani,Vadodara,Ratlam,240.8,84.3,5.2,0.0,0.697,Clear,5,0,185.0
12951,Rajdhani,Kota,New Delhi,259.9,70.2,17.8,18.3,0.697,Clear,10,3,217.8
12301,Rajdhani,DDU,Gaya,158.6,76.1,-0.2,0.0,0.324,Clear,7,4,140.0
12860,Express,Solapur,Kalaburagi,147.1,54.2,33.8,1.6,0.166,Clear,6,0,190.2
12860,Express,Kalaburagi,Wadi,85.6,63.2,28.3,0.4,0.125,Fog,9,4,101.9
12627,Express,Gudur,Nellore,78.9,65.3,11.8,8.7,0.529,Clear,2,1,76.5
12723,Express,Warangal,Vijayawada,206.4,57.8,5.8,1.0,0.169,Clear,1,0,203.4
12860,Express,Kalaburagi,Wadi,78.2,64.9,4.2,18.6,0.402,Rain,8,5,105.1
12723,Express,Gudur,Chennai,188.8,56.8,2.0,10.3,0.093,Clear,9,6,204.5
12723,Express,Vijayawada,Gudur,194.0,60.4,16.3,6.9,0.058,Rain,5,2,204.3
12301,Rajdhani,New Delhi,Kanpur,164.4,55.6,9.9,1.8,0.311,Clear,23,2,176.7
12259,Duronto,DDU,New Delhi,250.3,64.1,33.2,3.5,0.255,Heavy Rain,8,5,235.1
12627,Express,Warangal,Secunderabad,220.5,64.7,6.8,16.1,0.391,Clear,9,1,193.3
12259,Duronto,Gaya,DDU,215.1,72.9,-5.0,3.7,0.433,Clear,6,3,166.2
12951,Rajdhani,Mumbai,Surat,237.0,70.0,0.0,32.6,0.233,Clear,0,2,188.9
12723,Express,Kazipet,Warangal,40.0,64.3,10.8,6.2,0.342,Fog,1,2,52.8
12627,Express,Vijayawada,Warangal,238.0,69.2,-5.0,7.8,0.515,Clear,6,6,201.1
12860,Express,Wadi,Secunderabad,112.6,49.3,17.1,8.2,0.023,Heavy Rain,10,1,200.4
12301,Rajdhani,DDU,Gaya,124.3,61.3,12.7,0.0,0.141,Clear,7,1,147.1
12723,Express,Vijayawada,Gudur,213.6,60.1,10.9,1.1,0.627,Clear,5,4,214.9
12627,Express,Vijayawada,Warangal,157.6,55.6,13.7,8.6,0.338,Rain,6,6,201.3
12301,Rajdhani,Gaya,Howrah,203.5,77.5,13.5,9.8,0.037,Clear,10,4,172.7
12627,Express,Vijayawada,Warangal,170.9,52.4,23.8,10.3,0.686,Rain,6,5,217.0
12860,Express,Wadi,Secunderabad,170.3,59.3,15.2,0.0,0.431,Clear,9,1,177.7
12860,Express,Wadi,Secunderabad,171.6,64.7,0.3,0.0,0.223,Rain,10,4,162.7
12951,Rajdhani,Mumbai,Surat,217.3,64.7,1.9,10.5,0.663,Clear,0,4,198.1
12301,Rajdhani,Prayagraj,DDU,201.7,68.2,-1.5,11.4,0.215,Clear,6,0,157.1
12259,Duronto,DDU,New Delhi,250.0,68.6,16.2,13.2,0.038,Rain,8,4,217.4
12627,Express,Nellore,Vijayawada,227.1,68.4,0.5,17.8,0.461,Fog,3,6,204.1
12627,Express,Nellore,Vijayawada,123.4,43.7,23.0,21.4,0.013,Clear,3,6,215.4
12259,Duronto,Sealdah,Asansol,130.3,61.2,4.2,3.0,0.336,Clear,0,4,155.9
12259,Duronto,DDU,New Delhi,220.9,73.2,-5.0,0.4,0.578,Clear,9,0,217.8
12627,Express,Nellore,Vijayawada,204.9,73.6,13.5,13.3,0.233,Heavy Rain,3,6,204.1
12860,Express,Wadi,Secunderabad,213.9,71.4,30.4,15.1,0.007,Clear,9,0,166.0
12627,Express,Gudur,Nellore,62.9,65.7,7.0,8.0,0.275,Clear,2,1,76.2
12723,Express,Vijayawada,Gudur,219.3,74.7,22.0,0.0,0.307,Clear,6,0,204.8
12301,Rajdhani,Gaya,Howrah,187.4,73.1,14.7,14.9,0.377,Clear,10,5,188.4
12259,Duronto,Gaya,DDU,155.2,63.5,1.6,30.9,0.113,Clear,6,0,175.2
12860,Express,Mumbai,Pune,184.6,61.7,13.4,7.5,0.013,Rain,23,2,219.2
12951,Rajdhani,Mumbai,Surat,216.4,71.9,3.8,30.7,0.131,Clear,23,3,198.0
12259,Duronto,Asansol,Dhanbad,96.4,66.7,8.7,20.2,0.133,Clear,2,6,94.3
12259,Duronto,Sealdah,Asansol,172.7,75.3,4.7,12.4,0.301,Rain,0,2,159.9
12951,Rajdhani,Mumbai,Surat,215.5,81.2,17.5,7.9,0.423,Clear,23,6,199.4
12723,Express,Warangal,Vijayawada,184.7,53.0,-5.0,4.0,0.574,Fog,2,3,225.8
12951,Rajdhani,Surat,Vadodara,138.5,72.3,22.8,25.3,0.141,Clear,2,1,138.8
12860,Express,Pune,Solapur,230.0,67.8,4.2,9.0,0.261,Rain,2,5,184.8
12723,Express,Hyderabad,Kazipet,109.8,58.9,19.3,25.2,0.418,Heavy Rain,23,0,164.3
12860,Express,Kalaburagi,Wadi,93.4,72.4,-5.0,18.8,0.163,Clear,7,2,85.1
12951,Rajdhani,Surat,Vadodara,138.0,65.3,12.5,16.7,0.107,Rain,2,6,134.2
12259,Duronto,Sealdah,Asansol,193.2,71.4,19.7,20.7,0.279,Clear,23,0,166.0
12951,Rajdhani,Surat,Vadodara,154.9,68.0,50.9,12.2,0.496,Clear,2,3,150.7
12860,Express,Wadi,Secunderabad,242.4,79.4,24.4,2.6,0.657,Rain,10,0,182.7
12627,Express,Chennai,Gudur,139.6,62.3,11.9,14.0,0.342,Fog,23,5,162.8
12259,Duronto,Gaya,DDU,191.3,68.1,31.9,4.8,0.031,Heavy Rain,6,0,190.5
12259,Duronto,DDU,New Delhi,342.2,87.1,-5.0,23.9,0.133,Clear,8,6,211.2
12951,Rajdhani,Vadodara,Ratlam,157.9,64.7,9.4,13.0,0.256,Clear,5,1,183.4
12860,Express,Mumbai,Pune,208.4,69.7,10.7,15.7,0.41,Fog,23,3,221.9
12259,Duronto,Asansol,Dhanbad,112.6,62.2,3.1,24.1,0.494,Rain,2,3,115.2
12259,Duronto,Sealdah,Asansol,196.8,79.5,13.3,5.7,0.593,Clear,23,1,171.0
12723,Express,Warangal,Vijayawada,291.6,80.9,-2.6,7.2,0.672,Clear,3,6,201.0
12301,Rajdhani,Kanpur,Prayagraj,170.6,71.4,16.0,8.2,0.187,Rain,2,1,176.6
12723,Express,Vijayawada,Gudur,226.8,64.2,21.8,8.4,0.136,Clear,6,5,212.0
12951,Rajdhani,Kota,New Delhi,246.0,73.1,37.6,19.6,0.061,Clear,10,3,235.0
12723,Express,Gudur,Chennai,251.9,69.9,10.5,10.8,0.19,Clear,9,2,199.0
12627,Express,Warangal,Secunderabad,161.9,53.9,17.9,0.0,0.056,Clear,9,0,203.9
12723,Express,Warangal,Vijayawada,227.4,63.9,17.6,12.5,0.434,Clear,2,3,214.5
12951,Rajdhani,Mumbai,Surat,170.0,61.3,0.7,4.6,0.158,Clear,0,0,179.9
12259,Duronto,DDU,New Delhi,228.1,63.7,25.0,10.5,0.209,Rain,9,6,226.9
12951,Rajdhani,Ratlam,Kota,232.5,69.4,10.8,5.2,0.185,Clear,8,6,201.2
12259,Duronto,Asansol,Dhanbad,99.2,69.5,-5.0,3.7,0.481,Clear,2,6,107.7
12860,Express,Wadi,Secunderabad,194.4,75.6,22.6,5.9,0.307,Clear,10,6,175.5
12951,Rajdhani,Vadodara,Ratlam,187.1,58.6,13.6,10.5,0.171,Clear,4,1,178.7
12951,Rajdhani,Kota,New Delhi,215.3,60.1,38.0,15.7,0.252,Clear,10,5,222.1
12860,Express,Solapur,Kalaburagi,150.8,62.4,0.5,11.8,0.164,Rain,6,0,163.3
12723,Express,Kazipet,Warangal,40.0,56.4,23.7,27.8,0.244,Fog,2,0,69.9
12259,Duronto,Sealdah,Asansol,191.2,75.7,-5.0,10.8,0.042,Clear,23,0,150.8
12259,Duronto,DDU,New Delhi,222.6,63.4,10.3,19.1,0.075,Clear,8,2,203.6
12951,Rajdhani,Surat,Vadodara,133.0,70.1,-3.6,3.8,0.026,Clear,2,1,109.3
12627,Express,Warangal,Secunderabad,134.2,52.6,6.0,11.1,0.521,Fog,9,3,209.6
12301,Rajdhani,Gaya,Howrah,230.9,78.2,26.4,20.9,0.433,Heavy Rain,10,3,213.4
12301,Rajdhani,Kanpur,Prayagraj,231.9,86.8,32.3,6.8,0.524,Clear,2,2,191.6
12627,Express,Gudur,Nellore,70.7,59.6,27.0,5.3,0.523,Fog,2,1,98.6
12951,Rajdhani,Mumbai,Surat,205.2,73.1,21.4,4.4,0.244,Clear,23,1,195.4
12951,Rajdhani,Kota,New Delhi,176.9,59.0,7.4,3.0,0.328,Rain,10,6,221.5
12627,Express,Gudur,Nellore,87.5,75.3,9.7,19.4,0.137,Clear,2,5,69.0
12860,Express,Wadi,Secunderabad,193.2,65.2,0.1,21.7,0.185,Clear,9,3,162.3
12259,Duronto,Gaya,DDU,267.9,85.5,8.8,9.4,0.216,Clear,6,6,179.6
12723,Express,Kazipet,Warangal,40.0,52.6,30.0,18.8,0.453,Rain,1,6,76.9
12259,Duronto,DDU,New Delhi,213.8,64.9,22.3,9.4,0.055,Fog,8,1,232.0
12860,Express,Pune,Solapur,241.8,78.0,32.0,11.1,0.476,Fog,2,1,207.3
12301,Rajdhani,Gaya,Howrah,196.2,79.0,13.7,1.0,0.115,Rain,10,2,180.5
12951,Rajdhani,Mumbai,Surat,231.2,75.3,18.0,16.0,0.467,Clear,23,1,197.9
12860,Express,Solapur,Kalaburagi,158.3,65.4,5.7,1.2,0.306,Clear,5,1,164.8
12723,Express,Warangal,Vijayawada,166.2,54.6,0.5,15.7,0.469,Heavy Rain,2,5,219.3
12259,Duronto,Gaya,DDU,238.7,80.3,10.3,11.4,0.325,Heavy Rain,6,3,177.4
12627,Express,Warangal,Secunderabad,156.5,54.9,13.9,9.9,0.226,Clear,9,2,198.1
12951,Rajdhani,Ratlam,Kota,202.6,67.3,23.3,1.2,0.267,Rain,8,2,206.2
12951,Rajdhani,Kota,New Delhi,263.1,69.0,31.8,0.0,0.651,Clear,11,6,224.5
12301,Rajdhani,Prayagraj,DDU,167.6,70.8,5.4,4.1,0.203,Clear,4,3,172.4
12723,Express,Hyderabad,Kazipet,138.0,60.9,15.1,22.1,0.23,Clear,0,3,151.6
12627,Express,Gudur,Nellore,61.3,60.4,4.6,17.5,0.224,Clear,2,5,76.8
12259,Duronto,DDU,New Delhi,236.0,75.5,15.3,0.0,0.13,Clear,9,0,220.4
12301,Rajdhani,New Delhi,Kanpur,188.6,64.5,-3.5,9.1,0.462,Clear,23,0,159.5
12860,Express,Pune,Solapur,174.9,65.8,23.6,0.0,0.436,Clear,3,0,195.7
12627,Express,Vijayawada,Warangal,195.4,64.6,1.1,0.7,0.399,Clear,6,0,185.5
12301,Rajdhani,New Delhi,Kanpur,199.8,79.0,4.3,0.0,0.504,Heavy Rain,23,4,177.9
12723,Express,Gudur,Chennai,225.2,67.2,-2.4,1.0,0.185,Clear,8,2,200.4
12723,Express,Warangal,Vijayawada,188.3,66.3,11.6,0.0,0.462,Rain,3,5,217.3
12627,Express,Warangal,Secunderabad,166.6,59.2,-5.0,10.7,0.157,Heavy Rain,9,1,199.5
12951,Rajdhani,Ratlam,Kota,217.3,67.4,22.4,14.5,0.526,Clear,7,4,204.4
12627,Express,Nellore,Vijayawada,165.1,54.5,20.4,14.7,0.382,Clear,3,5,211.7
12301,Rajdhani,New Delhi,Kanpur,146.8,64.6,9.1,4.8,0.07,Rain,23,3,173.7
12259,Duronto,DDU,New Delhi,246.0,72.3,2.1,6.2,0.21,Fog,9,5,221.7
12723,Express,Vijayawada,Gudur,184.5,62.6,7.7,34.4,0.272,Heavy Rain,5,3,227.6
12301,Rajdhani,New Delhi,Kanpur,222.9,76.0,5.6,7.3,0.49,Clear,1,1,173.6
12860,Express,Kalaburagi,Wadi,79.4,63.6,14.3,18.4,0.128,Clear,8,1,84.2
12301,Rajdhani,New Delhi,Kanpur,164.2,64.2,18.6,5.2,0.59,Rain,23,5,177.1
12723,Express,Vijayawada,Gudur,181.2,56.4,19.9,1.8,0.824,Clear,6,6,229.7
12301,Rajdhani,Gaya,Howrah,176.6,66.2,17.5,7.2,0.136,Heavy Rain,10,1,198.0
12860,Express,Pune,Solapur,186.7,66.8,14.0,19.1,0.582,Clear,2,6,205.9
12301,Rajdhani,Gaya,Howrah,210.6,73.4,16.6,17.1,0.098,Clear,10,4,179.5
12723,Express,Vijayawada,Gudur,170.2,53.1,17.3,13.8,0.386,Clear,6,6,222.2
12259,Duronto,DDU,New Delhi,250.3,69.6,30.1,4.7,0.24,Rain,9,0,224.5
12627,Express,Nellore,Vijayawada,198.1,60.9,9.9,18.7,0.484,Fog,4,0,196.0
12723,Express,Hyderabad,Kazipet,100.3,44.5,13.8,6.1,0.316,Fog,23,3,167.0
12860,Express,Kalaburagi,Wadi,93.4,61.6,28.4,13.5,0.028,Rain,8,1,98.1
12723,Express,Gudur,Chennai,213.6,73.1,2.7,0.0,0.117,Clear,9,1,202.8
12259,Duronto,DDU,New Delhi,229.9,69.9,11.4,15.3,0.106,Clear,9,0,214.1
12259,Duronto,DDU,New Delhi,216.7,63.0,14.6,2.0,0.28,Clear,9,1,200.6
12301,Rajdhani,Prayagraj,DDU,198.5,66.1,2.9,14.6,0.149,Clear,4,5,159.3
12259,Duronto,Sealdah,Asansol,154.3,67.6,5.8,14.5,0.304,Rain,23,1,174.2
12627,Express,Nellore,Vijayawada,211.8,62.0,2.6,9.8,0.37,Rain,2,0,196.3
12951,Rajdhani,Kota,New Delhi,274.1,83.1,18.4,8.8,0.222,Heavy Rain,10,6,234.7
12723,Express,Vijayawada,Gudur,177.8,64.3,25.7,12.4,0.351,Clear,6,4,199.7
12301,Rajdhani,Kanpur,Prayagraj,165.6,65.7,3.9,6.6,0.342,Clear,2,1,181.6
12259,Duronto,DDU,New Delhi,279.4,72.9,2.3,15.2,0.095,Heavy Rain,9,5,226.9
12860,Express,Solapur,Kalaburagi,135.5,63.1,0.8,22.1,0.273,Clear,5,2,164.6
12860,Express,Kalaburagi,Wadi,75.7,57.2,10.5,23.6,0.289,Clear,7,1,112.3
12627,Express,Nellore,Vijayawada,234.8,68.9,22.7,1.9,0.52,Clear,3,2,196.5
12259,Duronto,DDU,New Delhi,247.7,84.2,32.4,0.0,0.525,Clear,9,1,221.3
12627,Express,Nellore,Vijayawada,176.4,65.8,11.9,13.3,0.623,Fog,3,0,200.0
12301,Rajdhani,DDU,Gaya,171.7,74.1,-5.0,10.7,0.323,Clear,8,4,148.4
12723,Express,Vijayawada,Gudur,200.4,54.7,-5.0,0.0,0.235,Clear,6,2,200.4
12627,Express,Gudur,Nellore,73.0,64.7,-5.0,11.0,0.439,Clear,2,0,76.8
12627,Express,Chennai,Gudur,130.5,61.7,20.1,25.3,0.046,Clear,0,6,161.2
12951,Rajdhani,Surat,Vadodara,111.1,65.1,24.2,3.4,0.123,Heavy Rain,3,1,147.9
12951,Rajdhani,Mumbai,Surat,195.2,72.7,2.0,23.8,0.106,Clear,0,6,191.3
12860,Express,Mumbai,Pune,217.9,71.7,25.7,12.5,0.017,Clear,23,5,203.5
12259,Duronto,Gaya,DDU,201.8,67.0,13.7,18.2,0.296,Clear,5,3,179.5
12860,Express,Mumbai,Pune,161.9,53.7,13.0,16.7,0.128,Clear,0,1,209.7
12860,Express,Solapur,Kalaburagi,163.3,60.2,23.3,12.9,0.473,Clear,5,4,167.0
12259,Duronto,DDU,New Delhi,215.2,58.5,1.6,5.6,0.347,Clear,9,5,219.0
12259,Duronto,Dhanbad,Gaya,189.8,75.8,-4.3,10.2,0.372,Clear,5,1,152.5
12301,Rajdhani,Gaya,Howrah,204.3,74.3,10.9,12.6,0.244,Clear,10,1,184.4
12301,Rajdhani,Gaya,Howrah,180.8,65.9,15.2,18.8,0.099,Rain,10,0,190.5
12723,Express,Warangal,Vijayawada,179.8,58.8,16.8,21.4,0.451,Fog,2,3,233.5
12627,Express,Nellore,Vijayawada,194.6,61.0,1.6,4.3,0.527,Clear,3,5,193.7
12301,Rajdhani,Prayagraj,DDU,198.0,68.6,19.1,0.0,0.253,Clear,5,3,159.7
12860,Express,Mumbai,Pune,197.7,73.1,12.1,17.1,0.43,Rain,23,6,210.3
12259,Duronto,Dhanbad,Gaya,186.7,79.3,10.0,8.6,0.085,Rain,3,1,168.2
12723,Express,Vijayawada,Gudur,179.7,62.0,16.1,0.0,0.263,Rain,5,1,221.6
12259,Duronto,Asansol,Dhanbad,101.3,71.5,23.7,0.0,0.566,Fog,2,1,121.6
12259,Duronto,Asansol,Dhanbad,110.4,68.6,5.1,4.5,0.418,Rain,1,1,109.1
12723,Express,Hyderabad,Kazipet,181.9,75.0,-3.5,11.7,0.27,Clear,0,4,133.6
12627,Express,Warangal,Secunderabad,210.6,62.4,4.6,11.3,0.186,Clear,8,3,192.4
12627,Express,Vijayawada,Warangal,166.3,55.6,-0.7,13.2,0.426,Clear,7,2,209.0
12627,Express,Nellore,Vijayawada,168.0,58.0,8.2,8.0,0.33,Clear,3,6,207.8
12259,Duronto,Asansol,Dhanbad,99.7,59.6,5.4,15.7,0.26,Clear,2,4,103.1
12860,Express,Wadi,Secunderabad,145.4,61.4,10.8,20.8,0.338,Clear,10,3,176.8
12860,Express,Kalaburagi,Wadi,86.9,65.3,-5.0,5.3,0.228,Clear,9,5,80.7
12951,Rajdhani,Surat,Vadodara,117.8,62.1,-0.9,2.7,0.266,Rain,3,5,133.5
12951,Rajdhani,Vadodara,Ratlam,187.9,62.5,11.5,14.5,0.441,Clear,6,0,197.6
12627,Express,Gudur,Nellore,61.0,59.2,15.3,16.4,0.362,Clear,2,1,74.0
12723,Express,Kazipet,Warangal,40.0,61.4,4.8,10.3,0.315,Clear,2,5,42.3
12860,Express,Pune,Solapur,171.8,60.3,24.7,12.3,0.585,Clear,2,3,203.3
12627,Express,Nellore,Vijayawada,245.2,73.5,-2.9,9.0,0.237,Rain,3,5,186.7
12723,Express,Gudur,Chennai,206.6,62.7,18.1,0.0,0.513,Rain,9,1,223.3
12259,Duronto,Asansol,Dhanbad,102.1,59.1,14.7,9.6,0.278,Clear,2,4,120.0
12627,Express,Nellore,Vijayawada,163.6,51.6,-5.0,22.6,0.148,Rain,3,2,197.8
12627,Express,Nellore,Vijayawada,176.7,63.8,28.1,10.0,0.736,Rain,3,3,206.9
12860,Express,Wadi,Secunderabad,175.2,64.4,10.1,17.3,0.308,Heavy Rain,10,0,183.6
12951,Rajdhani,Vadodara,Ratlam,192.3,62.3,6.0,13.7,0.419,Clear,5,2,180.8
12860,Express,Mumbai,Pune,188.0,56.4,1.0,15.4,0.235,Clear,1,0,198.8
12627,Express,Chennai,Gudur,130.3,62.2,14.2,0.0,0.428,Clear,0,2,161.3
12951,Rajdhani,Kota,New Delhi,223.6,73.4,16.7,20.7,0.454,Clear,11,4,213.6
12259,Duronto,DDU,New Delhi,253.5,65.1,2.9,0.0,0.031,Clear,9,0,195.3
12259,Duronto,DDU,New Delhi,252.3,75.2,-5.0,17.4,0.314,Clear,9,4,215.7
12259,Duronto,Sealdah,Asansol,130.7,59.8,2.7,9.3,0.462,Clear,23,2,175.3
12951,Rajdhani,Kota,New Delhi,169.4,55.4,21.9,16.2,0.439,Clear,11,5,244.9
12951,Rajdhani,Surat,Vadodara,180.4,79.0,20.4,13.1,0.188,Clear,3,0,133.4
12860,Express,Wadi,Secunderabad,204.6,73.5,8.0,14.1,0.106,Clear,9,5,160.3
12259,Duronto,Gaya,DDU,208.0,66.3,-2.8,24.2,0.171,Fog,6,5,180.2
12860,Express,Mumbai,Pune,190.2,58.3,18.4,9.3,0.169,Clear,23,1,208.0
12259,Duronto,Asansol,Dhanbad,129.1,74.2,-5.0,14.7,0.297,Clear,2,2,111.7
12860,Express,Mumbai,Pune,178.4,64.0,20.4,11.1,0.289,Clear,0,0,213.0
12259,Duronto,Gaya,DDU,210.6,70.9,5.5,9.0,0.186,Clear,6,1,165.6
12723,Express,Warangal,Vijayawada,220.1,65.4,13.9,12.7,0.233,Rain,3,6,213.4
12860,Express,Solapur,Kalaburagi,203.1,71.8,22.0,0.0,0.143,Rain,7,1,163.1
12951,Rajdhani,Surat,Vadodara,132.8,66.9,22.6,14.9,0.167,Clear,3,0,136.4
12951,Rajdhani,Kota,New Delhi,275.5,73.4,17.6,6.7,0.159,Clear,10,5,209.7
12951,Rajdhani,Kota,New Delhi,235.7,63.8,5.4,18.9,0.099,Clear,10,3,215.0
12627,Express,Warangal,Secunderabad,193.3,61.1,11.1,14.8,0.339,Clear,9,4,191.9
12951,Rajdhani,Surat,Vadodara,116.4,54.2,16.7,18.1,0.351,Fog,2,0,159.3
12259,Duronto,Asansol,Dhanbad,89.2,61.0,23.6,2.2,0.37,Fog,2,4,122.5
12951,Rajdhani,Vadodara,Ratlam,225.8,72.6,-2.1,0.0,0.165,Clear,5,1,166.2
12259,Duronto,Gaya,DDU,215.6,76.1,25.4,4.2,0.385,Clear,6,6,185.9
12951,Rajdhani,Ratlam,Kota,150.8,57.6,10.6,21.5,0.266,Fog,7,2,204.6
12860,Express,Mumbai,Pune,147.7,49.6,-0.9,0.0,0.122,Clear,23,5,204.4
12723,Express,Gudur,Chennai,216.1,66.4,2.3,10.5,0.127,Clear,9,2,207.4
12301,Rajdhani,Gaya,Howrah,203.0,79.4,38.5,8.6,0.079,Clear,10,0,188.0
12951,Rajdhani,Ratlam,Kota,198.0,75.5,13.7,13.2,0.317,Clear,7,5,181.0
12301,Rajdhani,Kanpur,Prayagraj,213.1,74.8,15.3,11.2,0.187,Rain,2,0,181.6
12301,Rajdhani,Gaya,Howrah,160.9,62.3,2.3,10.5,0.353,Clear,10,2,182.2
12301,Rajdhani,Prayagraj,DDU,243.3,82.0,15.6,0.0,0.446,Clear,5,2,170.6
12860,Express,Solapur,Kalaburagi,169.7,64.6,-5.0,12.8,0.078,Clear,6,0,157.1
12723,Express,Gudur,Chennai,183.9,63.4,9.0,3.3,0.133,Clear,9,5,209.0
12301,Rajdhani,Prayagraj,DDU,197.9,65.3,11.6,0.0,0.626,Rain,5,4,174.2
12627,Express,Warangal,Secunderabad,190.3,67.6,10.8,7.9,0.214,Clear,8,1,188.1
12627,Express,Warangal,Secunderabad,171.5,52.9,20.7,17.6,0.232,Clear,8,4,206.2
12723,Express,Vijayawada,Gudur,207.8,63.3,16.6,15.9,0.379,Clear,5,1,210.4
12860,Express,Pune,Solapur,202.5,59.4,-3.4,0.0,0.525,Clear,2,6,185.2
12627,Express,Vijayawada,Warangal,184.5,61.2,0.3,4.4,0.252,Clear,6,6,189.4
12627,Express,Nellore,Vijayawada,140.5,51.0,6.8,13.3,0.195,Clear,3,4,199.3
12301,Rajdhani,DDU,Gaya,165.5,77.3,3.3,16.5,0.291,Clear,9,5,147.0
12723,Express,Gudur,Chennai,193.2,65.1,20.8,16.2,0.169,Clear,8,3,211.2
12951,Rajdhani,Ratlam,Kota,181.6,64.6,11.4,18.0,0.211,Rain,9,4,193.5
12860,Express,Pune,Solapur,160.5,55.3,-5.0,19.1,0.258,Clear,2,4,196.2
12627,Express,Chennai,Gudur,192.0,71.4,39.9,7.3,0.406,Heavy Rain,23,3,168.4
12951,Rajdhani,Mumbai,Surat,177.0,68.4,24.2,0.0,0.325,Clear,0,0,191.3
12723,Express,Kazipet,Warangal,40.0,63.5,11.4,2.8,0.173,Fog,2,0,64.8
12627,Express,Vijayawada,Warangal,229.5,72.8,43.7,11.2,0.235,Heavy Rain,6,0,204.2
12301,Rajdhani,Kanpur,Prayagraj,173.0,57.0,16.7,3.0,0.238,Clear,2,5,187.1
12627,Express,Vijayawada,Warangal,151.6,52.2,0.6,25.8,0.123,Clear,7,6,207.7
12723,Express,Hyderabad,Kazipet,158.8,68.3,20.1,0.7,0.228,Clear,0,5,141.2
12951,Rajdhani,Mumbai,Surat,200.4,63.1,-5.0,5.8,0.302,Clear,23,0,177.6
12301,Rajdhani,Kanpur,Prayagraj,199.1,75.2,1.1,13.7,0.292,Clear,2,6,181.5
12723,Express,Kazipet,Warangal,40.0,59.6,9.7,10.1,0.1,Clear,2,3,34.2
12951,Rajdhani,Mumbai,Surat,182.3,59.8,18.1,6.5,0.199,Clear,0,5,187.4
12627,Express,Warangal,Secunderabad,190.5,65.7,30.5,13.5,0.197,Clear,9,2,194.9
12951,Rajdhani,Vadodara,Ratlam,200.5,68.4,3.8,18.3,0.214,Clear,5,1,170.1
12951,Rajdhani,Mumbai,Surat,177.1,58.5,24.9,6.8,0.308,Clear,0,2,205.7
12723,Express,Warangal,Vijayawada,256.1,69.0,15.5,19.6,0.754,Clear,2,6,233.0
12627,Express,Gudur,Nellore,52.4,50.7,17.2,6.6,0.166,Clear,2,4,91.9
12951,Rajdhani,Mumbai,Surat,225.4,73.5,-5.0,0.0,0.13,Clear,23,1,184.5
12301,Rajdhani,Prayagraj,DDU,180.7,78.5,4.5,15.7,0.137,Clear,5,3,167.7
12723,Express,Gudur,Chennai,247.5,66.9,18.0,0.8,0.577,Fog,10,6,218.8
12723,Express,Gudur,Chennai,178.7,50.4,11.5,20.1,0.663,Clear,9,2,238.3
12951,Rajdhani,Surat,Vadodara,100.0,58.6,24.5,9.8,0.142,Rain,3,3,135.2
12951,Rajdhani,Mumbai,Surat,231.9,67.6,7.9,13.0,0.163,Rain,0,1,185.9
12723,Express,Kazipet,Warangal,40.0,59.4,-2.2,20.0,0.441,Clear,0,6,49.4
12951,Rajdhani,Vadodara,Ratlam,239.4,78.8,18.3,11.1,0.6,Clear,5,1,187.2
12860,Express,Pune,Solapur,154.7,55.1,29.8,10.8,0.383,Clear,2,5,215.6
12301,Rajdhani,New Delhi,Kanpur,175.8,71.7,24.3,13.3,0.599,Clear,22,3,185.1
12627,Express,Gudur,Nellore,54.2,52.4,18.5,12.2,0.221,Clear,2,3,92.6
12723,Express,Hyderabad,Kazipet,123.9,62.6,9.4,19.1,0.079,Clear,0,4,145.3
12627,Express,Chennai,Gudur,180.9,67.2,12.5,8.3,0.129,Clear,0,6,156.7
12259,Duronto,Gaya,DDU,176.3,60.7,-1.9,2.3,0.071,Clear,5,5,179.6
12951,Rajdhani,Vadodara,Ratlam,223.9,80.3,20.9,15.4,0.133,Clear,5,5,205.6
12627,Express,Nellore,Vijayawada,124.4,47.9,17.9,19.5,0.695,Fog,2,4,236.6
12723,Express,Hyderabad,Kazipet,115.9,49.9,27.2,15.1,0.124,Clear,23,1,159.2
12301,Rajdhani,New Delhi,Kanpur,229.0,83.9,5.3,20.9,0.087,Fog,0,2,168.2
12860,Express,Wadi,Secunderabad,170.5,68.1,11.9,4.7,0.265,Rain,10,1,179.2
12860,Express,Mumbai,Pune,172.5,60.3,-1.0,16.8,0.057,Heavy Rain,23,4,199.3
12860,Express,Pune,Solapur,203.7,66.9,-1.1,7.9,0.418,Rain,3,6,194.1
12951,Rajdhani,Vadodara,Ratlam,217.9,68.8,2.8,13.1,0.171,Clear,4,1,183.2
12301,Rajdhani,Kanpur,Prayagraj,163.8,68.3,-5.0,3.8,0.145,Fog,3,3,174.1
12259,Duronto,Sealdah,Asansol,191.2,82.5,24.2,14.1,0.652,Heavy Rain,0,0,185.7
12951,Rajdhani,Kota,New Delhi,247.9,69.9,-3.9,13.9,0.762,Clear,11,0,222.3
12259,Duronto,Dhanbad,Gaya,147.7,60.2,-5.0,17.6,0.098,Rain,4,6,155.9
12301,Rajdhani,DDU,Gaya,104.3,46.7,2.6,4.0,0.112,Clear,7,4,157.0
12301,Rajdhani,Prayagraj,DDU,161.8,58.4,21.4,0.0,0.416,Clear,4,1,182.0
12259,Duronto,Dhanbad,Gaya,167.3,68.2,2.3,9.3,0.068,Rain,3,4,152.3
12627,Express,Gudur,Nellore,60.0,48.8,3.9,4.0,0.226,Clear,2,0,96.0
12723,Express,Gudur,Chennai,233.3,72.1,33.3,29.0,0.158,Rain,8,1,215.2
12301,Rajdhani,New Delhi,Kanpur,231.0,77.8,20.0,4.3,0.19,Rain,0,3,170.3
12301,Rajdhani,Prayagraj,DDU,210.8,75.1,5.3,4.1,0.454,Rain,5,1,161.6
12723,Express,Kazipet,Warangal,40.7,65.3,38.5,20.2,0.078,Clear,2,4,64.9
12860,Express,Pune,Solapur,165.6,62.4,17.1,19.1,0.221,Fog,3,0,223.1
12301,Rajdhani,Kanpur,Prayagraj,239.7,78.5,14.6,7.1,0.155,Rain,3,6,178.9
12301,Rajdhani,Prayagraj,DDU,224.1,75.9,23.7,0.0,0.29,Clear,5,0,166.4
12723,Express,Gudur,Chennai,189.4,63.4,13.8,11.8,0.301,Clear,9,0,220.6
12723,Express,Hyderabad,Kazipet,125.1,59.7,17.8,23.2,0.255,Rain,0,4,155.8
12259,Duronto,Dhanbad,Gaya,156.1,72.1,20.1,21.8,0.195,Clear,3,4,165.4
12627,Express,Nellore,Vijayawada,170.0,51.9,20.3,0.0,0.132,Clear,4,5,196.6
12259,Duronto,Gaya,DDU,232.3,78.2,11.6,9.7,0.335,Clear,5,0,176.3
12951,Rajdhani,Kota,New Delhi,256.9,67.2,29.3,4.9,0.201,Rain,11,2,217.6
12860,Express,Solapur,Kalaburagi,133.9,47.8,3.6,12.9,0.349,Rain,6,0,174.4
12301,Rajdhani,Kanpur,Prayagraj,163.9,69.7,5.4,0.0,0.268,Clear,2,2,158.6
12723,Express,Gudur,Chennai,186.7,57.2,-4.3,10.9,0.229,Clear,9,3,205.6
12951,Rajdhani,Kota,New Delhi,229.8,76.5,19.9,10.2,0.099,Clear,11,0,203.5
12301,Rajdhani,Kanpur,Prayagraj,165.0,60.9,10.5,13.6,0.482,Rain,2,2,180.3
12860,Express,Solapur,Kalaburagi,216.4,77.7,-5.0,4.2,0.204,Clear,6,3,147.8
12860,Express,Pune,Solapur,122.0,36.7,15.5,0.0,0.341,Clear,3,3,219.5
12951,Rajdhani,Kota,New Delhi,215.6,73.3,15.8,14.5,0.314,Clear,10,0,217.8
12723,Express,Gudur,Chennai,185.7,49.7,11.3,0.9,0.275,Fog,9,1,223.6
12723,Express,Hyderabad,Kazipet,168.6,69.2,28.2,7.2,0.41,Clear,23,3,152.7
12723,Express,Hyderabad,Kazipet,110.8,48.8,-5.0,0.0,0.243,Clear,23,5,146.0
12627,Express,Nellore,Vijayawada,221.1,71.9,20.4,12.8,0.166,Heavy Rain,4,3,208.8
12259,Duronto,Dhanbad,Gaya,171.4,73.4,13.1,8.6,0.296,Clear,4,0,160.1
12627,Express,Chennai,Gudur,120.7,49.7,0.1,20.2,0.482,Heavy Rain,1,4,179.8
12723,Express,Vijayawada,Gudur,199.0,56.0,6.4,12.3,0.476,Fog,6,6,222.0
12627,Express,Warangal,Secunderabad,181.2,65.1,23.3,12.1,0.498,Rain,9,5,209.7
12259,Duronto,Asansol,Dhanbad,130.0,76.8,9.1,13.7,0.591,Clear,2,1,109.1
12860,Express,Mumbai,Pune,256.4,70.9,9.6,0.8,0.251,Clear,23,3,200.1
12951,Rajdhani,Kota,New Delhi,260.4,74.2,10.9,16.6,0.272,Clear,11,2,212.2
12723,Express,Vijayawada,Gudur,192.2,57.5,1.4,5.3,0.549,Clear,5,0,198.1
12723,Express,Hyderabad,Kazipet,107.5,54.0,27.5,19.0,0.173,Clear,23,4,172.5
12951,Rajdhani,Ratlam,Kota,171.3,64.0,40.2,16.4,0.391,Clear,7,2,219.0
12627,Express,Nellore,Vijayawada,218.1,69.6,14.9,11.6,0.065,Clear,3,3,192.9
12723,Express,Warangal,Vijayawada,127.6,44.5,13.3,4.0,0.492,Fog,3,2,235.3
12723,Express,Warangal,Vijayawada,173.8,58.6,15.1,8.7,0.543,Clear,2,5,211.3
12723,Express,Gudur,Chennai,195.2,54.5,0.7,4.8,0.05,Clear,9,1,197.3
12723,Express,Hyderabad,Kazipet,179.1,74.2,9.4,11.1,0.014,Fog,23,6,143.1
12259,Duronto,Dhanbad,Gaya,204.5,79.5,21.6,16.3,0.339,Clear,4,3,168.0
12723,Express,Hyderabad,Kazipet,138.7,69.2,11.4,0.0,0.588,Clear,0,0,141.8
12259,Duronto,Gaya,DDU,140.5,55.5,-5.0,11.6,0.346,Clear,6,2,198.2
12627,Express,Vijayawada,Warangal,198.5,61.2,9.4,0.5,0.156,Clear,6,5,195.3
12627,Express,Nellore,Vijayawada,164.0,58.2,21.8,18.5,0.57,Clear,3,2,207.0
12860,Express,Solapur,Kalaburagi,137.6,52.2,-4.5,12.0,0.286,Rain,6,1,176.3
12951,Rajdhani,Vadodara,Ratlam,161.8,62.4,17.1,6.4,0.38,Clear,4,4,181.8
12259,Duronto,Gaya,DDU,238.1,77.3,25.2,13.1,0.068,Clear,7,6,173.6
12627,Express,Nellore,Vijayawada,165.4,61.4,-2.1,0.0,0.489,Clear,3,2,187.3
12627,Express,Chennai,Gudur,130.4,62.1,10.7,8.3,0.416,Clear,23,5,156.1
12627,Express,Vijayawada,Warangal,173.8,63.7,0.1,2.1,0.301,Clear,6,5,192.4
12723,Express,Gudur,Chennai,191.9,63.3,21.2,14.1,0.479,Rain,9,5,211.9
12860,Express,Wadi,Secunderabad,183.1,76.3,7.0,20.8,0.215,Heavy Rain,9,4,181.9
12951,Rajdhani,Kota,New Delhi,241.2,72.0,20.7,7.0,0.345,Clear,10,5,218.1
12627,Express,Gudur,Nellore,78.6,64.0,15.9,20.1,0.124,Rain,2,3,94.1
12259,Duronto,Dhanbad,Gaya,175.5,74.5,14.6,13.8,0.284,Fog,3,3,157.6
12627,Express,Chennai,Gudur,130.1,53.8,21.5,13.9,0.156,Clear,23,3,170.6
12723,Express,Hyderabad,Kazipet,115.1,62.2,10.2,12.0,0.165,Rain,0,2,148.1
12723,Express,Hyderabad,Kazipet,128.2,60.3,9.1,8.8,0.085,Clear,23,5,138.8
12301,Rajdhani,DDU,Gaya,133.1,62.3,3.0,4.8,0.053,Rain,8,4,145.1
12259,Duronto,Dhanbad,Gaya,192.7,79.3,25.7,0.0,0.687,Clear,4,4,169.1
12301,Rajdhani,DDU,Gaya,140.0,65.9,2.4,0.0,0.156,Clear,7,0,144.5
12259,Duronto,Gaya,DDU,184.6,63.9,22.2,14.0,0.641,Clear,5,6,187.0
12301,Rajdhani,Kanpur,Prayagraj,204.0,74.4,34.9,18.7,0.549,Clear,2,2,192.1
12259,Duronto,Sealdah,Asansol,151.4,62.0,29.6,0.0,0.427,Clear,23,4,166.8
12723,Express,Gudur,Chennai,151.8,53.3,-5.0,18.2,0.334,Clear,8,2,218.6
12951,Rajdhani,Mumbai,Surat,223.7,75.6,8.8,5.2,0.275,Fog,23,5,188.8
12301,Rajdhani,New Delhi,Kanpur,137.9,62.3,-5.0,3.8,0.344,Fog,23,5,181.8
12301,Rajdhani,New Delhi,Kanpur,160.7,59.4,-3.0,6.6,0.262,Clear,23,5,169.3
12259,Duronto,Asansol,Dhanbad,109.4,77.1,19.1,0.8,0.424,Clear,3,3,107.7
12301,Rajdhani,Prayagraj,DDU,188.0,72.5,19.0,0.0,0.058,Clear,5,2,166.8
12723,Express,Hyderabad,Kazipet,149.6,69.7,18.7,13.0,0.272,Clear,0,4,146.1
12951,Rajdhani,Vadodara,Ratlam,204.9,76.8,20.5,23.2,0.407,Rain,5,6,195.3
12301,Rajdhani,Gaya,Howrah,170.9,66.7,27.2,0.0,0.418,Clear,9,6,188.4
12259,Duronto,Asansol,Dhanbad,122.9,72.1,-5.0,8.4,0.084,Clear,2,4,100.0
12627,Express,Nellore,Vijayawada,228.5,79.0,-5.0,0.0,0.393,Clear,3,1,186.0
12627,Express,Vijayawada,Warangal,118.2,44.5,26.1,0.0,0.422,Heavy Rain,6,1,228.0
12951,Rajdhani,Mumbai,Surat,199.4,65.2,22.7,1.9,0.387,Fog,23,0,203.2
12259,Duronto,Gaya,DDU,257.3,82.2,23.1,13.7,0.215,Clear,6,6,174.5
12301,Rajdhani,Gaya,Howrah,218.2,81.1,25.8,5.0,0.077,Clear,10,3,186.2
12259,Duronto,DDU,New Delhi,234.9,71.6,8.2,7.5,0.158,Clear,9,6,212.2
12301,Rajdhani,Prayagraj,DDU,199.4,70.8,4.4,8.3,0.1,Clear,5,5,158.3
12860,Express,Kalaburagi,Wadi,62.9,53.6,14.5,13.1,0.319,Clear,8,6,105.4
12259,Duronto,Dhanbad,Gaya,199.3,76.7,9.1,23.3,0.249,Rain,4,4,165.7
12951,Rajdhani,Mumbai,Surat,262.7,80.0,35.6,0.0,0.462,Clear,1,1,206.1
12723,Express,Warangal,Vijayawada,161.8,52.1,-5.0,8.7,0.259,Clear,3,2,208.8
12259,Duronto,Gaya,DDU,183.4,72.4,28.7,0.0,0.211,Clear,7,2,166.5
12723,Express,Hyderabad,Kazipet,151.3,65.6,13.3,0.0,0.321,Clear,1,2,141.7
12723,Express,Gudur,Chennai,173.6,47.1,20.5,8.2,0.089,Clear,9,3,212.5
12723,Express,Hyderabad,Kazipet,142.9,57.8,16.9,20.3,0.063,Rain,0,1,146.3
12259,Duronto,Gaya,DDU,210.0,79.7,2.0,3.3,0.511,Clear,6,5,179.1
12627,Express,Gudur,Nellore,48.0,51.2,7.8,21.1,0.335,Clear,2,1,90.9
12301,Rajdhani,New Delhi,Kanpur,142.4,59.7,1.1,24.0,0.778,Fog,0,1,183.3
12723,Express,Hyderabad,Kazipet,158.1,68.5,27.6,4.6,0.241,Rain,0,5,154.2
12259,Duronto,Sealdah,Asansol,174.5,71.5,16.2,3.7,0.442,Rain,0,1,162.9
12860,Express,Kalaburagi,Wadi,90.3,72.0,15.1,0.0,0.412,Clear,9,5,89.7
12723,Express,Gudur,Chennai,240.2,71.0,31.2,14.9,0.177,Clear,9,3,212.4
12627,Express,Vijayawada,Warangal,202.6,77.0,17.7,11.1,0.393,Heavy Rain,6,3,212.8
12259,Duronto,Dhanbad,Gaya,171.2,69.7,22.3,16.4,0.66,Rain,4,1,163.7
12951,Rajdhani,Kota,New Delhi,172.2,48.5,12.0,5.8,0.117,Clear,11,0,220.0
12723,Express,Vijayawada,Gudur,199.6,57.9,-5.0,9.7,0.367,Clear,6,0,200.0
12259,Duronto,Asansol,Dhanbad,119.4,73.9,2.7,9.5,0.503,Clear,2,5,117.5
12259,Duronto,DDU,New Delhi,310.6,82.4,16.7,21.1,0.136,Clear,9,0,211.8
12951,Rajdhani,Ratlam,Kota,207.7,71.5,14.1,3.7,0.172,Heavy Rain,8,4,204.9
12723,Express,Hyderabad,Kazipet,111.4,50.5,19.9,4.3,0.133,Clear,0,0,157.2
12301,Rajdhani,Kanpur,Prayagraj,175.4,70.3,27.3,0.0,0.472,Clear,2,4,178.2
12951,Rajdhani,Mumbai,Surat,226.4,74.3,21.9,4.8,0.139,Clear,0,4,198.4
12259,Duronto,DDU,New Delhi,258.5,66.9,29.0,11.8,0.539,Rain,9,0,226.1
12627,Express,Gudur,Nellore,60.8,52.6,7.8,20.5,0.425,Clear,3,1,98.1
12301,Rajdhani,Prayagraj,DDU,222.3,74.9,1.1,13.6,0.254,Clear,5,0,162.3
12259,Duronto,Asansol,Dhanbad,114.4,68.7,-2.4,13.6,0.126,Heavy Rain,2,5,101.4
12723,Express,Kazipet,Warangal,42.8,64.4,31.1,7.6,0.125,Clear,3,0,55.7
12301,Rajdhani,New Delhi,Kanpur,210.4,74.8,13.9,27.6,0.277,Clear,23,3,172.1
12723,Express,Hyderabad,Kazipet,112.6,59.2,22.0,12.4,0.365,Clear,0,0,148.5
12301,Rajdhani,Gaya,Howrah,192.6,61.7,20.3,11.8,0.038,Rain,9,5,170.3
12259,Duronto,DDU,New Delhi,182.6,61.5,11.4,17.4,0.123,Fog,8,3,230.2
12259,Duronto,DDU,New Delhi,211.4,66.1,6.5,5.2,0.562,Clear,9,3,219.6
12259,Duronto,Dhanbad,Gaya,130.8,60.5,25.7,6.1,0.358,Clear,5,0,163.1
12301,Rajdhani,Kanpur,Prayagraj,163.1,69.9,5.2,24.5,0.008,Clear,2,5,167.3
12951,Rajdhani,Mumbai,Surat,180.2,57.1,8.6,15.0,0.195,Clear,22,6,205.2
12301,Rajdhani,New Delhi,Kanpur,170.4,72.2,12.0,10.9,0.344,Fog,0,1,170.4
12723,Express,Warangal,Vijayawada,168.1,55.5,14.3,9.0,0.121,Clear,2,3,224.0
12627,Express,Gudur,Nellore,67.9,58.0,20.7,13.2,0.366,Clear,2,0,87.2
12723,Express,Kazipet,Warangal,43.2,68.2,6.8,9.9,0.192,Clear,3,1,52.7
12259,Duronto,Sealdah,Asansol,220.1,80.3,24.8,11.3,0.219,Clear,23,2,160.8
12723,Express,Warangal,Vijayawada,221.4,71.4,20.9,10.4,0.265,Clear,2,3,218.0
12951,Rajdhani,Surat,Vadodara,150.5,66.4,-3.1,0.0,0.022,Clear,3,3,118.9
12627,Express,Nellore,Vijayawada,173.7,62.3,-5.0,12.7,0.139,Clear,3,1,190.3
12259,Duronto,Asansol,Dhanbad,120.3,70.0,17.9,18.3,0.14,Rain,2,2,102.8
12951,Rajdhani,Kota,New Delhi,190.9,59.1,41.0,7.1,0.59,Clear,11,3,220.1
12301,Rajdhani,New Delhi,Kanpur,156.1,68.6,-0.6,9.7,0.32,Clear,0,5,167.7
12627,Express,Chennai,Gudur,131.1,55.0,18.8,21.3,0.25,Clear,0,0,176.4
12951,Rajdhani,Kota,New Delhi,231.5,65.1,-4.4,17.9,0.198,Clear,11,5,210.1
12627,Express,Gudur,Nellore,74.9,61.0,18.1,9.4,0.109,Clear,2,5,75.4
12723,Express,Warangal,Vijayawada,177.7,57.5,23.4,13.6,0.322,Clear,1,5,204.6
12301,Rajdhani,Prayagraj,DDU,141.5,58.1,24.3,0.0,0.346,Clear,5,3,181.1
12951,Rajdhani,Ratlam,Kota,218.7,73.9,12.3,20.9,0.23,Fog,6,2,202.8
12259,Duronto,DDU,New Delhi,293.2,82.0,4.0,11.4,0.135,Fog,9,4,215.1
12723,Express,Kazipet,Warangal,40.0,66.4,25.4,11.0,0.251,Clear,3,0,58.1
12860,Express,Kalaburagi,Wadi,68.3,57.8,3.4,0.0,0.286,Clear,8,1,88.9
12259,Duronto,DDU,New Delhi,264.1,76.1,36.4,16.6,0.251,Clear,9,6,231.5
12627,Express,Warangal,Secunderabad,174.4,65.5,-4.9,7.8,0.189,Clear,9,2,184.4
12860,Express,Mumbai,Pune,182.8,63.9,21.6,4.8,0.187,Clear,0,1,202.9
12301,Rajdhani,Gaya,Howrah,212.8,75.3,26.7,0.0,0.291,Clear,9,0,189.3
12951,Rajdhani,Surat,Vadodara,143.3,76.7,-3.0,5.0,0.098,Clear,2,1,114.0
12860,Express,Mumbai,Pune,218.9,63.8,15.3,7.0,0.503,Clear,0,5,205.8
12951,Rajdhani,Kota,New Delhi,351.9,93.2,24.8,16.4,0.282,Clear,10,6,231.1
12627,Express,Chennai,Gudur,138.5,60.8,9.3,6.2,0.277,Clear,23,2,159.8
12627,Express,Warangal,Secunderabad,125.0,46.1,20.1,8.9,0.458,Fog,9,3,222.3
12860,Express,Wadi,Secunderabad,169.0,67.0,28.8,14.6,0.203,Rain,10,0,161.1
12723,Express,Hyderabad,Kazipet,149.6,70.3,16.9,17.0,0.273,Clear,23,6,139.0
12860,Express,Kalaburagi,Wadi,67.0,48.4,6.1,19.7,0.061,Clear,9,3,106.6
12301,Rajdhani,Prayagraj,DDU,226.3,75.5,6.9,0.0,0.302,Clear,6,1,166.9
12301,Rajdhani,New Delhi,Kanpur,180.8,61.8,1.9,8.8,0.116,Clear,0,3,163.2
12723,Express,Vijayawada,Gudur,146.8,50.3,27.0,5.4,0.12,Fog,6,5,226.7
12723,Express,Hyderabad,Kazipet,126.2,60.8,13.0,28.0,0.53,Clear,23,3,151.9
12951,Rajdhani,Kota,New Delhi,223.2,63.1,28.0,9.1,0.135,Heavy Rain,10,0,226.0
12860,Express,Solapur,Kalaburagi,132.3,58.3,24.7,6.1,0.302,Heavy Rain,7,1,181.0
12627,Express,Gudur,Nellore,52.2,47.7,-3.1,27.2,0.115,Clear,2,3,94.5
12627,Express,Chennai,Gudur,147.7,58.3,10.5,0.0,0.176,Clear,0,0,163.1
12723,Express,Vijayawada,Gudur,239.6,73.7,18.4,13.4,0.325,Clear,5,2,212.2
12860,Express,Solapur,Kalaburagi,178.8,66.7,16.7,10.0,0.184,Clear,6,5,152.8
12301,Rajdhani,Prayagraj,DDU,205.2,73.3,7.6,11.6,0.201,Fog,4,4,181.1
12951,Rajdhani,Surat,Vadodara,170.0,76.2,-5.0,0.0,0.04,Fog,3,6,134.6
12301,Rajdhani,DDU,Gaya,148.3,68.2,12.1,23.9,0.156,Rain,8,1,161.4
12723,Express,Gudur,Chennai,188.5,61.7,6.4,14.2,0.09,Rain,9,5,207.4
12951,Rajdhani,Kota,New Delhi,233.7,75.8,19.5,26.5,0.42,Rain,11,0,227.1
12259,Duronto,DDU,New Delhi,241.2,68.8,35.2,0.0,0.228,Clear,9,2,221.8
12301,Rajdhani,Prayagraj,DDU,192.5,71.1,28.6,0.0,0.239,Clear,4,3,174.2
12627,Express,Vijayawada,Warangal,176.8,64.5,24.1,14.2,0.468,Rain,5,4,208.1
12951,Rajdhani,Surat,Vadodara,183.1,82.0,6.1,18.4,0.293,Clear,2,6,136.6
12259,Duronto,Sealdah,Asansol,145.4,64.9,24.6,14.8,0.248,Clear,0,1,159.5
12723,Express,Vijayawada,Gudur,199.3,66.0,12.0,6.1,0.389,Fog,6,0,209.2
12723,Express,Hyderabad,Kazipet,142.2,67.3,20.2,22.1,0.506,Clear,0,0,169.1
12627,Express,Chennai,Gudur,162.3,67.7,21.0,6.0,0.412,Fog,0,3,169.4
12627,Express,Chennai,Gudur,156.1,69.2,20.4,0.0,0.526,Clear,0,0,162.9
12951,Rajdhani,Vadodara,Ratlam,203.3,63.3,14.9,22.6,0.437,Clear,4,6,176.5
12301,Rajdhani,Kanpur,Prayagraj,148.9,61.9,12.2,1.1,0.319,Clear,2,1,170.8
12627,Express,Nellore,Vijayawada,165.8,55.2,24.5,11.3,0.551,Clear,3,0,210.6
12259,Duronto,Asansol,Dhanbad,102.6,65.7,20.4,6.6,0.357,Fog,1,4,118.2
12259,Duronto,Gaya,DDU,177.0,67.2,14.9,14.0,0.524,Clear,6,4,192.6
12951,Rajdhani,Ratlam,Kota,219.1,70.8,1.7,15.7,0.363,Clear,7,1,185.4
12301,Rajdhani,Kanpur,Prayagraj,187.4,78.8,17.5,12.9,0.279,Clear,3,6,181.8
12259,Duronto,Dhanbad,Gaya,195.5,72.5,10.6,2.8,0.222,Fog,3,6,152.4
12723,Express,Hyderabad,Kazipet,145.4,68.5,0.9,20.1,0.109,Clear,23,2,129.8
12627,Express,Gudur,Nellore,61.1,61.0,18.0,8.6,0.22,Fog,1,0,83.8
12301,Rajdhani,Prayagraj,DDU,164.2,69.9,30.6,10.6,0.273,Clear,5,1,170.2
12259,Duronto,Sealdah,Asansol,181.8,74.4,10.3,0.5,0.221,Fog,23,3,170.1
12860,Express,Wadi,Secunderabad,164.6,71.3,19.2,7.8,0.297,Clear,10,0,166.0
12951,Rajdhani,Surat,Vadodara,140.7,70.4,0.5,24.3,0.042,Clear,3,1,121.9
12723,Express,Vijayawada,Gudur,205.9,63.7,15.3,19.3,0.27,Rain,5,1,220.6
12860,Express,Wadi,Secunderabad,159.2,56.9,13.6,6.4,0.205,Clear,10,3,185.8
12259,Duronto,Asansol,Dhanbad,100.0,72.8,19.1,15.8,0.394,Rain,2,5,117.9
12723,Express,Gudur,Chennai,205.1,58.1,8.1,19.5,0.271,Clear,9,5,206.4
12259,Duronto,Asansol,Dhanbad,112.2,63.2,12.7,17.5,0.601,Clear,2,0,126.9
12301,Rajdhani,Gaya,Howrah,185.8,67.4,19.8,2.4,0.489,Clear,9,3,185.8
12723,Express,Warangal,Vijayawada,208.3,63.3,4.8,0.5,0.375,Rain,2,0,209.8
12860,Express,Wadi,Secunderabad,158.0,55.5,29.3,0.0,0.297,Clear,10,6,189.3
12860,Express,Kalaburagi,Wadi,82.8,72.2,15.1,14.6,0.402,Clear,8,6,97.5
12860,Express,Kalaburagi,Wadi,80.0,57.7,21.0,3.5,0.293,Heavy Rain,7,5,109.2
12301,Rajdhani,Prayagraj,DDU,254.8,89.6,19.4,3.7,0.131,Clear,5,2,177.0
12259,Duronto,Gaya,DDU,199.5,67.7,15.4,3.6,0.073,Heavy Rain,7,3,184.0
12301,Rajdhani,Gaya,Howrah,187.8,75.4,17.9,10.9,0.289,Clear,10,0,181.2
12860,Express,Mumbai,Pune,168.8,50.3,16.9,13.9,0.335,Rain,23,0,223.3
12627,Express,Warangal,Secunderabad,236.6,80.5,19.3,3.4,0.12,Clear,9,0,190.7
12723,Express,Vijayawada,Gudur,189.7,61.3,3.9,29.8,0.36,Fog,5,6,212.4
12951,Rajdhani,Kota,New Delhi,245.2,67.2,13.8,1.0,0.372,Rain,10,3,233.1
12627,Express,Nellore,Vijayawada,161.3,49.5,14.8,23.6,0.149,Clear,3,5,212.7
12301,Rajdhani,Prayagraj,DDU,193.6,73.0,8.5,22.9,0.271,Clear,4,6,178.4
12951,Rajdhani,Ratlam,Kota,222.9,78.3,32.0,5.2,0.295,Rain,7,6,205.8
12723,Express,Warangal,Vijayawada,187.5,55.5,38.7,6.9,0.482,Clear,2,4,231.0
12259,Duronto,DDU,New Delhi,241.8,65.8,-5.0,22.6,0.241,Clear,9,4,208.1
12723,Express,Vijayawada,Gudur,212.8,60.2,5.9,12.1,0.311,Rain,4,0,205.0
12860,Express,Mumbai,Pune,171.1,55.5,9.7,14.4,0.069,Clear,0,6,214.9
12860,Express,Solapur,Kalaburagi,148.9,58.0,4.6,10.3,0.231,Clear,6,0,164.9
12723,Express,Warangal,Vijayawada,221.3,60.2,-5.0,17.0,0.224,Clear,2,0,201.9
12723,Express,Gudur,Chennai,198.2,68.6,15.0,10.0,0.345,Clear,9,0,215.0
12627,Express,Chennai,Gudur,161.2,65.3,-5.0,9.1,0.05,Clear,23,6,141.6
12301,Rajdhani,Gaya,Howrah,254.8,78.8,2.0,15.7,0.258,Fog,9,1,179.0
12860,Express,Kalaburagi,Wadi,70.9,59.9,13.9,10.4,0.163,Rain,8,6,104.3
12723,Express,Gudur,Chennai,194.5,56.9,5.0,1.1,0.325,Clear,8,1,213.1
12723,Express,Hyderabad,Kazipet,109.3,58.0,24.3,9.5,0.247,Clear,23,3,151.6
12259,Duronto,Dhanbad,Gaya,133.5,63.0,12.9,14.0,0.357,Clear,3,2,161.9
12951,Rajdhani,Mumbai,Surat,225.2,83.8,7.4,21.7,0.089,Clear,0,0,188.8
12951,Rajdhani,Kota,New Delhi,238.6,66.4,-3.5,23.6,0.606,Clear,11,5,225.6
12259,Duronto,Sealdah,Asansol,170.1,78.7,8.1,10.8,0.236,Clear,0,4,160.8
12723,Express,Hyderabad,Kazipet,124.7,53.5,25.6,20.1,0.049,Rain,23,1,158.0
12951,Rajdhani,Mumbai,Surat,273.2,81.7,-2.6,13.1,0.201,Clear,1,1,186.0
12860,Express,Solapur,Kalaburagi,208.7,79.5,23.0,14.1,0.145,Rain,6,6,177.4
12259,Duronto,Dhanbad,Gaya,180.9,87.0,-5.0,18.1,0.258,Fog,4,6,161.3
12860,Express,Kalaburagi,Wadi,104.3,77.4,15.3,0.0,0.341,Heavy Rain,8,4,106.2
12301,Rajdhani,Prayagraj,DDU,216.8,81.5,13.5,17.6,0.399,Clear,5,2,179.2
12259,Duronto,Dhanbad,Gaya,185.8,71.8,6.2,1.1,0.439,Fog,4,4,158.2
12951,Rajdhani,Vadodara,Ratlam,209.3,85.6,23.3,0.0,0.399,Rain,5,5,186.4
12301,Rajdhani,Kanpur,Prayagraj,176.8,71.2,-2.7,15.8,0.12,Clear,2,4,162.4
12860,Express,Pune,Solapur,187.3,72.3,17.9,3.2,0.209,Clear,3,0,182.9
12723,Express,Hyderabad,Kazipet,141.3,59.9,-3.7,25.3,0.17,Rain,0,3,154.9
12951,Rajdhani,Kota,New Delhi,216.0,67.9,28.7,13.6,0.341,Clear,10,2,209.9
12627,Express,Chennai,Gudur,165.9,67.7,12.6,13.6,0.495,Fog,0,0,161.3
12723,Express,Gudur,Chennai,230.4,72.5,32.4,20.7,0.488,Clear,9,3,214.5
12259,Duronto,Sealdah,Asansol,172.2,70.1,11.3,3.9,0.239,Clear,23,1,154.1
12627,Express,Warangal,Secunderabad,192.7,69.2,4.1,1.0,0.021,Clear,10,6,181.4
12951,Rajdhani,Surat,Vadodara,157.6,73.1,1.9,17.5,0.143,Heavy Rain,2,3,145.7
12259,Duronto,Asansol,Dhanbad,130.6,76.3,6.3,0.0,0.1,Rain,2,3,112.2
12259,Duronto,Sealdah,Asansol,140.1,62.5,5.2,7.7,0.338,Clear,0,5,164.5
12627,Express,Warangal,Secunderabad,226.3,68.3,10.5,17.0,0.308,Clear,9,3,209.9
12301,Rajdhani,Prayagraj,DDU,174.1,68.4,23.4,13.9,0.4,Clear,5,0,171.8
12627,Express,Vijayawada,Warangal,212.0,64.4,16.7,17.1,0.327,Rain,7,3,202.3
12301,Rajdhani,Kanpur,Prayagraj,164.9,62.0,1.8,3.7,0.451,Clear,2,6,162.1
12723,Express,Gudur,Chennai,194.6,59.3,12.7,16.3,0.573,Clear,9,1,222.0
12951,Rajdhani,Mumbai,Surat,227.3,67.5,38.0,0.0,0.234,Fog,23,3,200.6
12860,Express,Pune,Solapur,233.6,74.3,7.3,25.7,0.457,Clear,2,3,192.2
12860,Express,Mumbai,Pune,199.0,68.0,14.6,9.6,0.169,Clear,23,5,204.4
12860,Express,Mumbai,Pune,179.9,58.4,12.3,14.3,0.306,Clear,23,4,206.3
12259,Duronto,DDU,New Delhi,226.6,74.5,24.7,1.8,0.112,Rain,8,6,222.4
12259,Duronto,Gaya,DDU,214.3,81.8,3.9,10.1,0.19,Clear,6,0,166.9
12860,Express,Pune,Solapur,185.7,66.0,12.8,23.7,0.096,Clear,3,1,198.1
12301,Rajdhani,DDU,Gaya,146.7,72.9,-5.0,6.8,0.119,Heavy Rain,8,2,159.9
12951,Rajdhani,Kota,New Delhi,243.9,79.2,7.1,10.1,0.128,Fog,11,3,212.5
12301,Rajdhani,Prayagraj,DDU,199.5,77.7,23.4,16.8,0.299,Clear,4,5,175.9
12860,Express,Mumbai,Pune,157.8,47.6,0.1,0.5,0.2,Clear,23,1,196.4
12301,Rajdhani,New Delhi,Kanpur,216.6,85.5,18.3,0.0,0.319,Clear,0,2,161.6
12723,Express,Gudur,Chennai,201.6,61.3,10.5,0.9,0.038,Clear,9,3,202.8
12627,Express,Chennai,Gudur,145.6,59.9,19.0,6.9,0.124,Fog,23,4,159.3
12627,Express,Gudur,Nellore,60.9,55.3,15.5,3.5,0.067,Rain,2,0,82.9
12723,Express,Kazipet,Warangal,40.0,60.1,-1.3,10.8,0.46,Heavy Rain,2,3,61.0
12860,Express,Pune,Solapur,176.2,60.8,2.5,17.6,0.307,Clear,3,6,197.0
12951,Rajdhani,Surat,Vadodara,132.0,63.4,9.8,8.0,0.343,Clear,3,3,136.1
12259,Duronto,Gaya,DDU,187.5,78.0,2.8,7.1,0.164,Rain,6,4,171.4
12951,Rajdhani,Ratlam,Kota,174.6,63.2,29.5,0.0,0.461,Rain,7,2,210.2
12860,Express,Kalaburagi,Wadi,89.5,59.8,1.6,6.3,0.127,Clear,8,2,93.4
12259,Duronto,Dhanbad,Gaya,129.2,57.7,17.6,4.8,0.22,Clear,4,0,166.6
12301,Rajdhani,DDU,Gaya,196.4,84.7,10.0,23.0,0.096,Rain,8,3,144.8
12627,Express,Gudur,Nellore,72.3,62.7,12.8,9.1,0.128,Rain,1,1,82.4
12301,Rajdhani,DDU,Gaya,166.8,78.2,14.5,16.9,0.424,Clear,7,2,161.2
12301,Rajdhani,Prayagraj,DDU,226.9,75.3,12.5,7.5,0.037,Clear,5,6,157.7
12627,Express,Gudur,Nellore,67.8,66.2,17.5,1.6,0.087,Clear,2,5,85.7
12723,Express,Kazipet,Warangal,40.0,42.9,9.6,1.7,0.204,Clear,2,4,67.7
12860,Express,Mumbai,Pune,172.3,48.7,4.7,5.6,0.244,Fog,23,2,219.2
12627,Express,Nellore,Vijayawada,149.9,52.5,21.1,24.9,0.291,Clear,3,0,199.7
12951,Rajdhani,Mumbai,Surat,260.1,78.0,19.7,8.2,0.198,Clear,23,4,204.6
12860,Express,Mumbai,Pune,234.5,75.6,5.9,17.5,0.461,Rain,23,4,205.7
12627,Express,Gudur,Nellore,84.8,71.0,-2.8,12.8,0.531,Clear,2,5,84.1
12627,Express,Vijayawada,Warangal,162.5,47.6,4.6,13.5,0.355,Clear,5,6,208.0
12860,Express,Solapur,Kalaburagi,123.4,57.7,13.1,11.5,0.109,Clear,6,1,154.7
12259,Duronto,DDU,New Delhi,275.8,83.9,21.1,8.0,0.2,Heavy Rain,8,2,231.5
12259,Duronto,Asansol,Dhanbad,127.7,70.7,4.7,8.3,0.125,Rain,2,6,112.5
12860,Express,Solapur,Kalaburagi,201.9,71.9,-0.7,0.0,0.314,Clear,6,5,151.8
12951,Rajdhani,Mumbai,Surat,211.1,73.7,7.8,32.6,0.072,Clear,22,5,196.4
12627,Express,Warangal,Secunderabad,212.1,78.3,7.1,17.1,0.708,Rain,9,3,209.6
12723,Express,Hyderabad,Kazipet,117.9,53.3,2.5,13.6,0.076,Clear,0,0,151.4
12259,Duronto,Dhanbad,Gaya,146.6,71.3,9.0,14.7,0.179,Clear,3,5,160.3
12259,Duronto,Dhanbad,Gaya,151.5,66.0,22.9,21.3,0.308,Clear,4,5,171.7
12259,Duronto,Asansol,Dhanbad,96.2,69.6,-5.0,20.2,0.301,Clear,2,3,98.6
12723,Express,Warangal,Vijayawada,182.0,64.7,11.9,8.3,0.447,Clear,3,2,210.6
12627,Express,Warangal,Secunderabad,167.4,63.1,11.2,16.9,0.604,Clear,9,2,205.1
12723,Express,Vijayawada,Gudur,276.3,75.5,11.8,0.0,0.378,Clear,6,4,206.6
12301,Rajdhani,Prayagraj,DDU,208.2,68.7,16.7,15.8,0.194,Clear,5,6,172.4
12723,Express,Warangal,Vijayawada,195.0,61.4,9.9,15.1,0.235,Rain,3,3,216.3
12301,Rajdhani,Kanpur,Prayagraj,180.0,75.9,18.0,3.3,0.077,Clear,2,5,173.5
12860,Express,Mumbai,Pune,140.6,50.1,27.1,2.3,0.261,Rain,23,1,213.3
12860,Express,Pune,Solapur,182.8,63.4,15.6,0.0,0.302,Clear,3,6,192.5
12301,Rajdhani,Gaya,Howrah,213.9,67.8,-5.0,7.7,0.198,Heavy Rain,9,6,183.1
12301,Rajdhani,Prayagraj,DDU,123.7,47.2,9.9,5.7,0.737,Clear,6,0,194.6
12301,Rajdhani,Kanpur,Prayagraj,196.6,76.2,29.8,0.4,0.295,Clear,2,5,177.5
12627,Express,Chennai,Gudur,155.5,65.0,9.9,16.0,0.27,Clear,23,0,148.3
12301,Rajdhani,Prayagraj,DDU,203.4,86.4,1.4,21.8,0.13,Clear,5,2,169.2
12723,Express,Vijayawada,Gudur,178.4,56.9,4.1,0.0,0.162,Rain,5,0,205.2
12951,Rajdhani,Ratlam,Kota,189.2,67.4,16.2,19.5,0.181,Clear,7,1,196.1
12951,Rajdhani,Surat,Vadodara,136.4,72.3,18.2,16.9,0.214,Clear,2,2,131.7
12301,Rajdhani,Prayagraj,DDU,178.2,78.4,-5.0,5.8,0.401,Clear,5,0,172.6
12259,Duronto,Asansol,Dhanbad,109.9,68.6,9.2,10.6,0.179,Clear,1,3,108.0
12301,Rajdhani,Kanpur,Prayagraj,225.9,78.2,27.1,1.0,0.158,Rain,1,5,182.9
12627,Express,Warangal,Secunderabad,146.7,56.3,18.2,17.7,0.222,Rain,9,3,212.4
12627,Express,Chennai,Gudur,192.6,75.5,-0.7,16.4,0.291,Clear,22,2,155.4
12259,Duronto,Dhanbad,Gaya,165.1,64.6,-5.0,17.5,0.251,Rain,3,1,154.4
12951,Rajdhani,Vadodara,Ratlam,158.9,64.7,15.4,11.2,0.453,Clear,5,5,199.1
12259,Duronto,DDU,New Delhi,306.3,86.9,-5.0,20.0,0.248,Clear,8,3,204.1
12301,Rajdhani,Gaya,Howrah,195.8,61.7,30.6,1.5,0.062,Clear,9,6,183.8
12259,Duronto,Asansol,Dhanbad,85.6,62.2,-4.3,14.2,0.3,Rain,2,2,117.9
12259,Duronto,Gaya,DDU,196.5,76.5,11.7,5.5,0.748,Rain,6,6,196.0
12627,Express,Vijayawada,Warangal,151.9,51.2,10.5,5.1,0.432,Rain,6,1,202.1
12860,Express,Wadi,Secunderabad,181.3,68.5,-5.0,8.7,0.245,Clear,10,3,158.0
12301,Rajdhani,DDU,Gaya,132.4,66.5,1.2,10.7,0.07,Rain,7,3,149.6
12259,Duronto,DDU,New Delhi,281.4,73.2,8.7,10.7,0.516,Clear,9,4,218.4
12951,Rajdhani,Ratlam,Kota,268.8,83.8,2.7,11.5,0.12,Fog,7,5,183.2
12723,Express,Kazipet,Warangal,41.0,66.9,10.3,8.5,0.521,Rain,2,3,60.3
12301,Rajdhani,New Delhi,Kanpur,163.7,72.6,20.7,4.3,0.102,Rain,0,2,170.1
12259,Duronto,Gaya,DDU,167.5,68.0,-1.2,15.8,0.053,Heavy Rain,6,3,184.5
12860,Express,Pune,Solapur,150.0,51.0,11.8,19.4,0.116,Clear,3,1,220.8
12627,Express,Chennai,Gudur,130.4,53.6,20.6,3.6,0.1,Clear,0,1,165.9
12860,Express,Pune,Solapur,168.4,56.1,20.9,0.0,0.351,Clear,3,1,203.2
12259,Duronto,Dhanbad,Gaya,153.7,74.5,21.4,14.1,0.326,Heavy Rain,4,6,187.1
12951,Rajdhani,Vadodara,Ratlam,160.4,54.1,40.8,11.3,0.191,Heavy Rain,4,0,212.1
12860,Express,Kalaburagi,Wadi,79.4,66.8,17.9,21.5,0.456,Rain,9,2,99.8
12301,Rajdhani,New Delhi,Kanpur,224.4,77.6,25.7,16.2,0.315,Fog,0,6,189.5
12860,Express,Solapur,Kalaburagi,171.5,61.8,3.5,16.7,0.195,Clear,6,2,164.2
12301,Rajdhani,Prayagraj,DDU,184.8,76.3,16.3,6.6,0.138,Clear,4,4,173.0
12723,Express,Kazipet,Warangal,43.6,75.2,29.7,17.2,0.256,Rain,2,5,56.8
12951,Rajdhani,Vadodara,Ratlam,203.0,62.7,2.7,17.0,0.148,Clear,4,1,173.0
12259,Duronto,Gaya,DDU,227.6,76.2,12.0,14.2,0.102,Rain,7,0,171.1
12259,Duronto,Gaya,DDU,210.0,67.2,12.4,23.4,0.311,Heavy Rain,6,3,188.4
12301,Rajdhani,New Delhi,Kanpur,134.1,54.2,15.3,27.5,0.124,Fog,23,1,187.6
12301,Rajdhani,Gaya,Howrah,178.5,69.9,11.7,12.6,0.191,Clear,10,2,179.8
12723,Express,Warangal,Vijayawada,215.9,59.4,-0.6,3.1,0.27,Heavy Rain,2,1,224.9
12301,Rajdhani,Prayagraj,DDU,182.1,66.6,3.1,0.0,0.079,Clear,5,1,167.6
12723,Express,Kazipet,Warangal,40.0,64.6,2.2,6.4,0.509,Clear,1,3,52.8
12627,Express,Gudur,Nellore,76.5,62.0,17.5,0.2,0.119,Fog,2,4,100.0
12723,Express,Kazipet,Warangal,40.0,60.4,-5.0,14.5,0.333,Clear,2,4,57.9
12627,Express,Warangal,Secunderabad,139.2,53.5,-5.0,4.3,0.262,Fog,8,0,192.1
12259,Duronto,DDU,New Delhi,304.0,80.4,4.9,20.4,0.396,Rain,9,5,225.9
12860,Express,Pune,Solapur,225.3,68.0,0.8,22.1,0.206,Clear,2,6,188.5
12301,Rajdhani,Gaya,Howrah,220.5,70.5,21.5,3.6,0.233,Clear,10,0,182.3
12723,Express,Warangal,Vijayawada,210.6,62.3,25.8,3.9,0.081,Heavy Rain,3,3,228.9
12860,Express,Kalaburagi,Wadi,72.9,58.2,-5.0,29.8,0.166,Rain,7,2,100.2
12860,Express,Solapur,Kalaburagi,180.4,63.9,15.4,20.0,0.614,Clear,6,4,179.4
12723,Express,Hyderabad,Kazipet,126.2,54.9,31.3,2.6,0.023,Clear,23,3,153.7
12301,Rajdhani,New Delhi,Kanpur,215.0,74.4,14.5,0.0,0.356,Clear,0,6,175.3
12627,Express,Vijayawada,Warangal,189.0,65.1,16.8,15.5,0.399,Heavy Rain,5,4,206.9
12627,Express,Warangal,Secunderabad,159.4,59.4,14.7,8.7,0.175,Clear,9,3,197.0
12860,Express,Wadi,Secunderabad,152.3,64.8,25.4,13.1,0.168,Rain,9,3,174.9
12723,Express,Warangal,Vijayawada,200.6,56.4,9.6,15.5,0.266,Clear,3,5,214.2
12627,Express,Chennai,Gudur,159.8,72.3,13.9,0.0,0.314,Clear,0,4,149.9
12301,Rajdhani,New Delhi,Kanpur,163.6,65.1,17.7,4.6,0.228,Rain,23,6,167.7
12259,Duronto,DDU,New Delhi,247.4,77.0,24.5,12.6,0.237,Rain,9,6,239.3
12259,Duronto,Asansol,Dhanbad,96.3,69.0,6.7,17.2,0.2,Clear,2,4,104.1
12723,Express,Warangal,Vijayawada,280.8,79.3,19.0,14.1,0.046,Clear,3,0,205.8
12301,Rajdhani,Gaya,Howrah,233.0,75.9,9.0,3.7,0.306,Clear,10,3,181.8
12301,Rajdhani,DDU,Gaya,205.3,79.5,17.8,4.9,0.008,Clear,8,5,146.5
12723,Express,Hyderabad,Kazipet,118.6,64.4,28.2,17.8,0.085,Heavy Rain,0,0,160.9
12723,Express,Warangal,Vijayawada,182.0,60.8,13.3,14.7,0.188,Fog,2,6,222.5
12301,Rajdhani,Prayagraj,DDU,216.8,74.8,37.1,4.0,0.09,Clear,6,3,183.3
12301,Rajdhani,Gaya,Howrah,196.7,64.4,21.4,4.8,0.511,Clear,10,6,177.1
12723,Express,Kazipet,Warangal,40.0,59.4,8.9,16.9,0.497,Clear,2,6,51.4
12627,Express,Warangal,Secunderabad,160.5,60.6,-5.0,0.0,0.211,Clear,9,0,186.5
12951,Rajdhani,Surat,Vadodara,141.8,64.0,15.7,7.0,0.098,Clear,2,4,136.0
12951,Rajdhani,Surat,Vadodara,163.8,73.6,0.4,13.5,0.437,Clear,3,6,128.8
12860,Express,Solapur,Kalaburagi,189.5,76.2,-1.2,10.4,0.207,Clear,6,6,166.0
12723,Express,Kazipet,Warangal,40.0,60.9,20.7,8.8,0.248,Clear,3,2,56.4
12723,Express,Gudur,Chennai,224.5,68.6,-3.9,17.6,0.116,Clear,9,5,205.7
12627,Express,Chennai,Gudur,164.1,63.1,15.3,10.5,0.101,Clear,23,5,164.2
12860,Express,Solapur,Kalaburagi,144.1,60.1,11.5,10.1,0.495,Clear,5,5,174.6
12301,Rajdhani,Kanpur,Prayagraj,146.2,54.6,21.4,5.2,0.177,Rain,2,1,180.6
12259,Duronto,DDU,New Delhi,187.7,62.9,3.2,9.1,0.202,Clear,9,4,210.2
12951,Rajdhani,Vadodara,Ratlam,209.7,68.3,-4.8,23.5,0.256,Rain,4,3,184.3
12860,Express,Wadi,Secunderabad,192.8,63.2,2.3,6.6,0.315,Clear,9,2,173.6
12951,Rajdhani,Surat,Vadodara,172.3,84.4,4.0,7.0,0.025,Clear,3,5,117.9
12259,Duronto,Dhanbad,Gaya,162.5,65.9,23.2,0.0,0.249,Clear,4,4,167.0
12259,Duronto,Gaya,DDU,220.6,73.3,2.1,15.7,0.297,Fog,5,1,186.9
12259,Duronto,Dhanbad,Gaya,181.5,66.5,12.5,0.1,0.103,Clear,3,2,155.0
12627,Express,Chennai,Gudur,178.7,67.0,-5.0,18.3,0.189,Clear,23,5,149.2
12860,Express,Mumbai,Pune,181.9,65.8,3.3,17.0,0.461,Clear,0,3,201.0
12951,Rajdhani,Kota,New Delhi,223.0,68.2,10.7,6.7,0.422,Heavy Rain,10,5,219.9
12723,Express,Kazipet,Warangal,40.0,53.6,26.2,1.4,0.217,Clear,2,3,57.6
12301,Rajdhani,Prayagraj,DDU,214.1,86.0,1.7,1.0,0.125,Clear,5,2,166.6
12301,Rajdhani,Prayagraj,DDU,192.2,69.0,15.2,12.7,0.521,Clear,4,4,176.5
12259,Duronto,Asansol,Dhanbad,107.1,59.4,10.3,10.1,0.244,Fog,2,1,115.9
12301,Rajdhani,Gaya,Howrah,209.3,69.3,9.4,10.8,0.222,Heavy Rain,10,1,201.1
12301,Rajdhani,New Delhi,Kanpur,184.4,74.1,2.2,15.4,0.126,Rain,0,6,175.1
12951,Rajdhani,Mumbai,Surat,215.2,79.6,9.1,5.6,0.323,Rain,23,1,185.4
12951,Rajdhani,Ratlam,Kota,168.6,57.4,25.4,17.0,0.252,Heavy Rain,7,0,214.4
12951,Rajdhani,Vadodara,Ratlam,268.1,86.4,9.1,2.9,0.333,Clear,5,0,185.3
12259,Duronto,Dhanbad,Gaya,142.4,63.8,15.9,14.5,0.319,Clear,4,4,161.8
12259,Duronto,Gaya,DDU,166.5,68.5,12.4,8.4,0.285,Heavy Rain,6,5,195.6
12951,Rajdhani,Kota,New Delhi,323.6,92.5,28.7,8.8,0.018,Clear,10,4,212.8
12259,Duronto,Gaya,DDU,197.7,63.3,8.0,0.0,0.315,Rain,6,6,171.2
12259,Duronto,Gaya,DDU,206.6,68.2,4.2,13.5,0.478,Clear,6,1,166.6
12723,Express,Warangal,Vijayawada,213.2,66.7,32.0,14.1,0.274,Clear,2,2,219.1
12259,Duronto,Gaya,DDU,216.4,75.2,13.1,4.6,0.115,Rain,7,4,177.9
12259,Duronto,Dhanbad,Gaya,178.3,73.5,4.0,11.4,0.259,Clear,3,1,149.2
12723,Express,Kazipet,Warangal,40.0,56.4,0.9,15.0,0.356,Clear,2,4,52.6
12301,Rajdhani,DDU,Gaya,158.3,80.8,25.6,0.0,0.267,Clear,8,1,150.0
12301,Rajdhani,DDU,Gaya,179.8,72.2,18.1,0.2,0.393,Clear,7,4,138.9
12627,Express,Vijayawada,Warangal,172.8,59.2,9.2,12.7,0.334,Rain,6,4,194.5
12951,Rajdhani,Mumbai,Surat,193.7,66.0,5.7,7.1,0.42,Clear,0,0,195.0
12259,Duronto,Sealdah,Asansol,162.8,68.7,10.3,7.8,0.157,Clear,23,4,155.5
12860,Express,Mumbai,Pune,246.0,74.7,7.5,0.0,0.158,Clear,0,3,203.5
12301,Rajdhani,New Delhi,Kanpur,165.2,68.2,18.7,14.4,0.342,Clear,0,3,169.6
12627,Express,Warangal,Secunderabad,159.5,62.1,14.3,0.0,0.195,Fog,9,3,195.1
12259,Duronto,Dhanbad,Gaya,127.0,60.8,27.4,21.0,0.582,Clear,4,6,173.2
12951,Rajdhani,Mumbai,Surat,215.0,74.0,-5.0,6.0,0.224,Rain,23,2,194.0
12301,Rajdhani,Prayagraj,DDU,208.8,70.4,-5.0,13.9,0.268,Clear,5,2,168.9
12860,Express,Mumbai,Pune,241.6,67.2,-5.0,8.2,0.144,Rain,23,1,193.7
12723,Express,Gudur,Chennai,157.8,47.2,9.3,5.6,0.031,Clear,9,1,213.3
12860,Express,Pune,Solapur,175.0,60.6,-0.6,0.0,0.48,Clear,3,4,189.9
12723,Express,Vijayawada,Gudur,193.9,54.0,14.9,9.1,0.342,Clear,6,1,221.3
12301,Rajdhani,Prayagraj,DDU,196.5,80.8,16.2,13.6,0.191,Fog,5,2,190.4
12951,Rajdhani,Vadodara,Ratlam,216.4,68.4,17.0,9.9,0.227,Clear,5,4,178.7
12259,Duronto,DDU,New Delhi,242.1,74.8,-5.0,7.5,0.081,Rain,9,0,213.3
12627,Express,Chennai,Gudur,170.1,62.2,14.4,7.2,0.338,Clear,23,2,150.1
12723,Express,Warangal,Vijayawada,197.5,60.2,28.4,10.5,0.58,Clear,1,6,230.5
12951,Rajdhani,Mumbai,Surat,275.2,87.4,1.7,10.5,0.19,Rain,0,3,196.8
12723,Express,Kazipet,Warangal,40.0,61.0,-2.7,16.1,0.307,Clear,1,0,51.8
12259,Duronto,Sealdah,Asansol,165.1,66.8,8.1,14.7,0.367,Clear,0,6,161.5
12860,Express,Wadi,Secunderabad,142.5,49.0,-5.0,3.3,0.178,Rain,9,6,182.7
12860,Express,Kalaburagi,Wadi,92.0,63.3,20.8,15.8,0.236,Clear,9,4,96.5
12627,Express,Warangal,Secunderabad,233.5,68.7,19.2,9.9,0.1,Clear,8,1,190.6
12723,Express,Hyderabad,Kazipet,120.2,58.0,12.2,12.8,0.414,Rain,23,2,161.5
12259,Duronto,Asansol,Dhanbad,75.1,54.6,26.6,21.1,0.258,Rain,2,6,115.9
12301,Rajdhani,Prayagraj,DDU,164.8,69.6,-0.2,3.1,0.475,Rain,5,1,168.0
12259,Duronto,DDU,New Delhi,258.7,84.0,5.5,0.5,0.407,Clear,9,6,220.6
12723,Express,Kazipet,Warangal,40.0,61.3,-4.9,15.7,0.57,Clear,0,2,56.6
12627,Express,Gudur,Nellore,70.4,64.4,18.6,9.3,0.327,Clear,1,1,73.2
12259,Duronto,Sealdah,Asansol,207.6,76.3,14.2,16.0,0.177,Clear,23,6,162.6
12627,Express,Chennai,Gudur,161.3,74.9,16.4,18.5,0.265,Clear,0,0,163.2
12860,Express,Kalaburagi,Wadi,79.7,53.4,25.6,26.2,0.304,Fog,8,5,123.3
12259,Duronto,Dhanbad,Gaya,164.0,66.8,15.2,13.4,0.174,Fog,4,3,163.6
12627,Express,Warangal,Secunderabad,253.7,73.8,-2.7,2.1,0.36,Clear,9,1,193.7
12723,Express,Vijayawada,Gudur,159.1,51.4,3.0,11.3,0.395,Clear,5,2,231.0
12627,Express,Nellore,Vijayawada,115.2,39.9,13.2,9.9,0.21,Rain,3,0,208.0
12951,Rajdhani,Ratlam,Kota,227.9,70.5,-5.0,14.7,0.543,Clear,8,4,191.8
12951,Rajdhani,Ratlam,Kota,209.8,65.6,10.7,11.8,0.294,Rain,7,0,195.9
12627,Express,Warangal,Secunderabad,181.7,61.6,17.3,16.7,0.129,Fog,9,4,213.1
12860,Express,Mumbai,Pune,216.2,69.5,6.1,4.7,0.045,Clear,0,3,200.2
12301,Rajdhani,Kanpur,Prayagraj,173.7,65.1,23.5,27.0,0.191,Clear,2,0,181.9
12259,Duronto,Gaya,DDU,228.4,75.5,-5.0,12.2,0.672,Clear,5,2,173.8
12259,Duronto,Asansol,Dhanbad,99.9,69.1,5.7,23.1,0.727,Heavy Rain,1,0,129.4
12860,Express,Kalaburagi,Wadi,114.6,83.6,5.8,0.0,0.256,Rain,9,0,85.5
12723,Express,Hyderabad,Kazipet,169.9,71.1,3.0,7.9,0.373,Fog,0,2,150.7
12627,Express,Warangal,Secunderabad,158.0,61.9,28.3,0.0,0.484,Clear,8,3,205.7
12951,Rajdhani,Surat,Vadodara,135.5,62.1,15.6,4.9,0.305,Clear,3,3,140.1
12259,Duronto,DDU,New Delhi,224.6,65.2,13.9,16.0,0.336,Rain,9,1,226.4
12627,Express,Gudur,Nellore,75.5,63.3,2.6,5.3,0.644,Clear,2,5,90.9
12259,Duronto,DDU,New Delhi,244.5,70.5,21.4,12.8,0.259,Fog,9,4,228.9
12259,Duronto,Asansol,Dhanbad,89.1,63.6,16.4,4.8,0.448,Clear,2,3,107.7
12627,Express,Nellore,Vijayawada,183.1,71.1,13.1,13.3,0.1,Clear,2,5,184.8
12259,Duronto,Asansol,Dhanbad,99.9,66.7,13.2,5.9,0.461,Fog,1,5,126.3
12860,Express,Solapur,Kalaburagi,144.6,60.4,-5.0,0.0,0.152,Clear,6,1,151.4
12627,Express,Warangal,Secunderabad,173.4,59.4,-2.3,0.0,0.194,Clear,9,5,186.6
12259,Duronto,Asansol,Dhanbad,115.8,68.3,13.9,4.2,0.046,Clear,2,3,101.1
12259,Duronto,Gaya,DDU,220.3,71.8,23.5,10.5,0.502,Rain,6,6,190.6
12627,Express,Nellore,Vijayawada,222.7,66.7,3.9,7.9,0.504,Clear,3,3,191.7
12301,Rajdhani,Gaya,Howrah,235.8,83.6,26.6,0.0,0.249,Clear,9,6,180.0
12301,Rajdhani,Gaya,Howrah,258.3,80.1,-5.0,14.4,0.387,Fog,10,6,173.7
12951,Rajdhani,Kota,New Delhi,259.0,77.1,-5.0,15.5,0.319,Clear,11,6,205.8
12259,Duronto,Asansol,Dhanbad,106.5,59.7,26.7,15.8,0.228,Clear,2,4,119.2
12259,Duronto,Gaya,DDU,159.7,59.4,-1.6,0.0,0.257,Clear,7,2,172.4
12301,Rajdhani,New Delhi,Kanpur,158.1,64.6,-5.0,14.8,0.259,Clear,23,5,160.2
12301,Rajdhani,Kanpur,Prayagraj,193.6,64.6,-5.0,12.3,0.217,Clear,2,6,162.2
12723,Express,Kazipet,Warangal,40.0,56.2,1.7,23.0,0.314,Rain,1,5,58.6
12951,Rajdhani,Vadodara,Ratlam,171.8,67.0,8.8,10.6,0.317,Clear,4,4,178.0
12301,Rajdhani,DDU,Gaya,143.3,66.0,-5.0,15.9,0.361,Clear,8,1,146.5
12301,Rajdhani,New Delhi,Kanpur,138.2,60.3,9.5,0.0,0.56,Clear,1,3,170.2
12723,Express,Hyderabad,Kazipet,140.4,69.2,39.8,0.0,0.192,Clear,0,5,145.0
12951,Rajdhani,Kota,New Delhi,210.1,60.7,6.2,5.8,0.42,Fog,10,1,232.2
12860,Express,Pune,Solapur,261.3,76.1,5.7,13.6,0.192,Fog,3,6,202.3
12951,Rajdhani,Kota,New Delhi,200.7,54.6,12.5,22.8,0.305,Clear,10,3,238.2
12723,Express,Vijayawada,Gudur,193.2,56.2,-0.2,1.3,0.383,Clear,5,3,209.3
12951,Rajdhani,Vadodara,Ratlam,182.4,70.6,3.3,20.2,0.215,Fog,5,0,180.5
12301,Rajdhani,Kanpur,Prayagraj,211.2,76.0,-5.0,18.1,0.198,Rain,2,1,174.6
12301,Rajdhani,Prayagraj,DDU,199.4,66.9,24.3,7.4,0.208,Clear,4,2,173.7
12627,Express,Vijayawada,Warangal,140.1,43.1,19.2,7.9,0.194,Clear,7,3,210.3
12627,Express,Warangal,Secunderabad,216.6,68.2,35.2,15.5,0.366,Clear,9,0,207.0
12259,Duronto,Sealdah,Asansol,185.3,77.8,19.0,11.9,0.607,Heavy Rain,23,3,179.0
12259,Duronto,DDU,New Delhi,272.3,72.2,2.6,23.8,0.114,Clear,9,3,218.9
12951,Rajdhani,Mumbai,Surat,269.6,79.8,-5.0,26.4,0.131,Rain,23,2,204.8
12860,Express,Solapur,Kalaburagi,213.1,76.3,4.0,6.6,0.264,Clear,5,2,157.1
12860,Express,Pune,Solapur,164.2,63.5,43.8,12.8,0.153,Fog,2,3,209.4
12301,Rajdhani,Kanpur,Prayagraj,228.5,75.1,7.3,10.4,0.508,Rain,3,4,179.1
12951,Rajdhani,Vadodara,Ratlam,200.7,64.2,13.1,23.6,0.108,Fog,4,4,197.2
12301,Rajdhani,Gaya,Howrah,207.1,71.0,2.1,18.3,0.737,Clear,10,6,185.4
12627,Express,Nellore,Vijayawada,169.7,59.5,12.6,13.1,0.121,Clear,3,5,185.8
12723,Express,Vijayawada,Gudur,211.7,59.3,0.3,16.1,0.297,Clear,5,2,219.4
12627,Express,Vijayawada,Warangal,199.1,62.9,14.0,4.2,0.498,Clear,7,5,194.4
12723,Express,Gudur,Chennai,203.1,58.5,8.4,7.1,0.515,Clear,9,5,217.6
12723,Express,Gudur,Chennai,200.9,58.1,7.4,2.6,0.604,Clear,9,1,225.5
12723,Express,Gudur,Chennai,160.7,56.4,16.2,8.7,0.056,Heavy Rain,8,0,236.7
12259,Duronto,Asansol,Dhanbad,94.6,66.2,-5.0,22.0,0.356,Rain,2,2,109.7
12301,Rajdhani,Gaya,Howrah,181.0,56.5,-5.0,3.3,0.315,Fog,10,6,185.4
12259,Duronto,Asansol,Dhanbad,137.4,82.5,13.1,15.6,0.094,Rain,2,0,113.9
12723,Express,Vijayawada,Gudur,182.8,64.5,35.7,9.2,0.169,Clear,6,3,222.7
12301,Rajdhani,Gaya,Howrah,228.7,74.7,13.7,0.0,0.504,Fog,10,4,183.9
12723,Express,Gudur,Chennai,190.2,63.7,15.3,0.0,0.121,Clear,9,5,204.7
12301,Rajdhani,Kanpur,Prayagraj,159.6,63.5,6.0,12.5,0.27,Clear,3,3,169.3
12951,Rajdhani,Surat,Vadodara,129.9,65.2,13.4,21.1,0.288,Clear,3,5,140.1
12627,Express,Nellore,Vijayawada,251.8,75.1,27.3,10.7,0.527,Clear,3,6,201.6
12259,Duronto,Sealdah,Asansol,180.6,82.0,1.6,3.5,0.282,Fog,0,5,165.5
12259,Duronto,Asansol,Dhanbad,101.7,70.8,27.2,20.8,0.303,Heavy Rain,1,2,132.5
12860,Express,Mumbai,Pune,155.3,48.5,5.7,2.2,0.356,Clear,0,3,220.3
12723,Express,Gudur,Chennai,221.9,62.5,1.6,0.0,0.239,Fog,9,3,209.6
12259,Duronto,Sealdah,Asansol,218.0,77.3,0.4,6.2,0.126,Clear,0,2,149.9
12951,Rajdhani,Surat,Vadodara,133.9,76.1,5.1,16.0,0.831,Fog,3,3,156.1
12259,Duronto,Sealdah,Asansol,117.6,46.6,13.5,3.7,0.157,Clear,0,4,175.2
12259,Duronto,Gaya,DDU,164.4,59.3,14.7,10.4,0.244,Rain,6,4,198.1
12627,Express,Gudur,Nellore,71.5,70.1,23.0,6.6,0.121,Clear,2,1,66.8
12860,Express,Solapur,Kalaburagi,131.9,61.3,34.2,10.7,0.008,Clear,5,2,171.7
12723,Express,Kazipet,Warangal,40.0,58.6,32.8,4.7,0.508,Fog,2,2,71.0
12951,Rajdhani,Mumbai,Surat,205.7,62.3,7.3,6.9,0.286,Clear,0,3,181.2
12259,Duronto,Sealdah,Asansol,158.1,71.0,15.2,0.0,0.58,Clear,0,1,168.5
12301,Rajdhani,Kanpur,Prayagraj,177.6,60.1,3.2,9.6,0.405,Clear,2,3,171.9
12259,Duronto,Sealdah,Asansol,185.0,66.7,29.0,5.9,0.431,Clear,1,1,171.7
12301,Rajdhani,DDU,Gaya,145.5,64.6,18.9,6.7,0.507,Fog,8,3,160.7
12723,Express,Warangal,Vijayawada,254.3,78.2,13.2,20.7,0.127,Rain,3,3,223.7
12951,Rajdhani,Ratlam,Kota,204.0,65.0,-5.0,7.9,0.24,Heavy Rain,8,0,195.8
12723,Express,Kazipet,Warangal,50.4,79.0,5.4,7.7,0.497,Clear,2,6,51.2
12627,Express,Vijayawada,Warangal,203.6,63.9,16.7,21.6,0.064,Clear,6,0,193.9
12951,Rajdhani,Mumbai,Surat,230.5,87.2,15.3,9.7,0.621,Rain,23,3,202.6
12259,Duronto,Gaya,DDU,190.0,78.9,26.6,8.1,0.376,Clear,7,5,177.6
12951,Rajdhani,Kota,New Delhi,239.3,73.6,-5.0,5.0,0.103,Clear,10,0,212.6
12860,Express,Wadi,Secunderabad,210.4,77.6,0.5,21.5,0.155,Clear,10,6,175.3
12951,Rajdhani,Surat,Vadodara,142.8,78.6,2.3,11.1,0.317,Clear,3,0,140.4
12860,Express,Solapur,Kalaburagi,124.8,57.0,6.7,4.5,0.392,Clear,6,4,172.4
12860,Express,Solapur,Kalaburagi,157.0,58.3,4.1,18.8,0.213,Clear,7,0,164.5
12951,Rajdhani,Mumbai,Surat,232.1,69.2,2.5,13.1,0.436,Clear,23,1,188.3
12860,Express,Wadi,Secunderabad,157.3,52.8,13.2,10.6,0.397,Clear,9,5,186.2
12951,Rajdhani,Ratlam,Kota,215.2,67.7,11.7,24.3,0.314,Heavy Rain,7,4,213.4
12723,Express,Kazipet,Warangal,40.0,49.6,13.7,7.5,0.304,Rain,2,3,75.0
12627,Express,Gudur,Nellore,49.3,51.1,18.1,4.4,0.253,Rain,2,0,108.3
12627,Express,Gudur,Nellore,71.5,71.3,10.3,23.2,0.462,Rain,2,6,94.0
12860,Express,Mumbai,Pune,229.6,75.8,4.5,10.3,0.176,Clear,23,3,197.0
12723,Express,Warangal,Vijayawada,195.1,59.9,35.1,9.4,0.065,Rain,2,5,227.3
12259,Duronto,Sealdah,Asansol,194.6,72.1,-0.9,30.3,0.275,Clear,23,4,161.5
12259,Duronto,DDU,New Delhi,249.4,74.4,13.0,0.0,0.146,Rain,9,4,224.2
12259,Duronto,Asansol,Dhanbad,102.5,56.7,-5.0,24.5,0.067,Rain,1,2,115.3
12723,Express,Vijayawada,Gudur,127.8,45.8,10.2,4.1,0.553,Clear,6,3,219.6
12301,Rajdhani,Kanpur,Prayagraj,172.6,75.0,22.6,0.0,0.128,Clear,2,4,172.6
12860,Express,Pune,Solapur,222.7,66.3,4.4,12.6,0.25,Heavy Rain,2,3,203.5
12301,Rajdhani,Gaya,Howrah,220.1,74.6,-5.0,1.1,0.156,Clear,10,3,165.5
12627,Express,Gudur,Nellore,61.0,60.8,2.0,1.8,0.395,Rain,2,0,92.1
12627,Express,Chennai,Gudur,164.0,64.3,15.1,15.5,0.131,Rain,0,1,153.7
12951,Rajdhani,Mumbai,Surat,171.6,59.8,10.7,3.9,0.139,Clear,0,3,198.7
12259,Duronto,Gaya,DDU,211.6,74.5,18.3,12.8,0.031,Rain,6,1,191.7
12723,Express,Gudur,Chennai,288.5,79.2,19.2,7.3,0.378,Clear,8,5,218.1
12627,Express,Warangal,Secunderabad,152.4,59.2,-5.0,8.5,0.086,Clear,10,4,189.2
12723,Express,Vijayawada,Gudur,191.9,60.2,14.4,1.4,0.341,Clear,6,3,209.4
12723,Express,Kazipet,Warangal,40.0,61.2,10.5,13.8,0.141,Fog,2,0,51.3
12860,Express,Solapur,Kalaburagi,140.3,60.0,-5.0,13.6,0.177,Clear,7,5,149.9
12860,Express,Pune,Solapur,145.0,49.6,9.9,6.7,0.369,Clear,3,0,205.0
12860,Express,Wadi,Secunderabad,151.0,58.5,3.2,5.8,0.143,Rain,10,6,182.5
12627,Express,Vijayawada,Warangal,117.6,43.2,0.2,6.4,0.093,Heavy Rain,6,1,217.8
12259,Duronto,Dhanbad,Gaya,118.8,52.6,31.2,6.4,0.095,Rain,3,2,170.5
12860,Express,Mumbai,Pune,186.1,58.4,19.7,9.8,0.403,Clear,23,3,214.7
12860,Express,Wadi,Secunderabad,135.9,58.3,11.8,3.8,0.345,Clear,10,5,178.7
12259,Duronto,DDU,New Delhi,281.5,73.5,11.7,9.4,0.058,Fog,9,6,214.8
12951,Rajdhani,Ratlam,Kota,142.2,52.0,0.1,5.6,0.233,Clear,7,6,200.7
12951,Rajdhani,Vadodara,Ratlam,158.6,53.5,24.6,8.1,0.651,Clear,4,3,200.5
12723,Express,Vijayawada,Gudur,191.3,61.8,20.1,4.5,0.268,Clear,6,1,210.0
12301,Rajdhani,DDU,Gaya,205.5,83.5,28.5,19.6,0.494,Clear,8,4,166.5
12860,Express,Pune,Solapur,157.9,61.1,8.8,1.6,0.297,Clear,3,0,197.8
12723,Express,Gudur,Chennai,204.0,63.7,8.1,11.2,0.134,Clear,9,4,212.6
12301,Rajdhani,DDU,Gaya,126.8,59.2,9.1,9.3,0.174,Clear,7,3,147.7
12627,Express,Chennai,Gudur,121.0,47.2,15.6,19.6,0.32,Clear,0,6,165.2
12627,Express,Chennai,Gudur,174.9,71.8,-5.0,9.9,0.32,Heavy Rain,23,6,171.3
12723,Express,Warangal,Vijayawada,212.1,66.2,15.4,20.5,0.323,Clear,2,6,200.2
12723,Express,Gudur,Chennai,203.5,56.9,26.9,7.7,0.259,Rain,9,0,220.0
12259,Duronto,Asansol,Dhanbad,131.7,84.6,3.9,27.4,0.535,Clear,2,3,116.2
12627,Express,Chennai,Gudur,177.0,65.5,0.1,0.0,0.2,Clear,23,3,136.8
12860,Express,Mumbai,Pune,167.4,57.9,-5.0,5.1,0.334,Clear,23,5,195.7
12301,Rajdhani,New Delhi,Kanpur,124.1,55.9,1.8,29.8,0.161,Clear,0,5,176.9
12951,Rajdhani,Kota,New Delhi,261.7,73.6,24.8,12.8,0.637,Clear,11,4,229.7
12723,Express,Hyderabad,Kazipet,160.2,65.0,23.0,9.4,0.147,Fog,23,0,150.1
12301,Rajdhani,New Delhi,Kanpur,148.6,67.2,22.7,7.7,0.516,Clear,23,1,188.4
12860,Express,Mumbai,Pune,207.3,70.0,2.5,14.2,0.104,Clear,23,4,202.7
12259,Duronto,Sealdah,Asansol,141.0,59.8,11.7,8.8,0.093,Rain,0,6,171.1
12627,Express,Warangal,Secunderabad,222.1,68.4,-5.0,12.9,0.495,Clear,9,1,191.8
12860,Express,Pune,Solapur,188.2,67.4,19.2,4.6,0.024,Clear,2,4,183.3
12860,Express,Wadi,Secunderabad,172.2,60.9,16.3,22.0,0.28,Heavy Rain,10,3,190.7
12627,Express,Vijayawada,Warangal,170.5,65.3,19.6,17.3,0.432,Clear,7,6,187.9
12301,Rajdhani,New Delhi,Kanpur,131.1,55.2,6.1,7.3,0.126,Heavy Rain,23,6,184.1
12259,Duronto,Dhanbad,Gaya,199.8,74.3,20.6,9.0,0.128,Clear,3,3,155.5
12301,Rajdhani,Prayagraj,DDU,140.9,56.9,7.6,5.9,0.294,Clear,5,5,172.0
12951,Rajdhani,Mumbai,Surat,234.5,69.4,19.2,7.3,0.225,Clear,0,1,191.0
12627,Express,Warangal,Secunderabad,132.8,50.3,-5.0,13.5,0.275,Clear,9,1,194.0
12301,Rajdhani,Prayagraj,DDU,221.7,79.7,22.7,13.0,0.168,Heavy Rain,5,3,190.6
12951,Rajdhani,Surat,Vadodara,155.9,76.4,6.9,23.7,0.118,Clear,2,2,136.0
12723,Express,Warangal,Vijayawada,235.1,67.6,27.9,15.4,0.305,Fog,3,1,212.9
12259,Duronto,DDU,New Delhi,258.5,85.6,13.9,10.8,0.293,Clear,9,6,222.4
12301,Rajdhani,Kanpur,Prayagraj,185.7,66.4,4.8,1.1,0.319,Clear,2,3,158.7
12860,Express,Pune,Solapur,185.3,55.1,8.0,4.3,0.391,Heavy Rain,4,6,206.5
12301,Rajdhani,Prayagraj,DDU,193.3,66.1,8.1,10.9,0.163,Clear,4,5,176.1
12723,Express,Warangal,Vijayawada,213.2,66.4,16.0,16.6,0.491,Clear,2,0,216.3
12860,Express,Mumbai,Pune,188.1,68.2,9.0,22.8,0.501,Clear,0,4,210.1
12723,Express,Vijayawada,Gudur,175.8,58.0,-1.5,12.6,0.129,Fog,6,6,203.3
12860,Express,Mumbai,Pune,161.6,56.4,-4.7,0.0,0.38,Fog,23,5,210.8
12723,Express,Kazipet,Warangal,40.0,58.1,35.3,16.3,0.31,Clear,1,6,62.7
12259,Duronto,Dhanbad,Gaya,164.9,78.5,30.8,0.0,0.382,Clear,4,1,149.3
12301,Rajdhani,DDU,Gaya,163.8,67.3,14.1,8.6,0.738,Clear,8,5,163.2
12860,Express,Mumbai,Pune,179.2,54.6,19.4,25.0,0.276,Clear,23,5,213.8
12627,Express,Gudur,Nellore,47.8,48.2,-5.0,19.4,0.276,Clear,2,0,87.6
12301,Rajdhani,DDU,Gaya,157.7,62.7,8.0,24.6,0.464,Clear,7,1,160.1
12860,Express,Mumbai,Pune,191.7,53.3,18.9,1.8,0.291,Rain,0,4,212.4
12723,Express,Hyderabad,Kazipet,141.0,70.9,9.4,13.4,0.215,Clear,0,3,135.6
12860,Express,Mumbai,Pune,162.2,60.1,13.4,8.4,0.116,Rain,0,6,208.9
12860,Express,Mumbai,Pune,192.9,58.7,10.0,5.8,0.246,Clear,0,2,205.8
12627,Express,Warangal,Secunderabad,221.3,73.6,17.2,7.5,0.511,Rain,9,5,199.2
12860,Express,Pune,Solapur,259.8,81.2,2.2,8.0,0.452,Clear,2,5,186.8
12301,Rajdhani,Prayagraj,DDU,216.5,71.2,-2.9,14.1,0.091,Clear,5,6,162.2
12627,Express,Vijayawada,Warangal,172.9,56.6,4.8,21.1,0.282,Clear,6,6,203.7
12860,Express,Pune,Solapur,190.9,60.7,10.7,8.2,0.489,Heavy Rain,3,1,218.9
12259,Duronto,Sealdah,Asansol,186.8,65.1,8.6,2.3,0.198,Rain,0,5,161.1
12627,Express,Chennai,Gudur,131.4,55.2,17.7,13.9,0.206,Rain,0,4,182.5
12860,Express,Mumbai,Pune,185.5,54.7,24.4,8.7,0.551,Rain,0,5,231.4
12259,Duronto,Dhanbad,Gaya,180.2,77.0,12.2,18.3,0.509,Clear,4,0,166.8
12259,Duronto,DDU,New Delhi,313.9,86.0,7.5,3.8,0.045,Heavy Rain,8,0,217.8
12723,Express,Vijayawada,Gudur,221.9,65.1,32.4,7.9,0.201,Rain,6,2,220.6
12951,Rajdhani,Mumbai,Surat,184.1,68.1,27.3,3.2,0.291,Clear,0,0,199.7
12860,Express,Kalaburagi,Wadi,59.8,48.7,30.2,18.9,0.543,Fog,8,3,124.5
12951,Rajdhani,Mumbai,Surat,233.4,77.9,12.7,9.0,0.105,Clear,0,2,191.5
12259,Duronto,Sealdah,Asansol,179.8,65.6,10.7,17.4,0.283,Rain,23,4,159.3
12627,Express,Gudur,Nellore,57.6,56.0,13.4,3.5,0.194,Clear,2,2,87.2
12723,Express,Vijayawada,Gudur,218.3,67.7,40.6,12.0,0.15,Heavy Rain,6,1,234.4
12301,Rajdhani,Prayagraj,DDU,199.6,70.4,11.8,0.0,0.584,Rain,5,5,176.5
12627,Express,Warangal,Secunderabad,209.1,67.4,3.7,20.7,0.408,Clear,9,2,196.6
12627,Express,Gudur,Nellore,64.2,58.0,36.5,9.7,0.381,Rain,1,3,88.8
12627,Express,Chennai,Gudur,147.2,62.4,14.5,2.8,0.259,Clear,0,3,163.5
12301,Rajdhani,Kanpur,Prayagraj,202.9,70.7,2.9,6.3,0.75,Clear,2,4,176.0
12627,Express,Nellore,Vijayawada,159.1,60.4,24.6,11.5,0.231,Clear,3,2,206.0
12951,Rajdhani,Surat,Vadodara,138.2,63.7,-4.4,17.6,0.411,Clear,2,2,136.3
12951,Rajdhani,Surat,Vadodara,153.5,81.2,1.8,11.0,0.095,Clear,1,4,125.6
12301,Rajdhani,Kanpur,Prayagraj,184.1,69.7,9.5,0.0,0.151,Rain,2,3,178.4
12259,Duronto,DDU,New Delhi,175.0,59.5,28.9,17.4,0.153,Clear,8,6,216.5
12951,Rajdhani,Kota,New Delhi,184.6,59.4,1.4,24.9,0.505,Clear,10,3,223.6
12259,Duronto,Asansol,Dhanbad,110.9,65.4,15.4,0.0,0.442,Rain,2,4,115.5
12723,Express,Hyderabad,Kazipet,116.6,60.6,8.3,0.0,0.079,Clear,23,3,131.3
12951,Rajdhani,Ratlam,Kota,213.2,65.6,2.1,0.0,0.33,Rain,7,3,190.4
12301,Rajdhani,Kanpur,Prayagraj,137.4,60.3,24.9,0.0,0.204,Clear,3,5,176.7
12723,Express,Vijayawada,Gudur,177.7,59.9,17.4,11.0,0.362,Clear,5,5,208.6
12723,Express,Warangal,Vijayawada,202.7,63.9,6.3,17.3,0.144,Fog,2,6,207.8
12860,Express,Kalaburagi,Wadi,80.6,60.6,16.1,10.2,0.453,Clear,9,2,101.2
12301,Rajdhani,DDU,Gaya,144.2,61.3,15.8,1.4,0.358,Clear,8,4,146.0
12259,Duronto,Sealdah,Asansol,132.0,61.8,0.3,9.9,0.511,Clear,23,0,164.2
12259,Duronto,DDU,New Delhi,215.2,60.7,10.7,11.3,0.288,Clear,9,5,219.2
12259,Duronto,Dhanbad,Gaya,157.2,66.0,8.1,6.0,0.067,Clear,4,1,153.7
12301,Rajdhani,Gaya,Howrah,174.9,61.3,32.4,0.0,0.098,Clear,9,4,181.2
12860,Express,Wadi,Secunderabad,171.8,59.1,-5.0,7.2,0.139,Clear,10,1,170.1
12951,Rajdhani,Mumbai,Surat,154.1,57.8,19.0,8.4,0.356,Rain,0,3,212.5
12627,Express,Nellore,Vijayawada,208.1,66.6,9.1,13.5,0.237,Clear,3,5,201.0
12301,Rajdhani,Kanpur,Prayagraj,212.2,80.8,33.2,1.9,0.301,Rain,2,5,182.6
12259,Duronto,DDU,New Delhi,264.7,74.9,20.8,9.1,0.115,Rain,8,5,201.9
12723,Express,Kazipet,Warangal,40.0,56.7,-1.9,16.6,0.447,Clear,2,4,56.3
12259,Duronto,Dhanbad,Gaya,165.6,67.0,3.1,0.0,0.259,Clear,3,0,145.6
12627,Express,Gudur,Nellore,64.7,60.1,10.1,3.5,0.257,Clear,3,5,73.3
12951,Rajdhani,Vadodara,Ratlam,234.5,80.2,14.7,5.5,0.168,Rain,4,1,189.0
12951,Rajdhani,Kota,New Delhi,182.3,52.0,-2.9,13.4,0.275,Clear,10,1,219.1
12259,Duronto,Sealdah,Asansol,184.3,71.7,8.9,16.0,0.278,Clear,0,1,162.2
12860,Express,Pune,Solapur,136.4,43.3,6.9,12.6,0.005,Clear,2,3,197.7
12860,Express,Mumbai,Pune,239.7,69.7,31.5,5.7,0.428,Fog,1,2,220.5
12301,Rajdhani,Gaya,Howrah,163.2,57.7,15.8,13.2,0.345,Clear,9,6,194.7
12259,Duronto,Dhanbad,Gaya,206.4,77.2,-1.8,12.8,0.487,Clear,3,3,151.5
12951,Rajdhani,Mumbai,Surat,241.4,70.5,15.6,16.4,0.595,Clear,0,4,200.6
12951,Rajdhani,Mumbai,Surat,181.6,68.6,0.2,18.5,0.162,Rain,23,1,199.6
12301,Rajdhani,New Delhi,Kanpur,206.9,74.0,11.8,12.6,0.341,Clear,23,6,177.3
12259,Duronto,Sealdah,Asansol,144.5,56.8,12.1,14.0,0.382,Clear,23,4,168.9
12259,Duronto,DDU,New Delhi,208.2,58.6,9.1,0.0,0.18,Fog,9,1,228.5
12627,Express,Gudur,Nellore,64.9,57.4,22.3,7.3,0.066,Rain,2,3,93.0
12301,Rajdhani,DDU,Gaya,168.0,70.6,2.7,5.0,0.128,Clear,9,5,134.2
12627,Express,Chennai,Gudur,199.6,82.6,7.5,7.4,0.1,Clear,23,3,144.7
12627,Express,Nellore,Vijayawada,193.1,58.5,16.2,19.4,0.403,Clear,3,6,205.1
12301,Rajdhani,Prayagraj,DDU,220.7,72.8,-5.0,0.0,0.125,Clear,6,0,170.3
12259,Duronto,Dhanbad,Gaya,184.5,77.0,19.3,19.6,0.344,Clear,4,6,163.3
12860,Express,Pune,Solapur,201.0,59.8,13.2,14.0,0.061,Fog,3,5,200.4
12627,Express,Warangal,Secunderabad,199.7,61.3,33.7,17.4,0.559,Rain,9,5,218.5
12860,Express,Wadi,Secunderabad,165.1,67.4,11.2,26.7,0.501,Clear,9,3,182.1
12301,Rajdhani,Kanpur,Prayagraj,169.1,67.3,10.4,19.8,0.118,Clear,2,2,170.8
12301,Rajdhani,Kanpur,Prayagraj,211.7,70.2,5.8,5.5,0.214,Clear,2,2,168.6
12723,Express,Kazipet,Warangal,44.3,71.0,40.7,10.0,0.201,Clear,2,3,62.0
12259,Duronto,Gaya,DDU,216.3,89.0,-2.9,11.7,0.448,Clear,6,5,176.4
12259,Duronto,Asansol,Dhanbad,121.2,74.1,-5.0,18.3,0.255,Fog,3,3,100.6
12860,Express,Mumbai,Pune,177.1,63.8,12.2,5.7,0.149,Heavy Rain,23,1,210.3
12301,Rajdhani,Prayagraj,DDU,162.7,68.3,23.9,17.7,0.215,Rain,5,4,174.4
12723,Express,Kazipet,Warangal,42.5,78.3,20.1,10.7,0.135,Clear,1,2,44.6
12860,Express,Wadi,Secunderabad,188.5,63.5,-3.4,0.0,0.227,Clear,9,5,168.1
12627,Express,Vijayawada,Warangal,183.5,65.9,16.5,10.2,0.341,Clear,7,1,196.5
12951,Rajdhani,Vadodara,Ratlam,182.4,61.7,8.4,7.3,0.131,Clear,4,5,181.5
12723,Express,Hyderabad,Kazipet,152.6,74.7,0.7,0.0,0.083,Fog,23,0,138.8
12723,Express,Vijayawada,Gudur,140.3,50.1,11.1,22.5,0.149,Clear,5,1,223.8
12860,Express,Wadi,Secunderabad,200.0,71.4,-1.1,6.6,0.18,Clear,9,5,172.4
12723,Express,Warangal,Vijayawada,220.0,62.1,29.4,10.5,0.445,Clear,3,6,222.8
12301,Rajdhani,Kanpur,Prayagraj,185.6,74.2,12.0,26.2,0.203,Clear,2,0,180.1
12301,Rajdhani,Prayagraj,DDU,150.5,58.7,-0.7,15.0,0.253,Clear,6,5,164.5
12860,Express,Mumbai,Pune,199.6,55.6,20.7,0.0,0.383,Rain,0,5,216.1
12951,Rajdhani,Vadodara,Ratlam,216.3,76.9,19.1,9.2,0.371,Clear,4,3,188.9
12951,Rajdhani,Vadodara,Ratlam,235.4,79.0,30.8,10.2,0.238,Clear,4,6,188.1
12627,Express,Chennai,Gudur,143.5,57.4,28.9,10.0,0.014,Clear,0,3,161.1
12627,Express,Chennai,Gudur,123.3,52.8,10.0,0.0,0.316,Fog,0,6,171.1
12301,Rajdhani,Prayagraj,DDU,228.7,78.0,-5.0,2.6,0.104,Clear,5,0,170.4
12723,Express,Kazipet,Warangal,40.0,55.7,-0.5,7.7,0.196,Clear,2,4,46.8
12301,Rajdhani,New Delhi,Kanpur,197.5,75.8,-5.0,7.9,0.058,Clear,0,1,146.6
12723,Express,Hyderabad,Kazipet,146.8,65.5,4.4,8.1,0.451,Rain,23,5,144.9
12301,Rajdhani,Gaya,Howrah,187.5,71.9,6.9,21.7,0.099,Heavy Rain,11,0,184.4
12301,Rajdhani,Gaya,Howrah,228.0,73.6,16.9,8.2,0.215,Clear,9,6,185.3
12723,Express,Vijayawada,Gudur,194.4,61.2,24.7,14.9,0.37,Fog,6,3,222.1
12301,Rajdhani,New Delhi,Kanpur,195.4,86.6,2.8,7.8,0.495,Clear,23,4,167.8
12259,Duronto,Sealdah,Asansol,170.1,63.9,8.0,16.6,0.5,Rain,23,1,171.3
12627,Express,Gudur,Nellore,74.0,61.7,-5.0,11.0,0.206,Fog,3,4,80.9
12301,Rajdhani,New Delhi,Kanpur,192.0,69.8,13.9,11.7,0.326,Heavy Rain,0,2,183.8
12301,Rajdhani,New Delhi,Kanpur,208.9,74.5,16.6,7.7,0.328,Fog,0,1,173.0
12951,Rajdhani,Mumbai,Surat,183.2,67.0,25.6,24.8,0.191,Rain,0,4,199.6
12259,Duronto,Sealdah,Asansol,163.4,65.7,27.5,1.2,0.46,Clear,0,5,164.5
12951,Rajdhani,Vadodara,Ratlam,165.4,56.9,-5.0,7.3,0.632,Clear,5,2,201.2
12627,Express,Warangal,Secunderabad,216.5,69.8,-3.7,22.6,0.341,Heavy Rain,8,4,201.1
12259,Duronto,Asansol,Dhanbad,103.1,64.9,4.0,3.6,0.114,Clear,2,4,101.5
12627,Express,Gudur,Nellore,73.8,66.0,15.4,10.0,0.159,Clear,3,4,79.7
12723,Express,Vijayawada,Gudur,146.6,52.7,8.8,8.0,0.408,Rain,6,4,229.8
12301,Rajdhani,Gaya,Howrah,171.7,70.7,9.3,15.3,0.589,Clear,10,3,188.8
12951,Rajdhani,Ratlam,Kota,195.9,70.4,7.8,18.5,0.424,Rain,8,2,202.2
12259,Duronto,Gaya,DDU,221.8,77.9,2.0,11.3,0.226,Rain,7,3,175.6
12259,Duronto,DDU,New Delhi,195.0,64.2,17.8,9.8,0.114,Clear,8,2,215.8
12951,Rajdhani,Mumbai,Surat,196.5,69.6,5.5,2.4,0.658,Clear,23,6,190.1
12951,Rajdhani,Ratlam,Kota,237.0,73.0,36.0,16.4,0.127,Clear,7,3,201.8
12301,Rajdhani,Gaya,Howrah,229.0,71.7,27.1,1.1,0.254,Clear,10,6,186.1
12860,Express,Solapur,Kalaburagi,192.5,67.0,14.3,14.3,0.233,Clear,6,3,157.7
12627,Express,Gudur,Nellore,74.1,65.1,14.2,22.4,0.17,Clear,2,4,80.5
12723,Express,Gudur,Chennai,227.2,68.4,5.9,1.2,0.59,Rain,9,5,216.0
12301,Rajdhani,Kanpur,Prayagraj,219.8,80.8,18.4,21.7,0.5,Heavy Rain,3,3,198.8
12627,Express,Gudur,Nellore,66.5,60.4,24.4,21.2,0.379,Clear,2,6,95.3
12951,Rajdhani,Surat,Vadodara,175.6,83.6,16.6,6.8,0.141,Clear,2,5,126.0
12627,Express,Warangal,Secunderabad,174.3,61.9,10.8,9.8,0.427,Clear,10,0,199.3
12723,Express,Gudur,Chennai,202.9,59.2,14.8,4.7,0.057,Clear,9,4,205.4
12723,Express,Vijayawada,Gudur,180.2,58.5,12.1,11.4,0.411,Clear,5,0,220.4
12627,Express,Warangal,Secunderabad,211.9,67.2,11.5,11.8,0.149,Fog,9,2,196.0
12951,Rajdhani,Ratlam,Kota,181.7,60.9,31.7,13.7,0.333,Clear,7,5,224.0
12723,Express,Hyderabad,Kazipet,115.3,61.6,20.0,8.4,0.1,Clear,23,1,143.9
12951,Rajdhani,Surat,Vadodara,119.5,66.2,0.6,11.1,0.16,Clear,2,4,122.9
12723,Express,Kazipet,Warangal,40.0,72.6,-5.0,16.3,0.313,Clear,3,0,41.4
12860,Express,Solapur,Kalaburagi,145.9,65.3,-5.0,12.3,0.474,Clear,5,0,159.1
12951,Rajdhani,Surat,Vadodara,132.1,77.1,6.8,3.0,0.131,Clear,2,6,128.7
12301,Rajdhani,New Delhi,Kanpur,203.9,73.1,1.1,7.0,0.276,Clear,0,4,158.8
12860,Express,Pune,Solapur,186.0,55.6,16.1,7.4,0.098,Clear,3,5,196.4
12301,Rajdhani,New Delhi,Kanpur,159.1,71.9,-5.0,1.6,0.122,Clear,23,5,143.8
12301,Rajdhani,DDU,Gaya,144.0,63.7,19.6,21.1,0.631,Clear,7,0,163.6
12951,Rajdhani,Kota,New Delhi,226.8,73.7,36.5,11.7,0.231,Clear,11,5,228.2
12860,Express,Wadi,Secunderabad,185.1,71.3,18.6,16.2,0.441,Clear,10,2,174.2
12951,Rajdhani,Surat,Vadodara,133.2,64.9,19.7,1.4,0.097,Clear,2,5,128.6
12301,Rajdhani,Prayagraj,DDU,210.6,72.9,21.5,1.9,0.319,Clear,5,2,169.3
12301,Rajdhani,New Delhi,Kanpur,166.9,68.7,-5.0,0.0,0.404,Rain,0,4,164.8
12259,Duronto,Asansol,Dhanbad,133.3,75.2,2.6,3.5,0.57,Heavy Rain,2,3,113.0
12259,Duronto,Gaya,DDU,185.5,65.8,-1.2,4.6,0.199,Rain,7,3,175.0
12860,Express,Wadi,Secunderabad,147.6,54.1,18.9,15.3,0.216,Clear,9,0,181.5
12301,Rajdhani,Kanpur,Prayagraj,187.5,70.8,25.5,6.7,0.503,Heavy Rain,2,0,201.2
12259,Duronto,Asansol,Dhanbad,102.1,56.9,13.4,9.2,0.394,Fog,2,3,129.0
12301,Rajdhani,Gaya,Howrah,183.6,62.8,10.2,17.7,0.251,Clear,9,4,182.0
12723,Express,Kazipet,Warangal,40.0,49.8,12.3,11.2,0.446,Rain,1,2,66.9
12301,Rajdhani,DDU,Gaya,129.8,60.5,19.3,20.7,0.344,Clear,8,5,155.9
12723,Express,Warangal,Vijayawada,231.5,62.1,15.1,16.6,0.3,Rain,2,0,215.3
12723,Express,Vijayawada,Gudur,237.6,73.8,24.1,23.5,0.035,Clear,5,1,215.9
12259,Duronto,Sealdah,Asansol,136.0,61.6,28.3,0.0,0.358,Rain,0,5,176.3
12723,Express,Hyderabad,Kazipet,164.4,73.0,16.0,3.2,0.185,Clear,0,3,148.2
12301,Rajdhani,New Delhi,Kanpur,157.1,64.8,-5.0,13.4,0.233,Fog,23,1,169.6
12627,Express,Chennai,Gudur,102.9,49.5,2.3,21.7,0.026,Clear,23,0,168.3
12627,Express,Vijayawada,Warangal,173.5,67.4,18.6,9.9,0.464,Heavy Rain,6,4,218.8
12951,Rajdhani,Kota,New Delhi,210.6,62.4,26.6,21.2,0.501,Heavy Rain,10,0,241.8
12951,Rajdhani,Kota,New Delhi,233.3,78.8,13.3,6.9,0.305,Fog,10,4,208.3
12301,Rajdhani,New Delhi,Kanpur,175.7,64.2,11.5,11.3,0.421,Clear,0,4,163.7
12259,Duronto,DDU,New Delhi,231.9,65.7,15.3,12.4,0.346,Clear,9,6,227.1
12860,Express,Wadi,Secunderabad,194.6,77.1,10.6,9.1,0.412,Clear,9,1,170.9
12259,Duronto,Dhanbad,Gaya,204.3,77.1,41.6,17.8,0.399,Clear,4,2,175.5
12860,Express,Solapur,Kalaburagi,146.0,54.0,3.0,10.0,0.243,Clear,6,4,171.1
12259,Duronto,DDU,New Delhi,237.3,74.4,12.2,9.3,0.016,Clear,9,0,211.8
12301,Rajdhani,DDU,Gaya,150.4,63.5,23.2,21.7,0.3,Clear,8,5,157.7
12951,Rajdhani,Mumbai,Surat,247.4,73.9,-3.2,8.6,0.079,Clear,0,4,186.0
12627,Express,Warangal,Secunderabad,205.2,64.4,7.7,10.1,0.137,Heavy Rain,9,6,199.7
12627,Express,Warangal,Secunderabad,167.8,53.6,16.1,22.9,0.239,Clear,9,5,204.1
12951,Rajdhani,Mumbai,Surat,280.0,81.8,3.6,12.4,0.192,Rain,0,6,197.1
12627,Express,Chennai,Gudur,171.3,70.7,8.3,2.0,0.453,Clear,23,2,160.3
12951,Rajdhani,Surat,Vadodara,154.2,78.1,18.9,0.0,0.611,Rain,2,4,136.0
12951,Rajdhani,Surat,Vadodara,172.7,79.6,9.3,0.0,0.284,Clear,2,5,125.3
12301,Rajdhani,New Delhi,Kanpur,173.6,65.1,10.8,10.3,0.251,Clear,0,4,162.7
12951,Rajdhani,Surat,Vadodara,129.9,70.2,2.6,10.0,0.162,Rain,2,0,133.9
12627,Express,Gudur,Nellore,64.9,63.2,10.6,5.8,0.45,Fog,1,5,95.8
12951,Rajdhani,Mumbai,Surat,171.4,65.9,18.3,10.1,0.259,Fog,23,2,205.8
12259,Duronto,DDU,New Delhi,192.3,57.9,12.0,5.2,0.302,Fog,8,4,221.1
12860,Express,Solapur,Kalaburagi,182.1,63.6,31.0,13.8,0.207,Clear,5,3,171.6
12627,Express,Vijayawada,Warangal,200.4,59.0,22.9,3.0,0.12,Clear,5,1,199.5
12860,Express,Solapur,Kalaburagi,145.2,63.6,26.0,23.1,0.226,Clear,5,0,176.6
12723,Express,Gudur,Chennai,190.8,55.8,22.2,1.1,0.208,Clear,10,0,208.7
12951,Rajdhani,Mumbai,Surat,207.8,65.9,26.6,23.2,0.169,Clear,0,2,195.4
12301,Rajdhani,Kanpur,Prayagraj,145.7,60.6,21.1,12.9,0.057,Rain,3,3,184.4
12627,Express,Chennai,Gudur,163.2,64.4,5.8,6.7,0.468,Clear,23,2,157.2
12301,Rajdhani,New Delhi,Kanpur,203.2,70.1,4.6,7.3,0.345,Clear,23,6,163.0
12627,Express,Vijayawada,Warangal,183.9,71.0,4.6,10.9,0.54,Rain,6,4,199.4
12627,Express,Vijayawada,Warangal,175.7,62.0,10.3,15.3,0.262,Rain,5,2,203.8
12860,Express,Solapur,Kalaburagi,140.5,56.2,-3.8,6.5,0.265,Clear,5,5,162.9
12301,Rajdhani,New Delhi,Kanpur,143.6,58.6,33.2,0.0,0.326,Rain,0,2,191.6
12951,Rajdhani,Ratlam,Kota,230.5,82.6,12.5,10.5,0.135,Heavy Rain,7,5,207.3
12301,Rajdhani,DDU,Gaya,155.6,69.5,5.3,34.1,0.422,Clear,8,1,157.6
12723,Express,Warangal,Vijayawada,170.1,53.1,14.3,25.4,0.477,Fog,2,1,240.4
12301,Rajdhani,Prayagraj,DDU,156.0,64.8,4.5,0.0,0.705,Clear,4,5,169.0
12259,Duronto,Gaya,DDU,161.2,62.8,-1.8,0.0,0.3,Clear,5,4,167.2
12627,Express,Warangal,Secunderabad,134.7,52.2,1.3,20.4,0.09,Clear,9,2,208.5
12627,Express,Nellore,Vijayawada,210.4,62.5,7.5,2.2,0.297,Fog,3,5,204.8
12723,Express,Warangal,Vijayawada,205.0,71.5,1.8,15.7,0.28,Clear,2,4,204.5
12627,Express,Gudur,Nellore,70.6,64.2,19.2,2.8,0.495,Clear,1,6,86.7
12259,Duronto,Dhanbad,Gaya,195.4,70.4,0.5,4.8,0.325,Heavy Rain,3,3,151.7
12951,Rajdhani,Vadodara,Ratlam,193.0,65.0,23.7,10.5,0.205,Fog,5,0,189.8
12259,Duronto,Asansol,Dhanbad,109.3,75.5,32.6,3.4,0.196,Clear,2,6,105.0
12627,Express,Nellore,Vijayawada,165.7,54.6,17.3,20.6,0.484,Clear,4,0,208.7
12627,Express,Gudur,Nellore,61.4,52.9,20.8,0.0,0.174,Clear,2,2,94.6
12723,Express,Hyderabad,Kazipet,152.0,65.1,-0.3,9.6,0.224,Clear,23,5,139.5
12951,Rajdhani,Ratlam,Kota,177.9,63.0,13.7,6.8,0.19,Heavy Rain,7,4,207.6
12951,Rajdhani,Kota,New Delhi,212.2,63.4,6.1,9.8,0.225,Fog,11,1,223.9
12259,Duronto,Gaya,DDU,172.8,63.0,-5.0,24.3,0.33,Clear,7,5,176.3
12627,Express,Warangal,Secunderabad,175.8,59.7,13.5,14.1,0.259,Clear,9,3,197.9
12301,Rajdhani,Kanpur,Prayagraj,189.3,76.4,36.5,5.8,0.454,Heavy Rain,1,3,198.7
12301,Rajdhani,Kanpur,Prayagraj,195.7,74.0,13.5,7.5,0.102,Heavy Rain,2,6,185.8
12951,Rajdhani,Vadodara,Ratlam,173.5,58.7,24.6,5.6,0.32,Clear,5,1,189.8
12860,Express,Mumbai,Pune,182.3,64.2,22.0,3.6,0.13,Clear,0,5,208.2
12951,Rajdhani,Mumbai,Surat,169.2,56.1,14.5,12.9,0.31,Clear,0,2,216.0
12723,Express,Gudur,Chennai,214.3,58.3,4.7,20.0,0.102,Heavy Rain,9,3,224.9
12627,Express,Warangal,Secunderabad,177.0,68.1,15.6,15.1,0.699,Rain,9,0,217.8
12301,Rajdhani,Gaya,Howrah,157.7,61.2,10.6,22.7,0.176,Rain,10,6,189.8
12301,Rajdhani,Kanpur,Prayagraj,231.1,77.3,9.0,14.5,0.072,Clear,2,4,165.9
12951,Rajdhani,Mumbai,Surat,173.8,66.1,1.7,0.0,0.486,Clear,23,2,187.5
12951,Rajdhani,Ratlam,Kota,223.2,76.5,24.8,9.9,0.359,Heavy Rain,7,3,211.3
12301,Rajdhani,Kanpur,Prayagraj,186.7,67.4,-5.0,12.1,0.444,Clear,3,1,179.0
12627,Express,Chennai,Gudur,187.1,76.1,9.8,5.8,0.411,Rain,23,3,160.9
12627,Express,Nellore,Vijayawada,153.3,57.2,-5.0,5.8,0.618,Heavy Rain,3,0,206.2
12860,Express,Mumbai,Pune,211.6,73.9,7.6,12.7,0.269,Clear,23,4,206.2
12860,Express,Solapur,Kalaburagi,172.8,66.8,14.7,6.6,0.355,Clear,5,6,166.3
12259,Duronto,DDU,New Delhi,231.6,66.4,14.2,24.5,0.436,Clear,9,3,213.0
12860,Express,Pune,Solapur,166.6,58.0,2.7,0.0,0.297,Clear,2,4,194.4
12951,Rajdhani,Ratlam,Kota,130.6,49.3,1.7,2.9,0.088,Rain,7,6,190.4
12860,Express,Kalaburagi,Wadi,79.2,68.6,19.4,19.2,0.078,Clear,8,2,96.3
12951,Rajdhani,Mumbai,Surat,209.3,74.3,12.6,18.5,0.303,Clear,23,2,195.2
12301,Rajdhani,Gaya,Howrah,160.5,65.5,3.4,4.8,0.326,Clear,10,5,181.9
12627,Express,Chennai,Gudur,138.0,59.3,8.5,15.9,0.232,Clear,0,2,162.8
12627,Express,Warangal,Secunderabad,133.2,50.5,9.8,0.0,0.123,Clear,9,0,205.7
12259,Duronto,DDU,New Delhi,165.7,42.6,1.8,7.1,0.439,Rain,9,6,244.7
12860,Express,Kalaburagi,Wadi,64.8,47.5,2.3,15.9,0.306,Heavy Rain,9,5,122.1
12627,Express,Nellore,Vijayawada,148.2,46.7,6.4,9.1,0.228,Clear,2,2,213.7
12301,Rajdhani,New Delhi,Kanpur,180.8,66.8,2.1,10.1,0.324,Clear,0,5,166.6
12860,Express,Kalaburagi,Wadi,59.3,47.1,2.0,11.0,0.087,Rain,8,6,97.2
12951,Rajdhani,Surat,Vadodara,121.6,60.6,22.9,4.6,0.243,Heavy Rain,2,3,150.1
12951,Rajdhani,Ratlam,Kota,214.2,70.5,-5.0,11.2,0.271,Clear,7,4,189.1
12951,Rajdhani,Vadodara,Ratlam,223.0,74.5,-5.0,17.7,0.208,Clear,5,2,187.8
12259,Duronto,Asansol,Dhanbad,105.8,72.3,5.2,7.5,0.318,Clear,2,4,101.6
12723,Express,Vijayawada,Gudur,231.6,70.8,0.3,5.6,0.22,Rain,5,3,206.2
12259,Duronto,Sealdah,Asansol,219.8,82.0,24.5,19.6,0.269,Clear,23,6,168.8
12301,Rajdhani,Prayagraj,DDU,241.9,82.1,21.9,17.6,0.329,Clear,4,1,180.1
12951,Rajdhani,Vadodara,Ratlam,181.9,63.2,14.1,15.3,0.501,Fog,4,3,194.8
12723,Express,Hyderabad,Kazipet,125.8,62.6,-5.0,14.2,0.406,Clear,0,5,144.1
12723,Express,Gudur,Chennai,177.4,56.9,-0.8,14.8,0.385,Clear,8,0,213.5
12951,Rajdhani,Vadodara,Ratlam,200.4,69.3,14.8,9.1,0.167,Clear,4,2,176.4
12627,Express,Nellore,Vijayawada,236.8,69.3,22.3,20.0,0.396,Rain,3,4,211.2
12259,Duronto,Sealdah,Asansol,208.8,73.1,23.6,8.6,0.231,Fog,23,1,173.3
12951,Rajdhani,Ratlam,Kota,233.6,78.4,24.5,8.3,0.356,Fog,9,3,212.0
12627,Express,Vijayawada,Warangal,237.0,77.9,21.8,0.0,0.363,Clear,6,2,198.9
12259,Duronto,Sealdah,Asansol,193.0,73.9,22.6,12.0,0.551,Clear,0,6,167.3
12951,Rajdhani,Surat,Vadodara,210.4,93.9,9.8,16.8,0.654,Clear,2,4,136.2
12723,Express,Gudur,Chennai,178.2,56.6,29.8,6.6,0.626,Rain,8,6,231.6
12860,Express,Solapur,Kalaburagi,151.6,53.3,-4.4,17.3,0.197,Clear,6,1,169.1
12723,Express,Hyderabad,Kazipet,132.0,68.2,10.9,23.5,0.14,Clear,23,3,150.5
12951,Rajdhani,Surat,Vadodara,128.2,70.7,2.7,9.9,0.243,Clear,3,3,121.1
12259,Duronto,Asansol,Dhanbad,109.6,63.1,29.9,19.8,0.058,Clear,2,6,111.2
12627,Express,Vijayawada,Warangal,198.9,77.6,-1.6,6.8,0.037,Heavy Rain,5,2,208.3
12723,Express,Kazipet,Warangal,40.0,60.9,12.6,11.2,0.134,Clear,1,5,48.9
12951,Rajdhani,Surat,Vadodara,148.8,66.0,6.5,1.8,0.509,Clear,3,5,127.8
12301,Rajdhani,Gaya,Howrah,179.6,62.8,18.9,13.1,0.401,Clear,9,1,203.5
12259,Duronto,DDU,New Delhi,306.3,84.3,19.5,1.2,0.307,Rain,8,1,220.1
12723,Express,Warangal,Vijayawada,217.9,58.7,0.3,2.7,0.093,Clear,2,5,195.7
12301,Rajdhani,New Delhi,Kanpur,166.8,59.5,25.2,2.7,0.171,Fog,23,3,182.1
12627,Express,Chennai,Gudur,185.5,68.9,-5.0,12.0,0.114,Heavy Rain,23,1,166.5
12259,Duronto,Dhanbad,Gaya,163.3,69.6,8.4,15.0,0.302,Rain,4,3,154.2
12301,Rajdhani,New Delhi,Kanpur,196.0,84.2,13.4,4.0,0.085,Rain,1,6,163.8
12259,Duronto,Dhanbad,Gaya,155.7,70.4,-2.6,5.6,0.273,Clear,3,5,155.0
12627,Express,Nellore,Vijayawada,205.2,65.3,18.9,10.1,0.312,Clear,3,2,195.0
12951,Rajdhani,Mumbai,Surat,141.2,42.6,-5.0,14.3,0.241,Clear,23,3,206.9
12259,Duronto,DDU,New Delhi,253.4,85.2,3.4,0.0,0.23,Clear,9,4,212.1
12860,Express,Pune,Solapur,144.8,50.3,12.9,14.0,0.095,Clear,2,1,195.8
12627,Express,Gudur,Nellore,64.4,61.2,18.5,33.5,0.32,Clear,2,3,92.8
12301,Rajdhani,Gaya,Howrah,195.8,75.8,8.8,1.8,0.134,Clear,10,3,173.2
12301,Rajdhani,Prayagraj,DDU,163.8,60.4,-5.0,17.4,0.206,Fog,5,3,178.2
12860,Express,Pune,Solapur,198.0,57.7,10.4,16.3,0.227,Clear,3,3,197.2
12860,Express,Mumbai,Pune,177.0,59.3,-5.0,12.0,0.486,Heavy Rain,22,5,214.9
12860,Express,Mumbai,Pune,190.9,66.7,3.8,4.7,0.204,Clear,0,4,202.1
12860,Express,Wadi,Secunderabad,178.5,66.6,2.5,26.4,0.297,Clear,9,2,170.7
12259,Duronto,Asansol,Dhanbad,101.5,63.8,14.2,14.1,0.276,Rain,2,3,105.0
12723,Express,Vijayawada,Gudur,208.7,66.4,20.1,27.4,0.129,Clear,5,4,208.9
12627,Express,Warangal,Secunderabad,206.1,63.7,22.4,15.6,0.182,Clear,10,5,198.6
12259,Duronto,Dhanbad,Gaya,199.7,77.0,3.5,9.1,0.453,Clear,3,6,159.5
12259,Duronto,Dhanbad,Gaya,192.8,79.3,28.1,8.5,0.298,Clear,4,5,169.1
12723,Express,Vijayawada,Gudur,213.5,60.2,22.4,11.2,0.048,Rain,6,0,217.9
12301,Rajdhani,Gaya,Howrah,198.6,77.4,8.6,17.5,0.381,Clear,9,4,177.0
12860,Express,Pune,Solapur,224.8,70.6,21.9,21.0,0.166,Clear,3,0,194.3
12723,Express,Warangal,Vijayawada,204.9,59.0,24.4,17.3,0.223,Clear,1,4,215.1
12723,Express,Vijayawada,Gudur,200.7,60.0,31.5,20.1,0.197,Clear,5,5,221.4
12259,Duronto,Gaya,DDU,192.4,68.8,16.9,0.0,0.061,Rain,6,2,175.7
12259,Duronto,Asansol,Dhanbad,94.2,67.7,26.8,6.0,0.362,Clear,3,3,117.2
12301,Rajdhani,Prayagraj,DDU,203.9,74.0,15.5,10.1,0.412,Clear,4,6,177.2
12301,Rajdhani,Prayagraj,DDU,220.8,77.3,10.7,14.2,0.744,Fog,5,1,186.8
12627,Express,Nellore,Vijayawada,195.0,67.3,22.1,2.6,0.127,Rain,2,3,195.8
12951,Rajdhani,Ratlam,Kota,200.5,60.2,-1.0,21.7,0.713,Rain,7,6,212.3
12860,Express,Kalaburagi,Wadi,65.9,53.7,33.8,2.5,0.123,Rain,8,5,110.8
12723,Express,Gudur,Chennai,175.1,58.8,-5.0,24.6,0.661,Clear,9,2,224.6
12951,Rajdhani,Ratlam,Kota,204.4,69.3,-2.0,2.8,0.222,Rain,7,5,179.3
12860,Express,Solapur,Kalaburagi,114.3,53.6,18.4,10.5,0.19,Clear,5,3,175.5
12860,Express,Pune,Solapur,130.5,49.4,26.6,7.5,0.173,Clear,3,2,215.9
12860,Express,Kalaburagi,Wadi,72.7,62.4,-5.0,10.3,0.271,Clear,8,6,78.7
12627,Express,Warangal,Secunderabad,181.1,63.1,15.0,14.5,0.222,Fog,9,3,205.5
12259,Duronto,Sealdah,Asansol,140.9,60.8,-0.4,10.2,0.324,Clear,23,2,160.0
12627,Express,Gudur,Nellore,55.3,57.0,12.9,10.5,0.509,Clear,2,1,86.2
12259,Duronto,DDU,New Delhi,250.2,81.6,13.8,1.5,0.312,Clear,10,4,204.0
12723,Express,Vijayawada,Gudur,228.9,69.7,12.6,19.4,0.028,Fog,6,5,219.2
12860,Express,Wadi,Secunderabad,145.5,63.8,12.0,11.2,0.555,Clear,9,0,175.6
12951,Rajdhani,Kota,New Delhi,298.2,78.6,9.6,14.1,0.323,Clear,11,1,222.4
12627,Express,Vijayawada,Warangal,206.3,74.8,15.5,24.5,0.261,Clear,7,4,188.2
12301,Rajdhani,Prayagraj,DDU,223.9,86.1,12.8,12.6,0.17,Clear,4,4,174.3
12259,Duronto,DDU,New Delhi,253.5,72.8,13.0,5.8,0.269,Clear,8,3,225.0
12723,Express,Kazipet,Warangal,40.0,61.6,10.5,16.8,0.252,Fog,2,0,43.7
12860,Express,Kalaburagi,Wadi,88.3,63.7,19.0,11.3,0.153,Clear,7,2,100.1
12860,Express,Pune,Solapur,171.0,64.3,11.4,9.4,0.74,Clear,3,1,203.7
12259,Duronto,Asansol,Dhanbad,121.6,76.4,16.7,6.8,0.11,Clear,2,0,105.7
12723,Express,Kazipet,Warangal,40.0,55.6,-1.7,3.0,0.365,Rain,2,3,49.1
12259,Duronto,Dhanbad,Gaya,149.7,55.9,-3.7,0.8,0.361,Clear,4,5,161.6
12259,Duronto,Sealdah,Asansol,176.0,64.9,-0.6,0.2,0.313,Clear,23,0,170.5
12860,Express,Kalaburagi,Wadi,87.5,60.0,21.0,0.0,0.548,Fog,9,2,118.5
12723,Express,Warangal,Vijayawada,203.9,55.5,-5.0,23.4,0.259,Rain,2,0,210.0
12627,Express,Nellore,Vijayawada,179.2,65.3,9.5,0.9,0.483,Clear,3,4,184.4
12259,Duronto,DDU,New Delhi,199.8,68.3,8.6,0.0,0.367,Rain,9,2,225.9
12301,Rajdhani,Gaya,Howrah,176.7,68.7,19.0,0.9,0.299,Heavy Rain,10,3,201.5
12301,Rajdhani,DDU,Gaya,220.2,86.9,30.4,0.0,0.1,Clear,7,4,145.6
12723,Express,Warangal,Vijayawada,210.0,60.7,7.5,13.7,0.472,Clear,2,3,215.6
12860,Express,Wadi,Secunderabad,164.4,59.9,6.6,7.6,0.584,Rain,9,0,176.5
12723,Express,Hyderabad,Kazipet,155.3,75.0,-4.6,11.6,0.579,Clear,23,5,157.7
12860,Express,Pune,Solapur,178.1,59.3,15.4,12.3,0.287,Clear,4,5,198.3
12723,Express,Kazipet,Warangal,40.0,47.7,1.6,19.4,0.185,Clear,2,2,64.5
12723,Express,Gudur,Chennai,215.9,72.8,6.9,5.1,0.148,Heavy Rain,10,5,206.3
12259,Duronto,Asansol,Dhanbad,101.9,72.6,14.8,5.0,0.216,Rain,2,5,116.5
12259,Duronto,Sealdah,Asansol,206.9,74.4,9.7,0.0,0.29,Fog,23,0,167.8
12723,Express,Hyderabad,Kazipet,128.1,68.5,-5.0,14.3,0.497,Rain,23,5,154.5
12301,Rajdhani,Prayagraj,DDU,180.9,69.3,21.8,21.3,0.14,Rain,5,5,175.6
12301,Rajdhani,Prayagraj,DDU,145.3,62.8,14.4,19.6,0.49,Fog,5,3,189.0
12723,Express,Kazipet,Warangal,40.0,56.4,-1.5,0.0,0.149,Clear,2,5,45.4
12627,Express,Nellore,Vijayawada,202.7,68.9,6.8,2.2,0.512,Rain,4,2,209.0
12301,Rajdhani,Kanpur,Prayagraj,199.7,73.0,13.7,8.6,0.506,Rain,2,0,173.3
12627,Express,Gudur,Nellore,62.5,52.0,7.4,8.6,0.133,Fog,2,0,97.2
12627,Express,Gudur,Nellore,64.1,62.1,-2.4,4.7,0.278,Clear,2,4,64.1
12627,Express,Vijayawada,Warangal,157.9,59.3,-0.2,9.1,0.238,Heavy Rain,6,3,206.5
12259,Duronto,Gaya,DDU,221.1,73.0,9.2,9.6,0.541,Clear,6,2,186.4
12860,Express,Pune,Solapur,189.9,59.3,5.2,16.7,0.535,Clear,3,4,199.0
12951,Rajdhani,Kota,New Delhi,224.5,75.5,9.9,9.9,0.241,Clear,11,2,214.7
12259,Duronto,Sealdah,Asansol,159.2,64.3,12.7,12.9,0.327,Rain,23,2,179.1
12951,Rajdhani,Mumbai,Surat,168.2,57.7,19.5,9.3,0.366,Clear,23,5,198.7
12723,Express,Gudur,Chennai,222.5,60.5,-4.9,19.5,0.258,Clear,9,1,208.9
12860,Express,Solapur,Kalaburagi,114.4,48.7,24.7,10.7,0.078,Heavy Rain,5,0,195.5
12723,Express,Kazipet,Warangal,44.1,71.9,-4.1,6.7,0.461,Clear,2,5,42.4
12301,Rajdhani,Kanpur,Prayagraj,179.3,68.2,9.0,19.9,0.346,Clear,2,1,187.9
12627,Express,Vijayawada,Warangal,165.6,54.0,18.0,10.8,0.193,Clear,6,2,204.9
12301,Rajdhani,DDU,Gaya,182.1,70.6,9.7,28.1,0.238,Clear,8,0,142.8
12860,Express,Pune,Solapur,190.3,55.4,30.5,2.2,0.038,Clear,3,5,212.5
12627,Express,Warangal,Secunderabad,158.6,55.2,18.4,8.9,0.175,Rain,9,6,206.3
12301,Rajdhani,New Delhi,Kanpur,171.0,72.8,2.6,7.7,0.125,Fog,0,4,181.1
12951,Rajdhani,Ratlam,Kota,226.4,70.3,18.9,31.0,0.268,Clear,7,3,195.7
12723,Express,Kazipet,Warangal,47.1,72.4,17.2,0.0,0.701,Clear,1,1,57.6
12259,Duronto,DDU,New Delhi,221.0,62.1,20.2,5.9,0.365,Rain,8,1,241.0
12627,Express,Gudur,Nellore,69.9,66.9,23.1,20.7,0.181,Fog,2,3,85.7
12301,Rajdhani,Gaya,Howrah,225.9,79.7,40.7,1.8,0.142,Clear,10,0,191.0
12301,Rajdhani,Prayagraj,DDU,176.8,65.4,1.9,5.1,0.227,Clear,5,4,163.0
12723,Express,Hyderabad,Kazipet,156.4,72.6,12.8,0.0,0.639,Clear,23,3,154.7
12259,Duronto,DDU,New Delhi,220.8,74.6,32.5,14.1,0.066,Fog,8,2,224.9
12723,Express,Vijayawada,Gudur,200.5,62.4,16.3,16.9,0.707,Clear,6,6,219.0
12723,Express,Gudur,Chennai,163.6,50.6,-2.3,11.5,0.289,Clear,10,6,225.3
12951,Rajdhani,Vadodara,Ratlam,185.4,73.7,13.5,13.1,0.093,Clear,5,3,178.1
12301,Rajdhani,New Delhi,Kanpur,206.0,76.4,15.9,7.7,0.034,Fog,23,6,176.0
12951,Rajdhani,Kota,New Delhi,197.2,60.9,16.9,3.1,0.542,Rain,11,6,237.7
12627,Express,Chennai,Gudur,119.0,57.7,5.8,14.1,0.306,Rain,23,4,172.6
12860,Express,Kalaburagi,Wadi,54.3,46.5,27.4,3.7,0.252,Clear,8,0,106.9
12301,Rajdhani,New Delhi,Kanpur,178.5,74.4,7.0,10.4,0.053,Rain,23,5,162.8
12951,Rajdhani,Surat,Vadodara,115.5,66.1,11.4,5.0,0.566,Fog,2,1,144.2
12627,Express,Gudur,Nellore,67.2,65.4,15.7,28.7,0.284,Clear,2,3,88.4
12951,Rajdhani,Kota,New Delhi,199.7,66.1,8.4,0.0,0.088,Clear,11,2,204.4
12723,Express,Warangal,Vijayawada,212.6,59.2,12.9,16.0,0.127,Fog,2,1,212.9
12860,Express,Kalaburagi,Wadi,68.5,58.7,10.0,0.0,0.33,Clear,7,3,96.9
12259,Duronto,Gaya,DDU,162.0,55.0,10.6,31.2,0.243,Rain,5,1,190.3
12723,Express,Kazipet,Warangal,40.0,59.2,-0.1,4.1,0.037,Fog,2,5,52.0
12259,Duronto,Gaya,DDU,153.9,55.9,22.0,12.0,0.541,Clear,6,3,193.1
12951,Rajdhani,Surat,Vadodara,150.2,74.9,8.6,15.8,0.539,Heavy Rain,2,6,157.5
12860,Express,Solapur,Kalaburagi,131.0,57.2,14.3,32.6,0.555,Clear,6,4,182.1
12259,Duronto,DDU,New Delhi,183.6,59.5,7.5,0.5,0.183,Clear,8,0,209.8
12301,Rajdhani,Prayagraj,DDU,191.2,71.5,24.4,7.1,0.542,Clear,5,4,183.2
12723,Express,Vijayawada,Gudur,224.2,60.4,-4.4,0.0,0.316,Clear,5,3,208.0
12723,Express,Kazipet,Warangal,40.0,56.8,19.6,1.8,0.388,Clear,3,1,61.1
12627,Express,Nellore,Vijayawada,183.1,61.1,-1.5,0.0,0.364,Clear,3,0,185.4
12301,Rajdhani,Prayagraj,DDU,203.7,70.2,19.6,15.0,0.27,Rain,5,1,176.1
12860,Express,Kalaburagi,Wadi,80.0,56.0,-3.0,11.0,0.326,Clear,8,4,90.5
12860,Express,Kalaburagi,Wadi,89.7,65.6,6.9,23.3,0.139,Clear,8,3,81.8
12860,Express,Mumbai,Pune,185.0,60.6,10.4,12.5,0.497,Clear,23,0,214.2
12627,Express,Nellore,Vijayawada,203.9,69.6,-0.6,13.4,0.524,Fog,3,3,202.7
12723,Express,Kazipet,Warangal,42.4,65.6,15.9,0.0,0.27,Clear,2,0,37.6
12860,Express,Solapur,Kalaburagi,170.2,63.8,-5.0,13.0,0.371,Clear,6,1,154.9
12723,Express,Warangal,Vijayawada,167.2,57.4,16.4,9.4,0.22,Clear,2,6,225.4
12301,Rajdhani,New Delhi,Kanpur,153.7,61.1,-0.0,28.6,0.487,Rain,23,6,183.1
12723,Express,Kazipet,Warangal,40.0,51.1,3.7,3.9,0.054,Clear,2,6,51.3
12301,Rajdhani,Gaya,Howrah,212.7,78.3,8.8,18.1,0.24,Fog,9,6,196.1
12860,Express,Pune,Solapur,191.1,65.7,23.4,4.5,0.314,Clear,3,1,197.1
12860,Express,Wadi,Secunderabad,167.5,62.2,2.6,7.7,0.382,Rain,10,6,180.2
12860,Express,Solapur,Kalaburagi,172.1,66.4,9.4,24.3,0.123,Clear,6,5,159.6
12860,Express,Solapur,Kalaburagi,178.1,65.2,5.7,0.0,0.119,Heavy Rain,5,1,161.0
12723,Express,Hyderabad,Kazipet,159.8,72.2,18.8,18.0,0.722,Clear,0,4,154.3
12301,Rajdhani,Gaya,Howrah,216.8,67.9,-1.1,3.0,0.449,Clear,10,4,178.9
12301,Rajdhani,New Delhi,Kanpur,189.0,66.4,1.3,0.0,0.179,Rain,0,4,166.0
12301,Rajdhani,Kanpur,Prayagraj,122.4,49.6,7.7,7.4,0.306,Clear,1,3,189.2
12301,Rajdhani,DDU,Gaya,145.7,67.8,3.6,22.9,0.165,Clear,8,4,146.2
12259,Duronto,Gaya,DDU,176.2,72.0,13.4,10.3,0.2,Clear,6,2,173.7
12723,Express,Gudur,Chennai,197.2,54.0,14.0,0.0,0.377,Rain,9,0,219.9
12259,Duronto,Dhanbad,Gaya,163.3,62.6,19.4,12.3,0.585,Heavy Rain,4,6,180.0
12627,Express,Vijayawada,Warangal,170.4,58.9,0.1,5.5,0.077,Heavy Rain,6,4,198.9
12301,Rajdhani,Kanpur,Prayagraj,157.5,62.3,28.9,6.4,0.471,Clear,2,2,182.6
12627,Express,Chennai,Gudur,130.9,58.9,0.5,5.7,0.346,Clear,0,0,153.3
12627,Express,Vijayawada,Warangal,196.4,57.1,11.7,5.3,0.371,Clear,6,1,195.6
12860,Express,Wadi,Secunderabad,165.6,65.0,16.9,2.9,0.376,Heavy Rain,10,2,189.1
12259,Duronto,DDU,New Delhi,244.0,70.4,6.7,8.4,0.389,Clear,8,3,211.4
12627,Express,Nellore,Vijayawada,142.3,55.7,-5.0,18.4,0.161,Rain,4,4,202.9
12627,Express,Gudur,Nellore,87.5,75.6,17.4,0.0,0.362,Rain,2,2,101.2
12951,Rajdhani,Kota,New Delhi,226.7,68.7,9.8,17.1,0.132,Rain,10,1,208.8
12627,Express,Nellore,Vijayawada,243.2,75.7,14.1,14.8,0.258,Clear,3,6,204.2
12860,Express,Wadi,Secunderabad,124.8,51.9,-5.0,1.9,0.081,Clear,9,3,168.9
12951,Rajdhani,Vadodara,Ratlam,176.7,64.4,17.8,9.6,0.058,Clear,4,6,183.0
12723,Express,Kazipet,Warangal,40.0,59.3,26.0,16.1,0.311,Clear,1,4,57.4
12723,Express,Hyderabad,Kazipet,142.9,64.9,9.6,1.8,0.048,Rain,23,4,143.6
12860,Express,Pune,Solapur,217.7,63.3,13.7,6.8,0.11,Clear,2,4,193.3
12259,Duronto,Gaya,DDU,219.4,71.9,11.5,0.0,0.195,Rain,6,5,174.4
12951,Rajdhani,Ratlam,Kota,257.2,81.3,27.0,3.2,0.184,Clear,6,6,194.3
12627,Express,Chennai,Gudur,210.6,78.0,15.1,21.8,0.474,Rain,0,1,166.1
12259,Duronto,Asansol,Dhanbad,78.9,51.4,32.7,13.7,0.081,Clear,2,5,116.3
12860,Express,Mumbai,Pune,176.7,53.6,13.9,13.7,0.156,Clear,0,0,207.4
12860,Express,Wadi,Secunderabad,192.6,63.2,20.6,15.6,0.192,Clear,9,4,183.0
12723,Express,Vijayawada,Gudur,241.1,66.3,16.3,9.2,0.369,Fog,6,2,217.4
12259,Duronto,Gaya,DDU,241.4,83.0,-4.0,24.7,0.152,Clear,6,1,180.3
12627,Express,Warangal,Secunderabad,146.0,49.3,23.0,26.8,0.267,Clear,9,6,203.3
12951,Rajdhani,Surat,Vadodara,134.5,71.8,29.5,12.0,0.236,Clear,3,5,141.2
12860,Express,Kalaburagi,Wadi,90.0,74.2,7.1,2.4,0.42,Rain,8,5,89.0
12259,Duronto,Asansol,Dhanbad,99.5,70.1,-1.2,0.0,0.106,Clear,2,6,98.4
12860,Express,Wadi,Secunderabad,199.7,74.3,13.4,3.1,0.069,Clear,10,0,166.6
12301,Rajdhani,Kanpur,Prayagraj,213.8,72.4,9.1,13.9,0.033,Fog,1,4,173.6
12627,Express,Gudur,Nellore,63.8,63.9,-5.0,3.6,0.45,Rain,2,2,85.4
12627,Express,Chennai,Gudur,192.9,76.9,22.7,7.6,0.278,Clear,0,3,163.0
12259,Duronto,DDU,New Delhi,272.8,69.7,19.9,6.7,0.227,Rain,9,2,224.9
12723,Express,Vijayawada,Gudur,294.8,85.5,-3.2,19.4,0.334,Clear,6,2,211.2
12723,Express,Warangal,Vijayawada,159.5,52.4,-3.5,16.0,0.041,Clear,2,3,205.7
12627,Express,Nellore,Vijayawada,205.1,76.8,32.0,1.2,0.457,Clear,2,6,198.7
12301,Rajdhani,New Delhi,Kanpur,164.1,63.3,8.1,1.7,0.29,Clear,0,4,173.1
12627,Express,Nellore,Vijayawada,174.6,54.3,15.4,16.9,0.662,Clear,3,6,211.0
12259,Duronto,Dhanbad,Gaya,150.7,62.6,8.2,16.6,0.022,Rain,2,5,164.9
12627,Express,Vijayawada,Warangal,132.2,51.7,16.8,6.6,0.25,Clear,6,4,213.4
12860,Express,Kalaburagi,Wadi,70.3,58.0,1.0,0.1,0.299,Clear,8,5,96.7
12301,Rajdhani,Prayagraj,DDU,194.5,74.8,-3.7,5.3,0.121,Clear,5,6,161.9
12259,Duronto,DDU,New Delhi,241.5,77.9,-5.0,11.4,0.441,Heavy Rain,9,0,222.2
12627,Express,Vijayawada,Warangal,107.1,39.3,3.4,6.2,0.169,Clear,5,1,208.0
12627,Express,Vijayawada,Warangal,212.7,70.7,-5.0,8.8,0.205,Clear,7,4,176.9
12860,Express,Wadi,Secunderabad,152.2,63.4,26.5,16.5,0.2,Rain,10,2,179.2
12860,Express,Kalaburagi,Wadi,95.8,73.7,26.4,9.6,0.687,Fog,9,5,113.7
12259,Duronto,Asansol,Dhanbad,154.7,86.4,3.9,17.6,0.349,Rain,1,1,113.3
12723,Express,Vijayawada,Gudur,254.4,75.8,16.5,4.2,0.01,Clear,5,2,209.2
12723,Express,Kazipet,Warangal,40.0,57.8,-5.0,0.0,0.322,Clear,2,5,36.2
12860,Express,Pune,Solapur,175.3,56.7,21.7,5.2,0.539,Clear,4,3,218.7
12951,Rajdhani,Ratlam,Kota,193.4,68.8,21.3,4.3,0.169,Fog,8,1,199.5
12259,Duronto,Gaya,DDU,205.0,66.5,11.5,0.2,0.412,Clear,6,2,186.5
12627,Express,Vijayawada,Warangal,201.3,64.2,-4.5,1.7,0.539,Clear,6,0,182.6
12627,Express,Vijayawada,Warangal,169.1,56.1,8.5,0.0,0.189,Clear,7,0,189.5
12259,Duronto,Sealdah,Asansol,157.8,71.3,-1.0,11.4,0.438,Clear,23,1,155.8
12627,Express,Vijayawada,Warangal,180.0,55.3,7.4,12.3,0.183,Clear,7,4,193.4
12723,Express,Warangal,Vijayawada,195.7,62.0,6.1,17.1,0.192,Rain,2,2,213.9
12301,Rajdhani,Prayagraj,DDU,200.2,73.4,10.1,19.1,0.372,Clear,4,3,176.8
12951,Rajdhani,Ratlam,Kota,246.7,76.9,24.7,14.4,0.366,Clear,8,4,185.8
12723,Express,Warangal,Vijayawada,262.1,74.5,3.2,8.0,0.396,Fog,1,4,215.6
12723,Express,Hyderabad,Kazipet,137.0,66.5,5.3,8.4,0.051,Rain,0,2,139.1
12860,Express,Mumbai,Pune,211.2,74.5,0.7,6.4,0.273,Clear,23,3,182.9
12951,Rajdhani,Surat,Vadodara,160.9,74.6,2.2,8.3,0.081,Heavy Rain,3,0,135.1
12951,Rajdhani,Vadodara,Ratlam,174.0,63.5,21.3,2.6,0.349,Rain,4,1,184.6
12259,Duronto,Asansol,Dhanbad,104.0,76.7,19.7,18.7,0.263,Clear,2,3,107.1
12301,Rajdhani,Prayagraj,DDU,203.3,77.9,6.5,17.3,0.094,Clear,5,3,167.8
12860,Express,Kalaburagi,Wadi,80.5,68.2,12.1,12.7,0.615,Clear,8,0,107.4
12301,Rajdhani,DDU,Gaya,144.8,63.7,-3.5,13.8,0.028,Clear,7,0,133.7
12860,Express,Wadi,Secunderabad,153.6,60.9,4.2,0.1,0.526,Rain,9,4,185.0
12723,Express,Gudur,Chennai,254.4,68.7,7.3,21.6,0.452,Clear,9,2,214.3
12860,Express,Solapur,Kalaburagi,127.0,57.9,7.4,10.7,0.194,Clear,5,6,158.4
12259,Duronto,Dhanbad,Gaya,138.8,66.8,18.0,16.6,0.265,Clear,3,4,169.2
12951,Rajdhani,Vadodara,Ratlam,184.4,67.5,10.4,13.7,0.09,Clear,4,3,182.5
12951,Rajdhani,Surat,Vadodara,156.5,70.5,2.7,3.2,0.308,Rain,2,4,133.5
12951,Rajdhani,Surat,Vadodara,117.9,62.6,10.0,17.3,0.133,Fog,2,1,144.7
12627,Express,Chennai,Gudur,139.2,54.6,15.5,22.1,0.061,Clear,23,6,174.8
12627,Express,Chennai,Gudur,156.8,59.9,19.4,3.4,0.238,Clear,0,2,165.7
12259,Duronto,DDU,New Delhi,207.3,57.9,2.8,0.5,0.244,Fog,9,0,227.6
12860,Express,Kalaburagi,Wadi,76.7,53.6,9.5,23.4,0.228,Rain,8,2,103.8
12627,Express,Vijayawada,Warangal,267.2,78.1,20.4,8.9,0.062,Clear,6,6,189.3
12723,Express,Hyderabad,Kazipet,166.0,77.1,23.1,12.4,0.258,Rain,23,1,148.7
12860,Express,Wadi,Secunderabad,125.4,52.5,14.1,2.5,0.122,Clear,9,6,171.4
12723,Express,Warangal,Vijayawada,260.7,75.3,8.6,27.1,0.342,Clear,2,4,208.4
12301,Rajdhani,Kanpur,Prayagraj,183.3,69.4,18.6,22.9,0.318,Heavy Rain,1,0,191.9
12627,Express,Gudur,Nellore,57.4,59.8,27.9,11.6,0.105,Heavy Rain,2,6,103.4
12259,Duronto,DDU,New Delhi,298.3,77.3,-5.0,3.1,0.286,Rain,8,6,209.3
12301,Rajdhani,DDU,Gaya,180.7,71.8,8.6,19.1,0.529,Fog,6,5,151.7
12951,Rajdhani,Kota,New Delhi,191.9,60.3,4.6,6.7,0.371,Rain,9,5,234.5
12301,Rajdhani,Kanpur,Prayagraj,178.7,73.0,22.7,14.9,0.223,Heavy Rain,2,1,199.2
12723,Express,Vijayawada,Gudur,150.4,50.2,10.4,6.0,0.112,Rain,5,1,220.4
12301,Rajdhani,Prayagraj,DDU,200.7,70.1,24.5,9.0,0.174,Clear,5,1,167.2
12860,Express,Mumbai,Pune,181.1,66.3,17.0,13.4,0.151,Clear,23,3,197.3
12951,Rajdhani,Mumbai,Surat,201.6,63.2,-1.5,21.6,0.367,Clear,0,1,186.6
12860,Express,Wadi,Secunderabad,175.3,76.8,8.9,9.2,0.211,Clear,10,4,171.9
12627,Express,Warangal,Secunderabad,217.4,74.4,34.1,11.3,0.284,Clear,9,4,213.6
12860,Express,Pune,Solapur,211.6,65.1,18.6,27.8,0.169,Clear,2,2,197.7
12301,Rajdhani,New Delhi,Kanpur,131.1,56.9,12.2,24.2,0.314,Clear,0,6,170.8
12860,Express,Solapur,Kalaburagi,150.3,68.8,4.2,10.3,0.252,Fog,6,6,162.9
12627,Express,Vijayawada,Warangal,207.9,67.2,19.2,0.5,0.061,Fog,6,4,197.3
12301,Rajdhani,DDU,Gaya,156.8,60.9,32.9,13.6,0.101,Clear,7,1,158.1
12259,Duronto,Dhanbad,Gaya,155.6,73.8,13.0,20.9,0.421,Fog,4,6,165.0
12723,Express,Warangal,Vijayawada,221.3,60.2,9.6,9.7,0.199,Clear,2,2,212.7
12860,Express,Mumbai,Pune,233.1,70.8,2.5,0.0,0.531,Clear,0,3,208.0
12860,Express,Pune,Solapur,228.3,67.9,-5.0,18.5,0.211,Clear,2,4,190.9
12301,Rajdhani,Gaya,Howrah,198.6,66.1,3.1,7.8,0.256,Clear,9,2,174.6
12860,Express,Pune,Solapur,200.6,70.9,15.5,16.2,0.401,Heavy Rain,2,6,205.4
12627,Express,Vijayawada,Warangal,218.2,63.8,1.4,8.7,0.255,Clear,6,6,187.0
12723,Express,Kazipet,Warangal,43.6,68.7,-0.1,15.8,0.427,Clear,1,4,39.4
12723,Express,Gudur,Chennai,246.2,74.7,22.2,18.7,0.222,Heavy Rain,10,3,224.0
12627,Express,Gudur,Nellore,68.8,58.9,9.4,22.7,0.125,Clear,1,3,90.2
12723,Express,Hyderabad,Kazipet,141.9,66.5,35.2,10.0,0.135,Clear,0,2,153.1
12301,Rajdhani,Kanpur,Prayagraj,143.9,56.9,-5.0,12.3,0.469,Rain,3,0,182.7
12627,Express,Chennai,Gudur,170.3,64.7,25.4,7.9,0.095,Clear,22,0,159.8
12627,Express,Vijayawada,Warangal,122.6,44.0,14.1,20.0,0.146,Clear,7,3,209.6
12259,Duronto,Dhanbad,Gaya,206.8,76.7,18.7,1.9,0.407,Clear,4,1,158.5
12723,Express,Kazipet,Warangal,41.2,77.4,5.1,18.2,0.328,Clear,2,0,54.2
12259,Duronto,Asansol,Dhanbad,128.8,81.4,15.3,12.6,0.212,Clear,2,1,106.0
12951,Rajdhani,Surat,Vadodara,128.6,68.8,-5.0,10.6,0.183,Clear,3,1,123.6
12951,Rajdhani,Kota,New Delhi,276.8,72.8,7.4,12.6,0.181,Heavy Rain,11,1,224.6
12860,Express,Wadi,Secunderabad,246.9,81.8,27.3,15.7,0.356,Rain,9,5,185.5
12860,Express,Wadi,Secunderabad,176.2,67.4,9.6,11.1,0.604,Clear,9,4,185.0
12301,Rajdhani,DDU,Gaya,170.5,72.5,2.2,8.3,0.105,Fog,8,4,154.2
12301,Rajdhani,DDU,Gaya,189.9,77.8,9.5,0.0,0.365,Rain,7,2,153.0
12860,Express,Wadi,Secunderabad,112.3,44.9,4.9,13.2,0.294,Rain,10,1,191.5
12723,Express,Kazipet,Warangal,42.8,73.3,18.6,17.7,0.557,Clear,1,2,47.6
12723,Express,Vijayawada,Gudur,191.9,52.4,21.1,12.0,0.179,Clear,5,6,232.5
12951,Rajdhani,Surat,Vadodara,135.2,66.4,5.4,7.2,0.566,Rain,3,1,142.4
12723,Express,Warangal,Vijayawada,262.9,70.7,-5.0,7.5,0.417,Clear,2,6,207.0
12259,Duronto,Dhanbad,Gaya,178.8,69.0,-1.8,3.8,0.289,Clear,3,3,157.4
12860,Express,Mumbai,Pune,230.5,69.4,31.8,20.6,0.21,Clear,23,4,202.2
12259,Duronto,DDU,New Delhi,256.0,65.6,30.0,0.0,0.099,Clear,10,5,224.0
12301,Rajdhani,Kanpur,Prayagraj,154.4,64.1,8.4,10.2,0.231,Clear,2,4,172.0
12951,Rajdhani,Ratlam,Kota,223.3,66.0,13.9,0.0,0.104,Fog,7,6,185.9
12951,Rajdhani,Ratlam,Kota,271.5,84.8,4.4,0.0,0.347,Clear,7,2,196.6
12627,Express,Warangal,Secunderabad,153.1,51.5,20.6,10.3,0.157,Fog,9,2,199.8
12860,Express,Wadi,Secunderabad,148.4,58.9,20.7,2.2,0.127,Clear,10,6,180.5
12259,Duronto,Dhanbad,Gaya,189.2,68.4,10.5,3.8,0.277,Clear,4,0,154.1
12723,Express,Warangal,Vijayawada,217.4,65.9,9.6,13.4,0.147,Clear,2,3,204.2
12259,Duronto,DDU,New Delhi,306.5,79.6,16.5,5.6,0.501,Clear,8,5,222.3
12259,Duronto,Dhanbad,Gaya,155.0,60.9,15.1,6.4,0.181,Clear,5,1,169.1
12301,Rajdhani,Kanpur,Prayagraj,197.0,69.2,15.8,16.0,0.07,Clear,2,0,165.6
12860,Express,Kalaburagi,Wadi,87.2,57.6,24.9,4.0,0.213,Clear,8,3,100.4
12860,Express,Kalaburagi,Wadi,81.3,62.9,17.3,19.9,0.395,Clear,8,3,100.2
12860,Express,Solapur,Kalaburagi,160.1,70.1,-3.8,0.6,0.167,Clear,5,4,148.6
12627,Express,Vijayawada,Warangal,206.5,63.4,12.8,2.8,0.447,Clear,7,3,192.8
12301,Rajdhani,New Delhi,Kanpur,125.3,52.6,23.4,14.8,0.006,Rain,0,0,187.6
12259,Duronto,Gaya,DDU,178.2,58.6,7.5,6.1,0.125,Clear,6,0,175.1
12860,Express,Pune,Solapur,144.2,49.9,25.1,14.4,0.083,Heavy Rain,3,6,232.3
12627,Express,Chennai,Gudur,158.2,68.2,11.2,10.4,0.544,Clear,0,1,169.7
12951,Rajdhani,Vadodara,Ratlam,188.9,65.3,20.7,13.1,0.38,Rain,5,0,193.4
12951,Rajdhani,Ratlam,Kota,167.3,61.6,16.7,2.1,0.074,Heavy Rain,7,6,204.5
12860,Express,Kalaburagi,Wadi,98.1,76.1,38.7,2.2,0.569,Clear,8,0,107.0
12723,Express,Vijayawada,Gudur,153.0,49.7,20.2,5.1,0.042,Heavy Rain,5,4,234.2
12259,Duronto,Sealdah,Asansol,153.3,66.0,24.8,12.7,0.075,Clear,23,1,163.3
12259,Duronto,Dhanbad,Gaya,249.9,91.9,9.3,6.6,0.339,Rain,3,0,153.7
12860,Express,Solapur,Kalaburagi,108.8,51.2,17.8,15.7,0.154,Clear,7,1,179.0
12860,Express,Kalaburagi,Wadi,79.1,64.3,5.7,13.5,0.343,Clear,9,5,82.6
12723,Express,Kazipet,Warangal,40.0,75.1,1.8,27.0,0.085,Clear,2,2,54.7
12259,Duronto,Gaya,DDU,140.0,56.9,-4.8,1.8,0.211,Heavy Rain,6,2,188.3
12627,Express,Vijayawada,Warangal,202.2,60.0,-5.0,0.0,0.418,Clear,6,2,192.9
12951,Rajdhani,Surat,Vadodara,126.9,59.7,14.7,7.3,0.562,Rain,2,5,145.7
12723,Express,Kazipet,Warangal,40.0,55.7,-2.9,12.7,0.156,Rain,2,2,57.0
12301,Rajdhani,Gaya,Howrah,193.4,70.5,0.1,10.0,0.157,Clear,9,0,183.1
12951,Rajdhani,Mumbai,Surat,188.9,61.0,0.9,7.5,0.097,Clear,22,1,184.6
12860,Express,Kalaburagi,Wadi,100.4,67.6,13.5,8.2,0.544,Clear,8,5,95.2
12627,Express,Vijayawada,Warangal,154.4,56.8,25.7,11.1,0.28,Fog,6,5,214.8
12951,Rajdhani,Ratlam,Kota,240.6,70.0,24.9,15.0,0.498,Clear,7,0,211.9
12627,Express,Vijayawada,Warangal,176.3,66.4,12.8,9.9,0.574,Clear,6,1,193.6
12951,Rajdhani,Ratlam,Kota,195.5,74.0,5.3,10.3,0.105,Rain,8,6,178.0
12951,Rajdhani,Mumbai,Surat,201.0,72.3,20.4,3.1,0.446,Fog,23,3,209.8
12860,Express,Kalaburagi,Wadi,76.7,62.0,12.2,0.0,0.243,Clear,8,6,93.3
12627,Express,Gudur,Nellore,69.0,59.4,-5.0,1.9,0.326,Clear,2,2,75.1
12860,Express,Wadi,Secunderabad,153.6,58.7,18.0,26.7,0.249,Clear,9,6,172.7
12860,Express,Pune,Solapur,170.9,63.7,18.7,8.6,0.244,Fog,3,4,207.9
12301,Rajdhani,Kanpur,Prayagraj,212.6,70.9,12.9,2.8,0.047,Clear,1,3,160.7
12301,Rajdhani,Gaya,Howrah,176.7,65.4,14.6,9.0,0.087,Clear,9,2,176.3
12951,Rajdhani,Ratlam,Kota,172.0,66.4,15.8,12.3,0.282,Fog,7,3,201.4
12627,Express,Chennai,Gudur,134.9,60.5,32.1,10.9,0.115,Clear,0,6,163.6
12723,Express,Warangal,Vijayawada,186.4,62.3,8.2,9.3,0.115,Clear,3,1,204.5
12301,Rajdhani,Gaya,Howrah,159.9,59.9,7.7,4.3,0.287,Heavy Rain,9,5,193.7
12951,Rajdhani,Vadodara,Ratlam,198.9,62.1,1.6,13.5,0.049,Clear,4,5,169.3
12627,Express,Vijayawada,Warangal,204.4,60.0,20.1,3.5,0.359,Rain,6,4,210.2
12723,Express,Warangal,Vijayawada,142.9,47.0,-5.0,16.0,0.07,Clear,2,3,214.1
12723,Express,Vijayawada,Gudur,227.1,67.7,25.5,6.2,0.417,Rain,5,1,204.8
12723,Express,Gudur,Chennai,184.1,63.1,18.8,12.8,0.23,Clear,8,4,217.4
12627,Express,Vijayawada,Warangal,236.6,79.5,14.7,1.0,0.436,Rain,7,3,203.7
12301,Rajdhani,DDU,Gaya,142.8,61.7,19.8,29.7,0.143,Clear,8,6,151.8
12301,Rajdhani,DDU,Gaya,141.8,66.7,-5.0,14.3,0.32,Clear,8,5,138.2
12301,Rajdhani,Kanpur,Prayagraj,180.7,74.9,14.3,25.2,0.074,Clear,2,2,172.8
12259,Duronto,Asansol,Dhanbad,115.8,74.0,5.0,2.0,0.487,Heavy Rain,2,5,129.4
12723,Express,Vijayawada,Gudur,215.3,60.5,22.8,3.1,0.134,Clear,5,2,210.0
12951,Rajdhani,Mumbai,Surat,207.1,78.4,7.1,8.0,0.497,Clear,0,0,191.3
12951,Rajdhani,Kota,New Delhi,251.2,70.0,23.5,0.0,0.041,Clear,11,0,213.0
12860,Express,Wadi,Secunderabad,177.0,62.3,15.1,16.8,0.18,Clear,9,3,175.8
12723,Express,Vijayawada,Gudur,181.0,59.7,-3.1,9.5,0.06,Rain,5,3,203.7
12951,Rajdhani,Surat,Vadodara,95.0,52.8,0.3,13.3,0.226,Clear,2,0,134.5
12627,Express,Warangal,Secunderabad,243.9,71.8,-3.2,20.7,0.216,Heavy Rain,9,3,197.2
12301,Rajdhani,Gaya,Howrah,223.2,74.5,8.8,9.9,0.244,Heavy Rain,10,1,203.3
12723,Express,Gudur,Chennai,275.2,78.3,23.2,14.0,0.157,Fog,9,5,216.5
12627,Express,Warangal,Secunderabad,221.5,69.7,-0.9,12.8,0.426,Clear,8,3,198.6
12860,Express,Solapur,Kalaburagi,191.5,72.4,34.9,9.9,0.595,Fog,5,3,189.9
12259,Duronto,Gaya,DDU,222.2,74.1,38.8,0.0,0.559,Clear,6,2,195.6
12301,Rajdhani,Gaya,Howrah,190.8,62.9,23.4,0.0,0.298,Clear,10,3,201.8
12259,Duronto,DDU,New Delhi,305.6,81.9,17.2,0.0,0.073,Rain,9,3,213.5
12860,Express,Kalaburagi,Wadi,93.9,71.7,34.7,2.7,0.305,Fog,7,1,98.5
12951,Rajdhani,Vadodara,Ratlam,149.5,49.1,12.4,16.8,0.028,Fog,5,2,200.8
12723,Express,Hyderabad,Kazipet,121.0,62.9,24.8,11.2,0.384,Clear,0,5,152.0
12627,Express,Gudur,Nellore,76.0,61.4,31.1,3.0,0.566,Clear,2,6,99.0
12951,Rajdhani,Surat,Vadodara,141.4,62.6,15.5,26.3,0.647,Rain,3,1,151.3
12723,Express,Warangal,Vijayawada,203.1,56.4,18.3,4.2,0.291,Rain,2,1,228.3
12860,Express,Wadi,Secunderabad,160.2,53.9,2.7,5.0,0.217,Heavy Rain,10,0,198.2
12723,Express,Gudur,Chennai,222.6,62.1,31.0,11.7,0.704,Clear,9,5,220.5
12723,Express,Hyderabad,Kazipet,148.9,65.8,3.3,1.8,0.368,Clear,0,4,134.7
12723,Express,Vijayawada,Gudur,217.4,73.9,18.7,19.6,0.407,Clear,5,3,212.1
12723,Express,Warangal,Vijayawada,185.1,60.3,3.4,0.0,0.358,Clear,2,2,211.2
12860,Express,Pune,Solapur,167.4,62.1,22.9,3.9,0.16,Clear,3,6,211.6
12723,Express,Warangal,Vijayawada,231.9,64.4,21.8,16.3,0.106,Fog,3,4,224.2
12259,Duronto,Gaya,DDU,201.6,69.0,19.1,4.5,0.228,Fog,6,4,191.6
12723,Express,Warangal,Vijayawada,166.8,57.0,7.5,7.5,0.331,Clear,2,2,223.0
12301,Rajdhani,DDU,Gaya,130.9,57.4,20.1,1.7,0.502,Rain,6,3,162.5
12627,Express,Chennai,Gudur,104.2,48.7,17.5,10.7,0.39,Clear,0,3,191.3
12627,Express,Gudur,Nellore,58.6,47.5,13.6,4.7,0.423,Clear,3,3,104.1
12860,Express,Pune,Solapur,162.5,62.8,19.3,27.7,0.263,Clear,3,3,196.8
12951,Rajdhani,Ratlam,Kota,207.1,75.0,10.9,12.1,0.23,Clear,7,1,188.8
12723,Express,Warangal,Vijayawada,223.3,67.5,-5.0,14.0,0.394,Heavy Rain,3,1,210.2
12259,Duronto,Dhanbad,Gaya,165.9,66.8,25.9,17.1,0.03,Clear,3,5,149.4
12627,Express,Gudur,Nellore,68.8,55.2,19.0,19.4,0.437,Clear,2,4,95.5
12723,Express,Warangal,Vijayawada,252.9,68.3,25.3,17.3,0.203,Rain,2,3,222.7
12860,Express,Solapur,Kalaburagi,147.9,63.3,11.2,1.4,0.568,Clear,6,3,174.1
12860,Express,Mumbai,Pune,201.4,68.0,13.0,11.8,0.226,Heavy Rain,23,4,210.1
12860,Express,Pune,Solapur,176.0,52.9,5.0,14.0,0.215,Fog,3,3,203.4
12301,Rajdhani,New Delhi,Kanpur,131.7,53.6,1.7,9.4,0.038,Rain,0,6,169.7
12259,Duronto,DDU,New Delhi,243.2,79.1,11.3,1.4,0.341,Clear,8,2,214.7
12723,Express,Vijayawada,Gudur,190.8,53.6,29.4,2.4,0.247,Clear,5,0,225.6
12951,Rajdhani,Surat,Vadodara,146.5,70.6,5.2,5.4,0.24,Clear,3,6,129.8
12301,Rajdhani,Prayagraj,DDU,194.5,69.2,10.1,23.7,0.257,Clear,5,4,168.8
12951,Rajdhani,Ratlam,Kota,196.8,66.9,24.7,0.9,0.074,Heavy Rain,7,3,202.9
12860,Express,Mumbai,Pune,178.9,60.2,5.6,21.7,0.218,Clear,23,6,212.7
12259,Duronto,Sealdah,Asansol,153.0,57.7,-5.0,17.1,0.295,Clear,23,5,165.0
12860,Express,Mumbai,Pune,205.7,62.0,16.0,13.7,0.795,Rain,0,0,233.7
12627,Express,Gudur,Nellore,53.7,57.7,10.3,17.0,0.197,Rain,1,3,88.4
12259,Duronto,Dhanbad,Gaya,116.0,55.6,-5.0,7.1,0.482,Clear,5,5,158.8
12259,Duronto,Sealdah,Asansol,151.5,54.8,9.5,9.6,0.565,Clear,23,5,180.3
12860,Express,Mumbai,Pune,198.5,71.0,17.5,26.0,0.482,Clear,0,3,218.0
12301,Rajdhani,Gaya,Howrah,193.8,78.2,20.3,0.0,0.196,Fog,9,2,185.5
12301,Rajdhani,Gaya,Howrah,191.9,66.1,0.8,9.6,0.101,Clear,10,1,163.7
12860,Express,Solapur,Kalaburagi,149.0,65.8,2.5,17.2,0.349,Clear,6,3,172.6
12301,Rajdhani,DDU,Gaya,183.8,79.0,17.5,8.9,0.168,Clear,8,5,144.7
12951,Rajdhani,Kota,New Delhi,292.2,89.2,8.1,15.8,0.297,Heavy Rain,10,6,216.9
12627,Express,Warangal,Secunderabad,227.6,71.7,21.2,10.3,0.465,Clear,10,4,198.2
12301,Rajdhani,Gaya,Howrah,224.5,71.8,8.0,19.8,0.318,Heavy Rain,10,6,198.7
12301,Rajdhani,New Delhi,Kanpur,156.7,70.3,-5.0,13.1,0.265,Clear,0,6,159.7
12301,Rajdhani,Kanpur,Prayagraj,205.0,75.0,33.3,4.7,0.29,Clear,2,3,181.1
12951,Rajdhani,Mumbai,Surat,223.5,78.6,19.9,15.9,0.102,Clear,23,4,204.9
12860,Express,Mumbai,Pune,176.2,56.0,17.6,10.8,0.088,Clear,23,3,210.3
12627,Express,Gudur,Nellore,88.7,71.5,10.7,23.7,0.255,Clear,3,2,80.6
12951,Rajdhani,Surat,Vadodara,145.3,80.2,35.2,4.7,0.15,Clear,1,0,128.8
12951,Rajdhani,Mumbai,Surat,192.1,71.0,17.9,14.7,0.1,Clear,23,3,198.4
12723,Express,Warangal,Vijayawada,242.1,67.4,3.8,7.2,0.176,Rain,2,3,212.8
12259,Duronto,Dhanbad,Gaya,165.4,67.5,0.8,19.0,0.188,Clear,4,1,156.0
12723,Express,Kazipet,Warangal,49.1,76.3,-5.0,8.6,0.493,Clear,2,0,36.0
12951,Rajdhani,Mumbai,Surat,205.2,69.0,21.5,7.6,0.092,Clear,23,6,196.1
12723,Express,Vijayawada,Gudur,265.2,73.9,1.3,0.0,0.411,Clear,6,1,207.2
12627,Express,Warangal,Secunderabad,142.2,47.1,30.6,6.5,0.142,Clear,8,6,222.2
12627,Express,Vijayawada,Warangal,218.0,63.3,18.4,1.4,0.046,Fog,7,3,192.2
12627,Express,Nellore,Vijayawada,202.5,71.5,13.1,0.1,0.203,Clear,3,0,187.7
12259,Duronto,Dhanbad,Gaya,163.7,66.1,2.4,19.5,0.164,Rain,4,4,157.0
12860,Express,Mumbai,Pune,175.0,55.7,12.1,7.8,0.373,Rain,23,3,214.4
12860,Express,Kalaburagi,Wadi,70.2,57.9,7.3,8.7,0.52,Fog,7,3,116.1
12723,Express,Gudur,Chennai,171.5,61.1,15.9,13.6,0.046,Clear,8,6,214.2
12723,Express,Gudur,Chennai,204.2,63.3,14.8,0.0,0.241,Clear,9,1,204.4
12723,Express,Hyderabad,Kazipet,95.2,45.5,10.0,25.4,0.105,Clear,23,5,156.4
12723,Express,Hyderabad,Kazipet,149.0,66.2,16.3,5.2,0.492,Clear,23,0,149.2
12951,Rajdhani,Ratlam,Kota,229.0,86.3,17.1,12.0,0.338,Clear,6,5,196.9
12860,Express,Kalaburagi,Wadi,61.8,52.1,17.1,3.9,0.05,Clear,8,0,105.0
12259,Duronto,Gaya,DDU,214.2,77.8,29.1,5.7,0.476,Clear,5,6,189.9
12951,Rajdhani,Vadodara,Ratlam,196.4,80.1,24.6,8.0,0.616,Clear,5,6,193.4
12301,Rajdhani,DDU,Gaya,155.8,64.5,32.2,28.1,0.199,Rain,7,6,158.0
12723,Express,Hyderabad,Kazipet,148.6,69.0,15.9,11.4,0.223,Clear,0,4,136.3
12951,Rajdhani,Surat,Vadodara,162.8,76.8,18.1,4.0,0.014,Rain,2,0,126.8
12951,Rajdhani,Ratlam,Kota,158.2,51.4,11.2,6.0,0.111,Rain,7,5,196.9
12259,Duronto,Sealdah,Asansol,197.9,73.2,3.7,9.5,0.064,Rain,0,4,164.7
12627,Express,Chennai,Gudur,135.9,62.7,18.8,6.5,0.401,Rain,0,2,167.5
12627,Express,Gudur,Nellore,65.1,56.4,4.4,2.9,0.162,Rain,2,4,78.3
12860,Express,Pune,Solapur,203.5,61.8,-0.3,24.3,0.074,Clear,4,2,184.1
12301,Rajdhani,New Delhi,Kanpur,203.3,76.7,29.6,23.9,0.211,Clear,23,2,177.1
12860,Express,Kalaburagi,Wadi,94.0,63.8,15.5,19.4,0.358,Clear,8,1,96.8
12627,Express,Warangal,Secunderabad,185.0,63.8,26.8,34.9,0.101,Clear,9,3,205.5
12301,Rajdhani,Gaya,Howrah,180.6,61.2,33.6,19.5,0.165,Rain,9,3,196.8
12627,Express,Gudur,Nellore,79.6,66.3,23.8,11.4,0.225,Clear,1,2,81.4
12860,Express,Solapur,Kalaburagi,130.6,61.3,15.5,1.3,0.172,Clear,6,6,158.2
12860,Express,Solapur,Kalaburagi,182.5,75.3,12.5,9.6,0.444,Rain,6,5,161.4
12301,Rajdhani,DDU,Gaya,121.5,59.2,14.7,16.0,0.127,Clear,7,0,149.6
12627,Express,Gudur,Nellore,61.9,56.0,36.9,23.7,0.139,Clear,1,6,99.9
12259,Duronto,Asansol,Dhanbad,102.1,75.1,-5.0,10.7,0.101,Clear,3,1,99.5
12627,Express,Gudur,Nellore,85.2,74.7,0.9,0.0,0.33,Clear,2,2,74.6
12627,Express,Warangal,Secunderabad,175.2,53.6,7.6,13.4,0.194,Clear,9,5,199.5
12723,Express,Gudur,Chennai,220.5,65.9,20.2,1.5,0.097,Clear,9,0,205.6
12301,Rajdhani,New Delhi,Kanpur,176.6,70.6,3.6,8.6,0.245,Clear,23,3,162.8
12951,Rajdhani,Mumbai,Surat,181.2,70.7,17.2,4.2,0.308,Rain,23,4,189.3
12860,Express,Kalaburagi,Wadi,88.3,76.4,8.6,2.5,0.49,Clear,9,3,98.6
12627,Express,Nellore,Vijayawada,188.4,59.0,29.5,4.0,0.393,Clear,3,6,199.7
12301,Rajdhani,DDU,Gaya,149.8,75.3,2.3,0.0,0.269,Clear,8,4,143.2
12259,Duronto,Gaya,DDU,190.9,65.2,21.4,17.3,0.399,Clear,6,6,174.4
12627,Express,Chennai,Gudur,122.0,52.2,17.1,13.2,0.172,Clear,23,6,166.8
12301,Rajdhani,Prayagraj,DDU,207.9,68.1,23.5,32.8,0.218,Fog,4,3,189.4
12259,Duronto,Dhanbad,Gaya,132.0,58.8,21.4,6.4,0.456,Clear,3,4,172.0
12627,Express,Chennai,Gudur,179.1,66.2,-5.0,9.4,0.054,Rain,0,1,150.8
12301,Rajdhani,Kanpur,Prayagraj,183.1,67.7,20.0,14.3,0.304,Clear,2,2,182.5
12301,Rajdhani,New Delhi,Kanpur,235.5,84.5,15.3,0.0,0.276,Clear,0,1,162.0
12259,Duronto,Sealdah,Asansol,174.9,72.0,17.7,12.6,0.27,Clear,23,0,171.1
12951,Rajdhani,Mumbai,Surat,204.9,67.2,17.0,7.3,0.199,Rain,23,6,200.2
12627,Express,Chennai,Gudur,193.2,72.4,8.5,22.6,0.114,Rain,23,4,151.8
12951,Rajdhani,Surat,Vadodara,119.6,69.8,-5.0,5.0,0.241,Rain,4,6,133.0
12723,Express,Kazipet,Warangal,40.0,53.1,17.4,9.4,0.205,Fog,2,2,55.4
12951,Rajdhani,Ratlam,Kota,190.5,65.7,-1.0,16.2,0.242,Rain,7,4,199.7
12723,Express,Hyderabad,Kazipet,112.4,60.7,3.2,0.0,0.225,Clear,23,6,134.3
12723,Express,Vijayawada,Gudur,149.8,43.6,16.8,0.0,0.553,Clear,6,6,241.3
12259,Duronto,Gaya,DDU,209.2,69.4,18.4,12.7,0.269,Fog,6,0,187.5
12951,Rajdhani,Surat,Vadodara,159.1,75.2,-1.8,2.3,0.086,Clear,4,1,106.1
12627,Express,Gudur,Nellore,60.8,51.5,6.2,6.5,0.453,Clear,2,5,81.3
12259,Duronto,Gaya,DDU,203.4,70.3,3.4,1.5,0.453,Clear,6,3,164.8
12951,Rajdhani,Mumbai,Surat,219.3,66.3,-5.0,20.5,0.735,Clear,23,1,194.7
12951,Rajdhani,Mumbai,Surat,190.3,64.9,26.7,15.1,0.359,Clear,0,3,199.6
12301,Rajdhani,DDU,Gaya,169.1,70.6,27.6,0.0,0.018,Rain,8,2,154.4
12723,Express,Vijayawada,Gudur,234.4,69.0,25.8,19.6,0.26,Fog,6,6,225.7
12723,Express,Vijayawada,Gudur,148.8,51.2,-1.1,9.2,0.207,Clear,6,5,211.0
12860,Express,Mumbai,Pune,176.4,53.4,27.0,7.7,0.312,Heavy Rain,23,6,223.3
12627,Express,Gudur,Nellore,56.1,53.5,7.9,3.8,0.232,Clear,2,5,82.4
12860,Express,Solapur,Kalaburagi,125.3,48.8,12.5,4.4,0.235,Clear,5,6,169.5
12259,Duronto,Gaya,DDU,225.0,72.4,13.8,26.4,0.363,Clear,6,1,180.6
12259,Duronto,Gaya,DDU,179.1,71.4,27.7,17.3,0.245,Heavy Rain,5,4,194.0
12951,Rajdhani,Ratlam,Kota,184.8,64.8,25.2,23.8,0.38,Rain,6,6,201.4
12259,Duronto,Gaya,DDU,177.9,65.8,-5.0,15.8,0.211,Clear,7,2,165.6
12627,Express,Gudur,Nellore,74.5,66.5,-5.0,17.3,0.122,Rain,1,0,73.3
12627,Express,Gudur,Nellore,59.8,64.3,8.4,12.0,0.23,Clear,2,2,81.8
12301,Rajdhani,New Delhi,Kanpur,145.9,65.9,9.9,18.3,0.371,Clear,0,0,169.4
12627,Express,Nellore,Vijayawada,199.3,68.2,0.2,12.2,0.312,Heavy Rain,3,1,199.5
12723,Express,Vijayawada,Gudur,203.5,56.3,-5.0,8.5,0.118,Rain,6,0,217.7
12301,Rajdhani,DDU,Gaya,138.2,60.0,13.3,1.0,0.176,Rain,7,4,154.2
12301,Rajdhani,Gaya,Howrah,215.6,71.1,-5.0,8.9,0.255,Clear,9,5,178.5
12301,Rajdhani,New Delhi,Kanpur,184.9,80.7,13.7,0.0,0.276,Rain,23,4,164.1
12301,Rajdhani,Prayagraj,DDU,176.3,70.7,30.1,12.0,0.477,Clear,5,4,172.5
12951,Rajdhani,Vadodara,Ratlam,224.0,74.3,4.1,5.5,0.125,Fog,4,6,181.7
12627,Express,Warangal,Secunderabad,178.2,56.3,16.9,10.6,0.191,Clear,9,2,200.0
12723,Express,Vijayawada,Gudur,201.0,60.4,17.9,9.2,0.098,Clear,6,2,205.4
12627,Express,Gudur,Nellore,68.4,66.6,-5.0,15.0,0.359,Clear,2,6,80.3
12301,Rajdhani,Kanpur,Prayagraj,206.8,68.9,21.6,8.7,0.279,Rain,2,4,186.9
12951,Rajdhani,Mumbai,Surat,271.9,79.4,9.9,18.4,0.322,Clear,22,2,202.4
12723,Express,Warangal,Vijayawada,187.9,59.3,31.7,11.9,0.263,Clear,2,2,211.5
12301,Rajdhani,New Delhi,Kanpur,199.9,77.4,-5.0,1.8,0.284,Fog,0,5,172.1
12951,Rajdhani,Ratlam,Kota,216.9,69.6,9.4,0.0,0.387,Clear,8,1,182.0
12627,Express,Vijayawada,Warangal,149.4,51.3,25.6,17.1,0.048,Clear,7,5,193.3
12627,Express,Gudur,Nellore,77.9,72.8,4.7,5.9,0.274,Clear,2,4,77.9
12860,Express,Pune,Solapur,221.9,77.4,17.0,2.8,0.139,Clear,2,2,180.9
12259,Duronto,Gaya,DDU,177.2,74.8,10.1,12.6,0.166,Clear,6,0,182.4
12951,Rajdhani,Kota,New Delhi,268.4,73.5,14.3,13.1,0.313,Clear,9,0,219.0
12301,Rajdhani,Kanpur,Prayagraj,147.4,62.8,27.9,18.6,0.099,Heavy Rain,1,1,183.4
12951,Rajdhani,Ratlam,Kota,220.4,73.6,-5.0,9.0,0.607,Rain,7,6,195.5
12301,Rajdhani,Prayagraj,DDU,200.6,68.8,27.9,12.6,0.057,Rain,4,6,193.6
12951,Rajdhani,Surat,Vadodara,140.7,76.8,21.1,10.3,0.405,Rain,3,2,127.1
12860,Express,Mumbai,Pune,199.7,70.3,-4.8,15.2,0.079,Clear,0,2,192.5
12951,Rajdhani,Kota,New Delhi,251.9,71.0,32.8,24.3,0.17,Clear,10,6,221.8
12301,Rajdhani,Kanpur,Prayagraj,202.6,77.3,19.8,0.0,0.255,Clear,2,2,158.0
12951,Rajdhani,Ratlam,Kota,174.2,65.3,20.2,0.0,0.08,Fog,6,1,191.1
12951,Rajdhani,Ratlam,Kota,197.7,68.0,25.0,6.4,0.262,Clear,7,2,194.8
12951,Rajdhani,Kota,New Delhi,229.1,76.9,28.2,10.2,0.421,Clear,10,4,224.2
12951,Rajdhani,Ratlam,Kota,206.8,60.4,8.7,9.9,0.112,Rain,7,0,193.7
12723,Express,Hyderabad,Kazipet,125.7,55.4,17.6,0.0,0.273,Clear,0,4,152.7
12301,Rajdhani,DDU,Gaya,197.1,80.9,16.3,0.0,0.535,Clear,7,5,153.0
12723,Express,Hyderabad,Kazipet,110.9,55.5,4.6,8.5,0.151,Rain,23,6,145.3
12301,Rajdhani,Gaya,Howrah,220.8,76.1,7.8,17.9,0.216,Rain,9,4,182.5
12723,Express,Vijayawada,Gudur,157.4,50.6,8.6,20.9,0.205,Rain,5,3,220.1
12860,Express,Kalaburagi,Wadi,79.1,59.2,3.2,12.2,0.007,Fog,8,1,96.8
12627,Express,Vijayawada,Warangal,146.2,57.3,2.5,6.4,0.616,Clear,6,4,205.9
12723,Express,Hyderabad,Kazipet,138.2,63.0,18.2,22.1,0.187,Clear,0,1,146.1
12860,Express,Pune,Solapur,168.9,58.5,34.3,14.3,0.042,Rain,3,4,204.8
12259,Duronto,Dhanbad,Gaya,215.4,80.5,12.7,10.0,0.057,Clear,3,3,149.2
12627,Express,Chennai,Gudur,147.9,60.1,18.9,12.3,0.385,Clear,23,2,164.4
12860,Express,Solapur,Kalaburagi,121.8,48.3,12.1,11.3,0.307,Clear,5,5,177.2
12259,Duronto,Sealdah,Asansol,208.1,72.8,-4.6,4.2,0.25,Clear,0,3,149.8
12301,Rajdhani,Kanpur,Prayagraj,186.4,69.7,21.6,11.0,0.242,Clear,2,0,182.3
12259,Duronto,Sealdah,Asansol,209.2,75.5,4.6,16.0,0.177,Clear,0,4,152.7
12301,Rajdhani,DDU,Gaya,167.5,71.0,3.1,2.3,0.022,Clear,8,1,133.7
12259,Duronto,Sealdah,Asansol,193.0,68.5,11.8,10.1,0.224,Clear,23,0,161.2
12259,Duronto,Dhanbad,Gaya,140.5,63.8,6.2,11.0,0.06,Fog,4,1,160.8
12723,Express,Hyderabad,Kazipet,152.3,73.0,6.4,1.1,0.235,Rain,23,6,139.0
12301,Rajdhani,Gaya,Howrah,220.8,76.5,19.7,0.0,0.123,Clear,9,3,176.2
12259,Duronto,Dhanbad,Gaya,132.7,49.9,53.5,12.8,0.693,Clear,4,3,193.1
12723,Express,Kazipet,Warangal,40.0,64.4,11.0,12.1,0.361,Clear,1,0,54.8
12627,Express,Warangal,Secunderabad,171.1,51.6,8.3,2.0,0.23,Clear,10,1,204.4
12860,Express,Wadi,Secunderabad,157.4,63.1,5.5,26.8,0.18,Rain,9,1,180.7
12627,Express,Gudur,Nellore,77.7,63.2,-1.1,19.8,0.256,Clear,2,5,83.6
12860,Express,Wadi,Secunderabad,167.2,64.0,1.4,12.1,0.172,Heavy Rain,9,2,177.9
12723,Express,Kazipet,Warangal,40.0,55.2,8.4,0.3,0.27,Clear,3,2,50.0
12627,Express,Gudur,Nellore,67.6,60.1,16.2,3.2,0.144,Rain,2,6,81.3
12860,Express,Kalaburagi,Wadi,87.0,65.3,34.3,7.2,0.243,Clear,8,5,98.0
12860,Express,Pune,Solapur,180.0,61.9,17.1,0.0,0.218,Heavy Rain,3,2,200.3
12723,Express,Warangal,Vijayawada,156.9,55.2,17.6,7.6,0.485,Heavy Rain,3,6,232.3
12723,Express,Vijayawada,Gudur,167.9,58.4,15.0,36.6,0.125,Clear,6,0,218.4
12301,Rajdhani,DDU,Gaya,118.0,56.8,-0.3,10.4,0.179,Fog,8,3,158.0
12301,Rajdhani,Gaya,Howrah,180.0,74.2,21.5,0.8,0.078,Clear,10,3,180.8
12860,Express,Mumbai,Pune,141.4,48.9,9.8,26.4,0.165,Clear,0,4,221.8
12723,Express,Hyderabad,Kazipet,126.2,62.6,5.5,12.9,0.383,Heavy Rain,23,1,158.2
12627,Express,Vijayawada,Warangal,147.0,49.6,0.8,9.9,0.528,Clear,6,4,196.5
12860,Express,Pune,Solapur,168.6,55.3,-5.0,23.8,0.509,Fog,2,3,214.1
12723,Express,Gudur,Chennai,159.0,50.0,1.0,9.9,0.224,Fog,8,1,221.0
12951,Rajdhani,Vadodara,Ratlam,190.9,61.7,-4.7,5.0,0.442,Clear,4,5,184.1
12627,Express,Vijayawada,Warangal,118.1,44.3,6.9,14.7,0.307,Clear,5,4,216.6
12723,Express,Kazipet,Warangal,40.3,66.0,2.4,23.6,0.444,Rain,2,1,49.2
12259,Duronto,DDU,New Delhi,273.9,73.3,2.3,7.2,0.246,Clear,7,4,215.8
12951,Rajdhani,Surat,Vadodara,151.0,68.0,15.8,11.6,0.438,Rain,3,3,148.6
12301,Rajdhani,New Delhi,Kanpur,188.0,63.9,10.3,22.1,0.203,Fog,23,3,182.6
12951,Rajdhani,Vadodara,Ratlam,197.7,70.1,21.0,2.8,0.298,Clear,3,0,175.7
12301,Rajdhani,Prayagraj,DDU,127.2,48.1,11.1,16.1,0.147,Rain,5,4,192.3
12723,Express,Vijayawada,Gudur,159.8,54.3,-3.5,0.0,0.276,Clear,6,1,217.6
12951,Rajdhani,Vadodara,Ratlam,252.0,81.9,12.7,8.1,0.273,Clear,4,3,182.4
12259,Duronto,Gaya,DDU,171.6,60.6,-3.6,19.0,0.321,Clear,6,2,181.5
12627,Express,Chennai,Gudur,128.5,58.5,19.5,5.2,0.131,Fog,0,1,170.1
12860,Express,Mumbai,Pune,218.5,68.7,-4.4,0.0,0.112,Clear,23,4,192.9
12627,Express,Warangal,Secunderabad,230.1,70.0,-1.0,10.5,0.062,Clear,9,0,193.9
12723,Express,Hyderabad,Kazipet,184.1,79.2,11.3,0.0,0.43,Rain,0,4,147.0
12301,Rajdhani,New Delhi,Kanpur,178.9,72.5,7.0,15.9,0.444,Clear,0,5,176.4
12951,Rajdhani,Vadodara,Ratlam,208.7,80.1,18.1,11.0,0.53,Clear,4,2,194.6
12860,Express,Pune,Solapur,165.6,62.4,0.3,2.3,0.313,Clear,2,4,181.8
12259,Duronto,Gaya,DDU,191.2,75.7,20.7,16.5,0.136,Clear,6,2,174.1
12951,Rajdhani,Surat,Vadodara,168.3,78.0,16.7,14.6,0.106,Heavy Rain,2,5,144.1
12723,Express,Vijayawada,Gudur,256.0,72.6,15.6,7.8,0.095,Clear,4,6,207.7
12627,Express,Nellore,Vijayawada,179.1,59.5,30.6,24.9,0.232,Fog,3,1,210.9
12951,Rajdhani,Ratlam,Kota,221.2,72.4,3.9,13.5,0.317,Rain,8,0,191.8
12951,Rajdhani,Ratlam,Kota,178.0,55.8,4.1,6.1,0.449,Rain,7,2,210.1
12723,Express,Warangal,Vijayawada,233.0,63.1,10.7,11.0,0.424,Rain,1,1,225.9
12723,Express,Hyderabad,Kazipet,146.0,58.6,0.1,3.5,0.184,Rain,0,2,152.9
12951,Rajdhani,Vadodara,Ratlam,199.5,66.9,19.0,2.2,0.215,Rain,4,5,181.9
12860,Express,Solapur,Kalaburagi,174.8,61.0,32.8,22.4,0.122,Fog,5,6,180.3
12860,Express,Mumbai,Pune,191.0,54.4,9.3,7.5,0.689,Clear,23,3,213.4
12627,Express,Warangal,Secunderabad,186.0,62.4,8.4,13.8,0.344,Clear,9,5,184.1
12301,Rajdhani,DDU,Gaya,143.8,60.3,25.4,9.0,0.53,Clear,7,3,165.8
12723,Express,Hyderabad,Kazipet,173.8,71.8,3.1,11.8,0.258,Heavy Rain,23,4,150.9
12259,Duronto,Dhanbad,Gaya,124.8,58.3,24.6,17.5,0.143,Rain,4,2,174.6
12627,Express,Gudur,Nellore,42.2,41.5,29.8,3.5,0.156,Clear,2,1,103.6
12860,Express,Wadi,Secunderabad,156.3,59.1,7.9,16.0,0.123,Clear,10,2,179.6
12723,Express,Hyderabad,Kazipet,115.2,59.3,-4.4,15.3,0.25,Clear,0,2,142.7
12627,Express,Gudur,Nellore,57.2,52.4,19.8,0.4,0.659,Clear,2,3,87.7
12627,Express,Warangal,Secunderabad,143.8,46.4,17.0,22.4,0.154,Clear,8,2,213.3
12627,Express,Nellore,Vijayawada,171.6,63.7,9.4,11.2,0.226,Fog,3,4,203.1
12259,Duronto,Sealdah,Asansol,176.8,74.0,0.4,19.5,0.481,Heavy Rain,0,0,163.9
12259,Duronto,Asansol,Dhanbad,100.9,61.2,3.3,8.4,0.465,Clear,2,1,117.0
12259,Duronto,DDU,New Delhi,263.8,72.0,35.1,14.2,0.292,Heavy Rain,9,5,234.9
12723,Express,Warangal,Vijayawada,195.8,60.8,35.0,0.0,0.344,Clear,2,6,215.0
12723,Express,Kazipet,Warangal,40.0,54.4,12.6,4.3,0.222,Clear,2,1,51.1
12860,Express,Mumbai,Pune,163.4,57.7,17.9,8.4,0.201,Fog,23,0,212.3
12723,Express,Gudur,Chennai,157.4,54.8,28.1,17.2,0.265,Heavy Rain,9,3,245.1
12860,Express,Solapur,Kalaburagi,168.8,61.5,17.6,0.0,0.274,Clear,5,5,162.8
12301,Rajdhani,Prayagraj,DDU,152.6,63.8,27.2,6.2,0.57,Rain,4,6,176.1
12259,Duronto,Gaya,DDU,197.5,69.4,3.1,16.4,0.34,Clear,6,5,179.5
12301,Rajdhani,Prayagraj,DDU,226.5,79.2,43.4,15.9,0.113,Clear,5,6,180.4
12860,Express,Mumbai,Pune,211.1,61.3,11.9,21.2,0.287,Fog,23,1,222.3
12951,Rajdhani,Kota,New Delhi,264.8,70.2,26.4,0.8,0.223,Clear,11,5,209.3
12301,Rajdhani,DDU,Gaya,173.0,67.6,35.6,14.3,0.132,Rain,7,4,157.4
12301,Rajdhani,Prayagraj,DDU,175.0,73.0,17.4,0.0,0.207,Rain,5,2,176.9
12723,Express,Vijayawada,Gudur,188.2,54.2,0.1,16.3,0.599,Clear,6,6,211.9
12259,Duronto,DDU,New Delhi,245.7,75.6,17.4,0.0,0.391,Clear,9,5,217.7
12951,Rajdhani,Ratlam,Kota,227.2,66.3,9.3,16.5,0.217,Clear,8,1,187.9
12259,Duronto,DDU,New Delhi,202.4,57.8,-5.0,16.5,0.147,Clear,8,6,217.9
12723,Express,Vijayawada,Gudur,178.4,48.6,3.3,8.8,0.264,Rain,6,4,223.3
12301,Rajdhani,Gaya,Howrah,199.2,72.0,1.8,11.1,0.074,Heavy Rain,10,6,189.0
12259,Duronto,Asansol,Dhanbad,82.3,57.4,8.0,30.6,0.338,Rain,2,2,118.7
12259,Duronto,Sealdah,Asansol,201.3,70.6,8.2,0.0,0.133,Clear,0,3,155.3
12301,Rajdhani,Gaya,Howrah,223.0,72.8,33.9,3.1,0.081,Clear,9,4,186.1
12860,Express,Wadi,Secunderabad,165.5,60.4,17.3,3.0,0.342,Fog,10,3,180.9
12723,Express,Vijayawada,Gudur,174.0,60.3,12.7,18.7,0.532,Clear,5,6,217.0
12301,Rajdhani,Gaya,Howrah,173.2,65.4,13.2,16.9,0.401,Clear,11,1,180.7
12259,Duronto,Gaya,DDU,196.7,68.5,-5.0,11.9,0.221,Clear,6,0,169.3
12860,Express,Solapur,Kalaburagi,153.8,58.0,32.6,14.0,0.307,Clear,5,3,178.1
12951,Rajdhani,Kota,New Delhi,223.0,68.9,14.7,4.3,0.197,Clear,11,3,207.9
12951,Rajdhani,Surat,Vadodara,115.5,63.8,16.4,4.8,0.375,Clear,2,4,133.2
12860,Express,Solapur,Kalaburagi,115.1,50.4,12.4,18.2,0.017,Rain,6,2,172.2
12723,Express,Warangal,Vijayawada,234.5,67.0,-5.0,15.0,0.16,Heavy Rain,2,1,214.0
12951,Rajdhani,Surat,Vadodara,144.0,62.9,23.9,0.0,0.219,Clear,3,0,131.5
12723,Express,Gudur,Chennai,193.0,66.4,7.1,0.0,0.489,Rain,9,5,215.3
12627,Express,Nellore,Vijayawada,150.7,58.4,25.1,11.9,0.514,Rain,4,4,218.7
12301,Rajdhani,DDU,Gaya,181.1,83.9,13.7,14.0,0.115,Clear,7,0,137.0
12301,Rajdhani,DDU,Gaya,172.4,77.8,-0.0,13.5,0.228,Clear,7,4,139.1
12860,Express,Mumbai,Pune,264.5,73.6,20.7,4.8,0.333,Clear,0,1,206.8
12951,Rajdhani,Mumbai,Surat,185.5,62.7,36.7,2.8,0.497,Clear,0,6,202.9
12951,Rajdhani,Ratlam,Kota,202.1,64.6,17.3,6.8,0.428,Clear,7,6,200.0
12860,Express,Solapur,Kalaburagi,201.9,80.5,26.4,11.9,0.235,Fog,6,1,173.8
12301,Rajdhani,Kanpur,Prayagraj,177.3,72.5,10.8,5.4,0.39,Clear,2,4,165.1
12301,Rajdhani,Prayagraj,DDU,185.1,62.2,0.4,13.4,0.073,Fog,5,5,169.1
12627,Express,Gudur,Nellore,84.2,69.1,0.1,9.7,0.277,Rain,2,1,76.4
12301,Rajdhani,Prayagraj,DDU,188.8,75.6,27.1,6.4,0.269,Clear,5,4,176.4
12259,Duronto,Gaya,DDU,184.0,67.1,6.6,18.1,0.093,Clear,6,4,163.8
12627,Express,Chennai,Gudur,177.4,72.2,4.4,14.3,0.602,Clear,23,5,163.6
12951,Rajdhani,Kota,New Delhi,215.6,71.9,30.4,5.0,0.285,Clear,11,5,218.3
12951,Rajdhani,Mumbai,Surat,177.3,63.2,12.7,17.7,0.147,Clear,23,0,184.7
12951,Rajdhani,Surat,Vadodara,166.9,73.3,1.7,5.4,0.492,Clear,3,2,138.8
12627,Express,Gudur,Nellore,49.1,52.0,6.7,4.0,0.183,Clear,2,5,92.2
12259,Duronto,DDU,New Delhi,273.7,75.8,0.5,10.2,0.062,Rain,8,1,206.2
12723,Express,Gudur,Chennai,197.8,66.7,10.8,11.7,0.16,Clear,9,0,202.9
12951,Rajdhani,Vadodara,Ratlam,167.9,60.4,0.2,13.4,0.049,Clear,5,0,171.9
12723,Express,Vijayawada,Gudur,234.8,73.4,30.0,20.9,0.426,Clear,6,0,214.6
12301,Rajdhani,New Delhi,Kanpur,191.7,64.7,25.5,10.8,0.13,Fog,23,0,176.3
12951,Rajdhani,Mumbai,Surat,214.9,82.1,15.3,20.8,0.469,Fog,0,5,203.6
12951,Rajdhani,Ratlam,Kota,220.0,77.5,27.2,5.7,0.482,Clear,7,2,207.4
12860,Express,Mumbai,Pune,250.7,79.2,5.7,29.3,0.143,Heavy Rain,0,2,212.6
12259,Duronto,Sealdah,Asansol,172.5,73.9,16.0,14.2,0.446,Clear,23,1,175.8
12723,Express,Kazipet,Warangal,40.0,48.0,27.0,1.3,0.389,Clear,1,1,70.6
12627,Express,Gudur,Nellore,59.2,55.2,13.5,22.2,0.136,Clear,2,4,73.3
12301,Rajdhani,DDU,Gaya,159.9,71.0,22.1,17.1,0.395,Clear,8,4,156.3
12627,Express,Chennai,Gudur,141.0,62.1,-5.0,0.0,0.231,Clear,0,6,148.2
12951,Rajdhani,Kota,New Delhi,237.0,66.0,30.3,0.5,0.123,Clear,10,4,213.9
12259,Duronto,Sealdah,Asansol,190.0,70.2,5.5,19.4,0.191,Clear,0,1,163.4
12259,Duronto,DDU,New Delhi,282.9,72.9,9.6,10.0,0.542,Clear,9,1,223.4
12627,Express,Gudur,Nellore,80.5,68.4,18.2,3.2,0.272,Clear,2,3,85.6
12301,Rajdhani,New Delhi,Kanpur,148.6,55.4,-1.1,0.0,0.387,Clear,23,0,178.3
12860,Express,Mumbai,Pune,192.9,62.6,-5.0,20.9,0.414,Fog,0,1,214.9
12951,Rajdhani,Ratlam,Kota,270.6,87.4,-5.0,3.9,0.523,Fog,7,3,193.2
12259,Duronto,DDU,New Delhi,196.3,61.0,11.1,13.2,0.351,Rain,9,4,219.9
12259,Duronto,Dhanbad,Gaya,157.8,69.9,16.9,2.7,0.046,Rain,3,3,155.5
12301,Rajdhani,Gaya,Howrah,210.2,69.2,13.7,11.3,0.838,Rain,10,3,195.7
12951,Rajdhani,Ratlam,Kota,213.0,76.6,34.8,8.1,0.394,Clear,7,6,182.2
12723,Express,Vijayawada,Gudur,233.8,68.1,2.3,0.5,0.315,Clear,4,2,212.5
12723,Express,Hyderabad,Kazipet,123.2,64.8,11.8,5.7,0.216,Clear,23,5,140.6
12723,Express,Hyderabad,Kazipet,150.7,66.3,22.5,8.9,0.451,Fog,0,5,158.3
12259,Duronto,Asansol,Dhanbad,102.3,63.6,7.2,0.0,0.178,Clear,2,2,112.5
12259,Duronto,Asansol,Dhanbad,116.3,75.3,22.6,7.0,0.351,Fog,2,6,120.9
12723,Express,Vijayawada,Gudur,253.3,69.5,17.5,12.6,0.213,Heavy Rain,6,4,228.6
12723,Express,Vijayawada,Gudur,184.5,56.9,5.7,21.8,0.313,Clear,5,0,216.9
12259,Duronto,Asansol,Dhanbad,97.8,62.3,22.6,17.0,0.366,Rain,3,1,131.4
12723,Express,Vijayawada,Gudur,132.6,42.8,5.9,7.6,0.212,Clear,6,6,221.5
12259,Duronto,Gaya,DDU,189.1,75.4,16.9,12.6,0.256,Clear,6,6,175.8
12301,Rajdhani,DDU,Gaya,142.0,71.1,14.3,10.0,0.093,Clear,7,4,153.2
12259,Duronto,Asansol,Dhanbad,91.4,59.1,3.8,4.2,0.181,Fog,2,4,112.3
12723,Express,Warangal,Vijayawada,223.1,63.7,22.7,5.6,0.495,Clear,2,0,219.4
12723,Express,Hyderabad,Kazipet,140.4,57.3,26.8,20.6,0.35,Heavy Rain,23,1,171.5
12951,Rajdhani,Mumbai,Surat,282.6,85.7,8.6,29.8,0.411,Clear,0,5,207.1
12301,Rajdhani,New Delhi,Kanpur,140.6,58.0,7.3,10.7,0.661,Clear,23,3,179.2
12259,Duronto,Gaya,DDU,195.8,65.3,4.2,6.4,0.452,Clear,6,6,170.6
12951,Rajdhani,Kota,New Delhi,187.0,56.2,-2.8,1.8,0.086,Clear,10,0,225.3
12723,Express,Warangal,Vijayawada,171.5,57.8,10.7,19.2,0.475,Clear,2,6,216.1
12951,Rajdhani,Mumbai,Surat,159.0,59.6,9.5,0.0,0.338,Clear,0,3,197.0
12301,Rajdhani,Prayagraj,DDU,156.0,68.7,8.3,6.4,0.208,Fog,5,0,182.3
12951,Rajdhani,Kota,New Delhi,207.0,60.1,-5.0,4.0,0.216,Clear,10,4,205.8
12723,Express,Warangal,Vijayawada,185.1,58.9,26.7,13.0,0.55,Rain,2,1,227.0
12627,Express,Warangal,Secunderabad,196.1,61.3,16.3,4.0,0.194,Clear,9,2,188.4
12860,Express,Kalaburagi,Wadi,65.0,56.5,-3.1,17.2,0.239,Clear,7,0,103.5
12860,Express,Pune,Solapur,115.3,43.5,14.6,16.2,0.144,Heavy Rain,3,5,229.5
12951,Rajdhani,Ratlam,Kota,260.9,75.9,7.4,0.0,0.197,Heavy Rain,7,1,194.3
12259,Duronto,Asansol,Dhanbad,104.8,70.0,15.1,0.0,0.17,Clear,2,6,101.3
12627,Express,Vijayawada,Warangal,208.2,60.7,17.1,17.1,0.199,Clear,7,0,200.9
12723,Express,Warangal,Vijayawada,153.7,47.9,25.3,19.3,0.213,Clear,2,6,235.6
12860,Express,Wadi,Secunderabad,206.6,69.1,24.3,0.0,0.278,Clear,9,1,171.7
12951,Rajdhani,Kota,New Delhi,213.8,67.2,7.0,12.7,0.009,Rain,10,4,212.5
12951,Rajdhani,Mumbai,Surat,184.2,62.1,6.5,6.9,0.128,Clear,23,3,192.6
12301,Rajdhani,DDU,Gaya,199.5,78.4,14.4,7.0,0.164,Clear,7,6,141.8
12860,Express,Mumbai,Pune,186.5,56.0,-0.0,5.9,0.295,Rain,23,3,216.8
12860,Express,Mumbai,Pune,271.0,78.6,9.2,10.1,0.08,Heavy Rain,23,3,207.0
12860,Express,Wadi,Secunderabad,157.5,58.0,-0.3,4.7,0.094,Clear,9,5,167.3
12860,Express,Solapur,Kalaburagi,151.5,67.3,22.8,23.0,0.079,Clear,6,5,162.7
12723,Express,Vijayawada,Gudur,263.7,73.2,32.0,1.1,0.176,Clear,5,2,203.7
12723,Express,Hyderabad,Kazipet,136.7,60.2,13.4,0.0,0.251,Rain,0,2,149.9
12301,Rajdhani,New Delhi,Kanpur,200.5,67.8,-5.0,32.9,0.316,Clear,0,4,178.3
12951,Rajdhani,Ratlam,Kota,213.9,66.8,24.1,8.4,0.44,Fog,8,5,203.4
12301,Rajdhani,Gaya,Howrah,172.4,57.6,8.2,12.7,0.15,Clear,9,2,192.9
12259,Duronto,DDU,New Delhi,208.1,60.8,11.7,10.6,0.565,Clear,9,5,228.7
12627,Express,Vijayawada,Warangal,173.9,62.6,15.5,4.6,0.145,Clear,5,2,191.3
12301,Rajdhani,New Delhi,Kanpur,169.2,71.5,7.6,28.5,0.273,Clear,23,0,171.4
12259,Duronto,Dhanbad,Gaya,163.5,75.1,19.9,9.6,0.55,Clear,4,0,167.1
12723,Express,Vijayawada,Gudur,217.5,58.9,5.0,14.6,0.393,Heavy Rain,6,2,228.3
12723,Express,Hyderabad,Kazipet,152.4,72.7,31.9,7.4,0.129,Heavy Rain,0,0,164.6
12301,Rajdhani,DDU,Gaya,179.6,73.8,20.6,0.0,0.555,Clear,8,0,163.5
12951,Rajdhani,Surat,Vadodara,135.4,63.5,3.1,5.8,0.291,Clear,2,4,146.6
12627,Express,Vijayawada,Warangal,214.8,78.3,7.6,6.5,0.336,Clear,7,3,192.1
12951,Rajdhani,Ratlam,Kota,207.1,62.6,35.1,15.3,0.507,Clear,7,6,207.3
12860,Express,Pune,Solapur,202.4,60.0,14.5,0.0,0.25,Clear,2,0,184.8
12951,Rajdhani,Ratlam,Kota,196.3,64.5,5.6,16.8,0.434,Clear,7,0,197.9
12951,Rajdhani,Ratlam,Kota,173.2,64.1,11.9,1.9,0.146,Clear,8,1,184.5
12723,Express,Hyderabad,Kazipet,120.0,65.1,45.2,19.4,0.401,Fog,22,4,167.7
12259,Duronto,Sealdah,Asansol,174.5,71.2,-3.8,20.0,0.292,Fog,23,5,167.0
12860,Express,Wadi,Secunderabad,120.5,48.5,9.2,15.5,0.255,Clear,9,6,195.6
12951,Rajdhani,Ratlam,Kota,240.1,80.0,17.8,7.5,0.18,Clear,7,4,189.7
12627,Express,Gudur,Nellore,77.2,68.1,9.3,9.3,0.169,Fog,2,4,78.3
12301,Rajdhani,DDU,Gaya,167.1,67.3,29.3,9.5,0.377,Fog,7,2,172.0
12860,Express,Wadi,Secunderabad,176.2,59.8,8.2,2.2,0.14,Clear,10,2,175.5
12301,Rajdhani,New Delhi,Kanpur,132.9,57.7,8.0,29.4,0.047,Rain,23,2,174.9
12301,Rajdhani,Kanpur,Prayagraj,227.4,81.7,20.5,16.1,0.641,Clear,2,5,181.0
12301,Rajdhani,Kanpur,Prayagraj,193.2,71.6,15.9,22.8,0.238,Clear,2,6,178.5
12951,Rajdhani,Ratlam,Kota,212.9,63.3,2.7,18.3,0.481,Rain,8,0,206.7
12860,Express,Wadi,Secunderabad,177.2,60.6,-1.6,0.0,0.175,Clear,10,2,154.5
12301,Rajdhani,DDU,Gaya,174.0,77.6,3.0,5.1,0.098,Clear,7,6,135.0
12301,Rajdhani,DDU,Gaya,134.5,64.3,-1.0,17.9,0.607,Heavy Rain,8,0,167.3
12723,Express,Gudur,Chennai,164.2,47.5,-1.1,0.0,0.476,Clear,9,0,225.6
12259,Duronto,Dhanbad,Gaya,186.1,72.0,9.2,6.0,0.249,Fog,3,5,159.0
12627,Express,Warangal,Secunderabad,223.1,68.9,36.0,11.8,0.14,Clear,9,6,198.1
12951,Rajdhani,Vadodara,Ratlam,165.0,61.3,15.8,0.4,0.363,Clear,4,3,199.0
12627,Express,Gudur,Nellore,67.8,67.4,25.2,11.8,0.135,Heavy Rain,1,5,91.9
12860,Express,Kalaburagi,Wadi,109.4,81.5,6.8,5.2,0.468,Clear,8,2,90.5
12259,Duronto,DDU,New Delhi,170.8,56.2,18.0,17.0,0.033,Rain,9,0,226.8
12627,Express,Chennai,Gudur,133.3,55.4,27.5,20.7,0.515,Clear,22,2,170.4
12860,Express,Mumbai,Pune,125.0,46.0,9.5,12.6,0.422,Clear,1,0,215.5
12860,Express,Wadi,Secunderabad,153.8,66.5,0.7,4.2,0.513,Clear,10,3,167.7
12301,Rajdhani,Gaya,Howrah,190.5,68.4,11.0,16.0,0.125,Rain,9,6,180.4
12951,Rajdhani,Mumbai,Surat,231.5,71.5,29.2,2.0,0.227,Clear,0,5,193.8
12723,Express,Kazipet,Warangal,40.0,61.1,-5.0,9.8,0.356,Clear,1,5,54.3
12951,Rajdhani,Mumbai,Surat,171.3,61.6,17.7,0.0,0.3,Clear,0,1,187.1
12301,Rajdhani,DDU,Gaya,126.6,62.6,3.8,0.0,0.273,Clear,8,6,149.3
12627,Express,Gudur,Nellore,63.3,66.3,11.0,0.0,0.291,Rain,2,3,79.5
12301,Rajdhani,DDU,Gaya,159.3,76.6,-5.0,18.8,0.327,Clear,8,6,144.4
12301,Rajdhani,Gaya,Howrah,214.6,83.0,5.6,23.0,0.156,Clear,10,4,177.2
12627,Express,Chennai,Gudur,133.9,59.9,20.5,10.4,0.169,Clear,23,5,158.0
12627,Express,Warangal,Secunderabad,207.3,67.0,9.8,11.1,0.356,Clear,9,6,189.8
12723,Express,Vijayawada,Gudur,162.2,50.5,-2.9,12.4,0.504,Clear,5,0,229.9
12301,Rajdhani,Kanpur,Prayagraj,151.4,66.3,-5.0,12.1,0.238,Clear,2,4,161.3
12951,Rajdhani,Ratlam,Kota,193.5,69.1,39.0,15.9,0.036,Heavy Rain,7,4,216.6
12723,Express,Hyderabad,Kazipet,113.5,54.4,11.2,0.0,0.115,Fog,0,2,140.3
12301,Rajdhani,New Delhi,Kanpur,154.3,66.3,9.8,5.8,0.335,Clear,0,6,162.3
12627,Express,Warangal,Secunderabad,191.6,70.4,-5.0,17.9,0.261,Clear,9,6,185.9
12301,Rajdhani,Kanpur,Prayagraj,182.1,64.8,0.4,0.0,0.13,Heavy Rain,1,0,172.2
12951,Rajdhani,Mumbai,Surat,152.0,58.7,19.9,16.5,0.551,Clear,23,0,210.1
12860,Express,Pune,Solapur,177.1,67.8,26.7,6.9,0.611,Clear,3,0,205.3
12259,Duronto,Asansol,Dhanbad,101.9,70.8,7.4,4.5,0.056,Rain,2,1,106.1
12951,Rajdhani,Surat,Vadodara,136.3,61.4,26.2,12.8,0.284,Clear,2,5,143.3
12259,Duronto,DDU,New Delhi,200.7,63.9,1.4,7.0,0.435,Clear,8,0,222.6
12860,Express,Mumbai,Pune,204.3,58.4,21.6,12.5,0.218,Clear,23,3,212.6
12627,Express,Vijayawada,Warangal,225.5,67.5,17.5,10.2,0.295,Rain,6,2,207.2
12627,Express,Warangal,Secunderabad,193.6,62.1,-3.8,14.1,0.324,Clear,10,0,195.3
12301,Rajdhani,DDU,Gaya,122.5,56.8,18.4,14.9,0.256,Clear,7,0,156.6
12259,Duronto,Asansol,Dhanbad,101.6,66.0,11.6,14.0,0.389,Clear,2,4,109.5
12259,Duronto,Gaya,DDU,189.8,61.4,15.8,2.1,0.076,Clear,5,1,186.2
12301,Rajdhani,Gaya,Howrah,215.0,76.4,14.9,8.0,0.262,Clear,10,1,186.9
12627,Express,Warangal,Secunderabad,262.2,76.4,11.9,8.0,0.434,Clear,10,3,194.4
12951,Rajdhani,Vadodara,Ratlam,246.9,85.6,24.7,26.2,0.75,Clear,5,2,201.0
12627,Express,Chennai,Gudur,139.9,61.3,29.5,2.4,0.439,Clear,1,6,166.8
12259,Duronto,Gaya,DDU,186.2,61.0,37.7,8.6,0.139,Clear,6,3,184.8
12301,Rajdhani,Kanpur,Prayagraj,202.1,68.9,25.2,0.0,0.216,Fog,2,4,178.3
12860,Express,Mumbai,Pune,181.4,58.3,8.1,11.9,0.167,Clear,23,4,201.1
12627,Express,Nellore,Vijayawada,151.7,59.2,10.8,20.2,0.554,Clear,3,6,196.4
12723,Express,Gudur,Chennai,213.3,62.4,17.4,20.4,0.299,Clear,9,3,207.4
12951,Rajdhani,Vadodara,Ratlam,240.2,77.5,29.0,0.0,0.369,Clear,4,5,183.3
12860,Express,Kalaburagi,Wadi,93.5,70.3,18.6,11.1,0.18,Clear,8,2,94.0
12860,Express,Wadi,Secunderabad,131.9,55.7,10.5,24.2,0.238,Clear,10,3,181.3
12723,Express,Hyderabad,Kazipet,134.0,56.8,4.0,0.0,0.242,Rain,23,3,140.7
12723,Express,Warangal,Vijayawada,190.7,59.4,11.5,6.1,0.414,Clear,2,2,213.2
12627,Express,Warangal,Secunderabad,202.3,75.9,6.9,20.0,0.257,Clear,8,2,201.3
12627,Express,Nellore,Vijayawada,198.3,64.8,8.0,2.5,0.176,Clear,3,1,193.3
12860,Express,Pune,Solapur,224.0,68.1,25.3,14.1,0.63,Rain,2,4,207.5
12860,Express,Wadi,Secunderabad,225.1,78.0,13.9,22.1,0.239,Clear,9,0,178.3
12259,Duronto,DDU,New Delhi,271.5,72.6,23.9,2.7,0.45,Heavy Rain,8,4,245.9
12259,Duronto,Sealdah,Asansol,135.9,54.9,-5.0,2.4,0.621,Clear,23,1,181.0
12301,Rajdhani,Prayagraj,DDU,141.7,61.2,18.1,1.1,0.266,Clear,5,6,174.8
12627,Express,Chennai,Gudur,177.5,70.2,-3.1,11.5,0.443,Clear,0,4,153.7
12259,Duronto,Gaya,DDU,161.2,67.5,18.2,0.0,0.49,Clear,6,1,182.3
12259,Duronto,Gaya,DDU,214.8,75.6,4.9,24.6,0.179,Clear,6,0,177.7
12301,Rajdhani,Gaya,Howrah,172.6,68.1,44.7,23.3,0.266,Fog,10,4,207.2
12301,Rajdhani,Kanpur,Prayagraj,168.3,69.8,20.1,15.3,0.376,Clear,2,2,180.4
12951,Rajdhani,Kota,New Delhi,248.3,71.9,13.8,3.0,0.306,Fog,11,5,224.0
12860,Express,Solapur,Kalaburagi,171.6,67.6,6.0,6.2,0.438,Clear,5,4,166.1
12627,Express,Nellore,Vijayawada,202.9,61.7,14.2,3.6,0.221,Rain,3,4,192.2
12860,Express,Wadi,Secunderabad,134.1,57.8,2.3,0.0,0.516,Clear,9,6,173.2
12723,Express,Gudur,Chennai,221.7,61.2,16.4,22.1,0.116,Heavy Rain,9,2,215.6
12259,Duronto,Sealdah,Asansol,184.4,68.9,-5.0,5.0,0.105,Clear,0,1,150.4
12301,Rajdhani,New Delhi,Kanpur,180.7,60.9,27.8,6.9,0.523,Fog,0,5,183.8
12951,Rajdhani,Ratlam,Kota,200.2,69.5,11.8,7.1,0.143,Heavy Rain,8,1,201.6
12723,Express,Gudur,Chennai,222.8,62.0,16.3,5.8,0.415,Clear,8,5,224.9
12301,Rajdhani,Prayagraj,DDU,146.8,56.0,15.0,14.0,0.108,Clear,4,2,173.1
12627,Express,Nellore,Vijayawada,220.5,64.6,15.5,3.8,0.176,Clear,3,2,194.4
12627,Express,Gudur,Nellore,54.5,59.1,-1.9,22.0,0.17,Clear,2,3,78.5
12951,Rajdhani,Surat,Vadodara,147.0,77.3,13.5,0.0,0.269,Clear,2,5,135.9
12860,Express,Wadi,Secunderabad,150.1,65.1,16.7,4.1,0.495,Clear,10,6,163.1
12723,Express,Hyderabad,Kazipet,103.2,43.4,13.0,0.0,0.236,Clear,0,0,159.8
12723,Express,Kazipet,Warangal,40.0,63.5,16.0,4.8,0.332,Clear,2,5,50.4
12259,Duronto,Dhanbad,Gaya,182.9,74.5,34.4,15.6,0.44,Clear,4,0,168.0
12723,Express,Vijayawada,Gudur,150.0,48.7,11.9,19.0,0.122,Clear,5,3,210.2
12259,Duronto,Asansol,Dhanbad,103.2,65.4,18.4,7.8,0.655,Rain,2,1,119.0
12301,Rajdhani,DDU,Gaya,171.2,77.2,10.3,3.2,0.264,Clear,7,6,147.7
12301,Rajdhani,New Delhi,Kanpur,134.4,60.3,14.9,10.4,0.124,Rain,0,1,167.0
12951,Rajdhani,Surat,Vadodara,133.3,66.2,33.1,13.5,0.103,Clear,3,1,143.1
12951,Rajdhani,Mumbai,Surat,264.6,80.8,35.5,0.0,0.218,Clear,0,6,202.3
12951,Rajdhani,Ratlam,Kota,210.1,79.8,24.1,7.5,0.339,Clear,8,3,207.3
12259,Duronto,Sealdah,Asansol,160.6,62.5,5.8,9.9,0.373,Fog,23,0,184.8
12860,Express,Wadi,Secunderabad,173.3,60.5,2.5,8.2,0.268,Rain,10,4,187.0
12259,Duronto,DDU,New Delhi,224.9,64.5,0.2,14.9,0.666,Heavy Rain,9,2,241.0
12723,Express,Kazipet,Warangal,50.2,76.2,2.1,10.8,0.16,Rain,2,2,52.8
12723,Express,Hyderabad,Kazipet,160.0,66.4,0.7,2.8,0.122,Heavy Rain,23,4,153.0
12723,Express,Hyderabad,Kazipet,126.4,58.6,5.5,9.7,0.033,Clear,0,1,135.7
12860,Express,Pune,Solapur,127.8,49.5,14.6,8.0,0.076,Clear,3,4,199.5
12723,Express,Warangal,Vijayawada,198.0,64.0,28.5,5.2,0.674,Clear,2,1,222.6
12627,Express,Gudur,Nellore,65.4,62.6,15.7,26.3,0.174,Fog,3,1,97.8
12259,Duronto,Gaya,DDU,221.5,82.2,-5.0,17.1,0.482,Clear,7,0,183.6
12301,Rajdhani,Kanpur,Prayagraj,193.9,78.7,4.9,0.0,0.199,Clear,2,2,174.8
12860,Express,Kalaburagi,Wadi,91.6,66.3,0.5,28.4,0.402,Clear,8,0,108.3
12301,Rajdhani,Kanpur,Prayagraj,157.3,63.5,8.9,5.4,0.38,Clear,2,4,170.2
12627,Express,Warangal,Secunderabad,219.9,81.5,-3.6,21.4,0.446,Clear,9,2,176.3
12301,Rajdhani,Gaya,Howrah,128.1,47.4,-4.3,13.8,0.408,Clear,9,4,197.3
12259,Duronto,Sealdah,Asansol,146.3,58.5,30.6,14.3,0.098,Clear,23,2,172.2
12627,Express,Chennai,Gudur,131.7,50.2,-1.2,15.3,0.497,Clear,23,0,159.1
12723,Express,Hyderabad,Kazipet,115.5,48.2,6.4,17.3,0.261,Clear,0,1,155.2
12723,Express,Gudur,Chennai,220.9,63.2,7.1,17.4,0.178,Rain,9,6,203.9
12951,Rajdhani,Mumbai,Surat,150.6,57.5,9.0,25.2,0.326,Clear,23,6,202.0
12723,Express,Gudur,Chennai,232.9,65.4,2.3,7.2,0.006,Clear,9,4,198.7
12301,Rajdhani,Kanpur,Prayagraj,179.2,69.4,22.6,14.1,0.299,Clear,3,1,183.4
12860,Express,Pune,Solapur,157.2,58.5,8.3,4.5,0.206,Clear,2,5,191.8
12723,Express,Kazipet,Warangal,40.0,64.6,2.8,2.7,0.298,Fog,2,4,47.5
12259,Duronto,Sealdah,Asansol,176.0,71.1,17.2,5.0,0.192,Clear,23,5,159.6
12951,Rajdhani,Surat,Vadodara,132.6,65.3,26.2,17.4,0.284,Rain,3,2,143.5
12301,Rajdhani,Prayagraj,DDU,181.5,69.6,6.2,5.8,0.256,Fog,5,3,175.6
12723,Express,Warangal,Vijayawada,218.3,61.5,22.5,13.0,0.092,Fog,2,3,210.8
12627,Express,Vijayawada,Warangal,193.2,56.0,23.4,12.7,0.235,Fog,6,6,204.4
12860,Express,Solapur,Kalaburagi,137.8,53.9,30.3,2.7,0.333,Rain,5,0,168.6
12723,Express,Vijayawada,Gudur,202.4,67.1,17.2,9.4,0.165,Fog,6,4,222.2
12627,Express,Chennai,Gudur,147.8,56.6,-5.0,16.4,0.196,Clear,0,6,144.2
12951,Rajdhani,Mumbai,Surat,164.5,54.9,23.2,14.1,0.456,Rain,23,3,210.9
12723,Express,Kazipet,Warangal,40.0,56.3,14.5,4.9,0.082,Heavy Rain,2,4,62.9
12860,Express,Pune,Solapur,214.0,64.1,-1.8,4.6,0.5,Fog,4,0,195.8
12723,Express,Warangal,Vijayawada,190.6,56.9,9.0,7.9,0.447,Clear,2,6,213.0
12860,Express,Kalaburagi,Wadi,55.0,44.6,11.9,18.4,0.503,Clear,9,6,117.2
12627,Express,Nellore,Vijayawada,177.4,68.3,3.5,6.3,0.308,Clear,3,0,180.1
12951,Rajdhani,Surat,Vadodara,128.4,57.0,11.6,8.1,0.264,Clear,3,5,142.2
12259,Duronto,Sealdah,Asansol,142.8,58.7,13.1,6.6,0.595,Fog,22,0,184.3
12259,Duronto,Asansol,Dhanbad,89.4,57.4,8.0,11.4,0.134,Clear,3,4,113.4
12259,Duronto,Gaya,DDU,177.7,64.9,-0.4,1.5,0.544,Clear,5,6,171.3
12301,Rajdhani,DDU,Gaya,163.5,77.7,15.5,16.4,0.236,Clear,8,4,154.7
12259,Duronto,Dhanbad,Gaya,178.0,66.8,21.1,0.0,0.135,Heavy Rain,3,1,159.9
12259,Duronto,Dhanbad,Gaya,203.1,75.0,26.6,19.9,0.027,Heavy Rain,3,1,157.3
12951,Rajdhani,Kota,New Delhi,251.2,67.2,17.3,3.4,0.266,Rain,10,6,211.3
12259,Duronto,Dhanbad,Gaya,190.7,78.2,18.8,7.9,0.399,Clear,2,6,165.0
12860,Express,Wadi,Secunderabad,229.3,77.2,12.4,6.7,0.42,Rain,9,6,178.0
12259,Duronto,Sealdah,Asansol,194.5,70.1,25.1,10.2,0.349,Clear,23,6,175.3
12627,Express,Vijayawada,Warangal,199.4,60.7,4.3,25.1,0.163,Rain,6,3,214.2
12723,Express,Kazipet,Warangal,40.0,68.7,17.2,3.9,0.53,Rain,2,4,61.9
12627,Express,Warangal,Secunderabad,176.3,63.0,-5.0,23.0,0.235,Clear,9,3,191.7
12951,Rajdhani,Vadodara,Ratlam,191.1,62.5,6.9,1.3,0.234,Clear,4,4,177.7
12860,Express,Mumbai,Pune,166.7,52.2,27.7,4.2,0.446,Rain,0,6,227.5
12723,Express,Kazipet,Warangal,40.0,48.9,9.1,10.1,0.282,Rain,1,4,55.2
12259,Duronto,Asansol,Dhanbad,91.3,66.5,19.3,12.4,0.528,Clear,2,5,113.1
12627,Express,Gudur,Nellore,81.2,72.9,8.3,12.2,0.305,Clear,1,5,73.0
12951,Rajdhani,Mumbai,Surat,249.9,78.6,10.1,9.1,0.362,Clear,23,2,193.4
12723,Express,Hyderabad,Kazipet,129.8,58.6,8.1,21.7,0.34,Rain,23,0,155.8
12951,Rajdhani,Vadodara,Ratlam,190.1,70.3,-1.6,24.5,0.195,Clear,5,4,178.1
12259,Duronto,DDU,New Delhi,231.9,64.0,18.5,7.8,0.399,Clear,9,5,230.3
12259,Duronto,Gaya,DDU,175.3,69.8,-5.0,5.3,0.101,Clear,6,1,168.9
12301,Rajdhani,Prayagraj,DDU,150.4,66.1,20.6,30.0,0.497,Clear,4,1,195.1
12259,Duronto,DDU,New Delhi,250.1,71.0,5.1,11.3,0.123,Clear,9,5,226.1
12301,Rajdhani,DDU,Gaya,157.6,69.4,2.2,0.0,0.116,Fog,7,4,145.0
12259,Duronto,Asansol,Dhanbad,90.7,60.2,2.8,14.7,0.193,Clear,3,4,107.1
12723,Express,Gudur,Chennai,201.7,55.1,15.4,23.6,0.487,Clear,8,6,223.0
12860,Express,Kalaburagi,Wadi,83.0,64.3,21.2,21.1,0.139,Clear,8,6,91.5
12627,Express,Vijayawada,Warangal,181.5,57.5,16.6,15.0,0.404,Heavy Rain,6,2,211.3
12951,Rajdhani,Kota,New Delhi,274.6,75.0,8.9,8.8,0.161,Rain,10,6,208.2
12259,Duronto,Asansol,Dhanbad,119.1,67.5,25.1,12.1,0.295,Fog,2,4,101.1
12259,Duronto,Gaya,DDU,187.3,76.4,18.1,14.8,0.076,Rain,5,4,182.3
12301,Rajdhani,DDU,Gaya,189.4,78.6,12.8,14.2,0.079,Clear,7,3,141.5
12259,Duronto,DDU,New Delhi,247.2,72.0,-5.0,15.5,0.434,Clear,8,0,224.4
12301,Rajdhani,New Delhi,Kanpur,189.1,79.8,21.6,15.9,0.231,Rain,23,6,184.0
12627,Express,Gudur,Nellore,64.3,60.0,23.9,10.3,0.175,Clear,2,6,91.0
12951,Rajdhani,Mumbai,Surat,195.4,64.1,24.8,18.1,0.081,Heavy Rain,0,5,204.6
12301,Rajdhani,DDU,Gaya,137.1,55.6,4.6,21.7,0.327,Clear,8,5,151.4
12259,Duronto,Gaya,DDU,188.9,70.6,10.3,8.6,0.253,Clear,6,6,180.8
12951,Rajdhani,Mumbai,Surat,179.7,56.8,9.5,17.3,0.458,Clear,23,5,202.5
12301,Rajdhani,New Delhi,Kanpur,206.5,74.2,9.2,29.2,0.362,Clear,23,6,184.6
12627,Express,Gudur,Nellore,77.1,64.7,14.6,12.6,0.256,Clear,2,2,74.1
12860,Express,Kalaburagi,Wadi,66.3,56.7,8.2,26.7,0.174,Clear,7,2,95.1
12627,Express,Chennai,Gudur,131.7,60.7,3.3,20.5,0.372,Rain,0,4,170.0
12627,Express,Chennai,Gudur,156.2,59.2,42.2,4.3,0.092,Clear,23,0,159.5
12301,Rajdhani,New Delhi,Kanpur,200.7,90.0,15.4,6.3,0.457,Clear,0,4,169.7
12301,Rajdhani,Kanpur,Prayagraj,170.1,68.8,18.8,0.0,0.293,Clear,2,0,166.4
12723,Express,Vijayawada,Gudur,251.6,74.2,25.1,19.7,0.209,Clear,6,2,212.8
12301,Rajdhani,Gaya,Howrah,265.1,86.7,23.0,11.7,0.236,Clear,9,6,178.1
12723,Express,Kazipet,Warangal,40.0,61.1,6.0,19.3,0.16,Clear,1,2,57.9
12723,Express,Vijayawada,Gudur,156.4,54.8,1.6,14.5,0.588,Heavy Rain,6,6,224.5
12259,Duronto,Sealdah,Asansol,140.8,63.6,7.1,15.1,0.305,Clear,0,2,157.7
12860,Express,Solapur,Kalaburagi,160.2,64.3,16.1,26.9,0.317,Rain,6,2,169.4
12723,Express,Vijayawada,Gudur,158.1,47.5,7.3,18.9,0.11,Rain,5,1,222.3
12259,Duronto,Gaya,DDU,194.7,65.0,5.2,24.6,0.522,Fog,6,1,188.1
12723,Express,Vijayawada,Gudur,219.2,75.3,-1.2,11.9,0.279,Clear,6,5,191.2
12301,Rajdhani,DDU,Gaya,149.7,58.0,-1.5,0.1,0.312,Clear,7,2,150.5
12301,Rajdhani,DDU,Gaya,157.2,76.0,21.6,9.7,0.244,Rain,8,4,156.0
12951,Rajdhani,Surat,Vadodara,165.8,81.0,14.6,0.0,0.025,Heavy Rain,2,6,133.7
12259,Duronto,Asansol,Dhanbad,81.5,51.0,21.4,0.0,0.48,Rain,2,3,112.7
12627,Express,Vijayawada,Warangal,173.5,51.4,15.6,7.7,0.066,Rain,6,0,202.5
12723,Express,Vijayawada,Gudur,176.1,52.8,14.4,0.0,0.422,Clear,6,5,213.6
12951,Rajdhani,Vadodara,Ratlam,197.0,63.1,11.3,2.9,0.224,Rain,4,2,174.9
12627,Express,Vijayawada,Warangal,186.0,60.8,-0.5,7.8,0.16,Rain,6,5,194.8
12723,Express,Warangal,Vijayawada,205.2,60.1,10.5,10.0,0.113,Heavy Rain,3,4,227.3
12259,Duronto,Gaya,DDU,197.0,74.7,-2.0,2.9,0.51,Rain,7,4,179.2
12301,Rajdhani,Gaya,Howrah,173.9,66.3,5.4,12.6,0.156,Clear,10,0,172.7
12259,Duronto,Gaya,DDU,160.1,66.8,15.3,5.3,0.179,Clear,6,5,169.5
12301,Rajdhani,New Delhi,Kanpur,171.0,74.2,16.2,1.2,0.269,Clear,0,6,165.7
12951,Rajdhani,Kota,New Delhi,208.4,68.9,-0.1,12.3,0.321,Clear,11,0,220.7
12860,Express,Kalaburagi,Wadi,79.4,54.1,-5.0,7.7,0.24,Clear,8,1,99.2
12301,Rajdhani,DDU,Gaya,159.2,62.2,16.5,25.7,0.436,Rain,7,4,172.3
12860,Express,Kalaburagi,Wadi,68.5,59.3,3.6,11.7,0.064,Rain,8,1,95.1
12627,Express,Warangal,Secunderabad,193.0,58.9,19.1,17.0,0.434,Clear,9,1,206.3
12723,Express,Gudur,Chennai,178.6,53.0,-5.0,23.8,0.226,Rain,9,6,223.4
12723,Express,Warangal,Vijayawada,149.1,53.6,3.9,3.6,0.47,Rain,3,1,216.6
12860,Express,Kalaburagi,Wadi,80.8,60.6,12.5,17.1,0.705,Heavy Rain,8,5,111.9
12627,Express,Gudur,Nellore,62.6,58.3,16.3,19.5,0.17,Fog,2,3,92.3
12860,Express,Solapur,Kalaburagi,132.2,59.2,15.0,3.8,0.352,Heavy Rain,6,3,169.7
12951,Rajdhani,Vadodara,Ratlam,200.9,67.6,5.9,3.8,0.157,Clear,4,1,178.5
12301,Rajdhani,New Delhi,Kanpur,195.0,67.0,15.6,1.7,0.443,Clear,0,0,170.1
12627,Express,Warangal,Secunderabad,167.9,57.4,-5.0,23.1,0.339,Clear,9,0,186.1
12723,Express,Vijayawada,Gudur,167.5,60.3,5.4,0.6,0.541,Clear,5,0,208.5
12627,Express,Warangal,Secunderabad,187.0,73.2,12.3,10.0,0.166,Clear,9,0,188.7
12723,Express,Hyderabad,Kazipet,164.6,69.7,25.6,16.5,0.597,Clear,23,4,156.0
12627,Express,Chennai,Gudur,202.2,75.5,25.7,6.5,0.307,Rain,23,0,162.5
12301,Rajdhani,DDU,Gaya,109.4,55.5,-5.0,12.6,0.57,Clear,7,1,155.8
12627,Express,Vijayawada,Warangal,182.5,62.9,6.1,17.6,0.181,Rain,7,5,197.3
12723,Express,Gudur,Chennai,177.1,54.4,7.9,2.3,0.133,Clear,9,6,210.8
12860,Express,Wadi,Secunderabad,179.3,64.7,9.3,0.0,0.623,Clear,10,0,178.0
12723,Express,Kazipet,Warangal,40.0,58.6,12.4,0.0,0.051,Clear,1,0,40.0
12723,Express,Hyderabad,Kazipet,141.1,60.4,41.3,0.0,0.438,Clear,0,5,156.5
12860,Express,Pune,Solapur,157.9,55.2,16.1,9.6,0.563,Heavy Rain,2,4,214.5
12723,Express,Kazipet,Warangal,40.0,55.0,6.3,18.4,0.145,Clear,1,0,55.2
12860,Express,Solapur,Kalaburagi,167.8,61.1,8.5,15.6,0.33,Fog,6,5,171.4
12627,Express,Nellore,Vijayawada,215.8,68.4,3.1,0.7,0.23,Rain,3,5,192.1
12951,Rajdhani,Surat,Vadodara,147.7,65.2,14.3,6.9,0.571,Clear,3,0,143.7
12627,Express,Nellore,Vijayawada,183.2,53.8,19.7,22.5,0.575,Rain,3,1,219.5
12860,Express,Wadi,Secunderabad,124.0,54.1,5.5,16.9,0.387,Rain,9,2,186.3
12627,Express,Nellore,Vijayawada,201.9,61.9,9.6,20.3,0.388,Clear,3,1,191.0
12723,Express,Hyderabad,Kazipet,142.1,76.1,7.6,5.3,0.094,Clear,23,3,132.8
12860,Express,Wadi,Secunderabad,153.9,60.2,-3.3,4.9,0.028,Rain,10,6,162.3
12723,Express,Warangal,Vijayawada,147.0,50.6,8.4,6.2,0.299,Clear,2,2,220.5
12627,Express,Gudur,Nellore,60.2,60.6,1.7,24.3,0.379,Clear,2,2,78.7
12627,Express,Vijayawada,Warangal,142.6,50.9,21.0,11.5,0.438,Clear,6,3,206.8
12259,Duronto,Asansol,Dhanbad,112.7,71.8,16.6,7.8,0.283,Clear,2,6,106.8
12951,Rajdhani,Surat,Vadodara,136.1,77.2,21.4,21.4,0.247,Clear,3,1,148.1
12723,Express,Vijayawada,Gudur,240.0,79.0,11.9,11.4,0.26,Clear,5,2,191.9
12860,Express,Pune,Solapur,178.2,55.6,7.3,15.8,0.269,Rain,3,5,202.8
12951,Rajdhani,Surat,Vadodara,160.7,73.0,18.6,11.9,0.099,Rain,2,5,141.3
12723,Express,Gudur,Chennai,189.1,51.1,15.3,9.2,0.315,Heavy Rain,9,2,234.3
12627,Express,Vijayawada,Warangal,148.4,52.0,14.4,13.0,0.244,Clear,7,2,206.0
12723,Express,Kazipet,Warangal,44.5,70.8,29.5,14.7,0.184,Heavy Rain,2,1,63.7
12627,Express,Vijayawada,Warangal,141.7,51.4,4.2,3.6,0.626,Heavy Rain,5,5,212.0
12301,Rajdhani,DDU,Gaya,146.2,76.4,3.1,8.8,0.394,Clear,7,6,140.8
12860,Express,Wadi,Secunderabad,200.4,65.9,-5.0,4.2,0.123,Clear,9,5,153.2
12723,Express,Gudur,Chennai,177.3,58.1,-4.0,21.6,0.431,Clear,10,3,224.4
12860,Express,Pune,Solapur,190.7,70.5,18.4,0.0,0.034,Rain,3,5,181.9
12723,Express,Hyderabad,Kazipet,99.1,42.0,27.3,27.1,0.488,Fog,0,4,182.3
12860,Express,Mumbai,Pune,239.1,68.2,1.0,11.6,0.199,Rain,23,6,196.5
12860,Express,Pune,Solapur,185.8,59.7,15.9,23.7,0.172,Heavy Rain,3,3,214.3
12860,Express,Solapur,Kalaburagi,198.1,70.5,12.2,11.3,0.09,Clear,6,6,156.7
12860,Express,Mumbai,Pune,242.2,76.7,12.0,12.3,0.067,Clear,0,3,201.8
12951,Rajdhani,Kota,New Delhi,250.6,67.4,21.2,0.0,0.15,Clear,10,4,204.8
12860,Express,Wadi,Secunderabad,200.5,71.6,-5.0,10.3,0.591,Rain,10,3,175.2
12860,Express,Solapur,Kalaburagi,126.6,49.1,18.7,14.5,0.273,Rain,5,2,178.4
12259,Duronto,Gaya,DDU,151.8,63.1,15.7,12.9,0.386,Rain,6,4,181.2
12627,Express,Gudur,Nellore,60.8,54.9,16.2,21.0,0.242,Fog,1,2,98.3
12951,Rajdhani,Surat,Vadodara,164.3,86.4,25.3,6.7,0.387,Fog,3,2,145.3
12301,Rajdhani,DDU,Gaya,165.2,68.2,28.9,1.1,0.373,Clear,8,0,148.4
12259,Duronto,Dhanbad,Gaya,156.9,59.5,0.0,15.2,0.426,Rain,4,5,160.7
12627,Express,Nellore,Vijayawada,131.4,48.9,5.0,0.2,0.448,Clear,3,2,197.5
12951,Rajdhani,Vadodara,Ratlam,222.1,73.4,-5.0,6.1,0.134,Rain,4,3,176.6
12723,Express,Gudur,Chennai,226.9,73.5,-5.0,3.1,0.396,Clear,8,4,201.2
12723,Express,Hyderabad,Kazipet,100.1,50.3,6.4,17.0,0.203,Fog,23,3,156.1
12627,Express,Chennai,Gudur,141.8,54.3,-3.6,8.3,0.311,Rain,0,4,170.8
12627,Express,Gudur,Nellore,61.8,50.4,15.7,10.6,0.028,Rain,3,5,89.9
12723,Express,Warangal,Vijayawada,169.2,55.2,-1.9,8.6,0.246,Clear,2,0,207.6
12951,Rajdhani,Vadodara,Ratlam,161.5,65.4,17.5,0.9,0.321,Clear,4,4,184.7
12301,Rajdhani,Gaya,Howrah,194.9,73.4,13.6,0.0,0.401,Clear,9,0,172.2
12951,Rajdhani,Vadodara,Ratlam,194.1,70.3,6.4,21.0,0.398,Clear,5,5,180.5
12860,Express,Wadi,Secunderabad,196.4,72.3,-5.0,8.4,0.258,Clear,9,6,173.6
12860,Express,Solapur,Kalaburagi,144.5,54.4,8.5,12.3,0.197,Clear,6,6,180.5
12723,Express,Vijayawada,Gudur,177.8,63.7,16.1,15.6,0.209,Rain,5,4,212.9
12723,Express,Warangal,Vijayawada,167.0,56.9,12.2,16.8,0.119,Rain,2,3,223.2
12627,Express,Vijayawada,Warangal,183.7,68.3,1.4,1.3,0.116,Heavy Rain,6,2,196.0
12627,Express,Nellore,Vijayawada,256.0,75.9,14.1,7.9,0.688,Clear,3,5,201.6
12301,Rajdhani,New Delhi,Kanpur,196.5,68.7,25.0,7.5,0.09,Heavy Rain,0,4,188.6
12627,Express,Vijayawada,Warangal,170.0,54.8,35.8,3.8,0.113,Clear,6,6,204.6
12860,Express,Wadi,Secunderabad,173.2,74.3,-5.0,0.0,0.092,Clear,9,1,164.4
12723,Express,Kazipet,Warangal,40.0,66.0,5.5,3.9,0.275,Clear,3,5,47.4
12951,Rajdhani,Surat,Vadodara,147.2,65.6,8.7,7.5,0.046,Clear,2,3,126.8
12723,Express,Warangal,Vijayawada,190.4,54.3,21.4,15.5,0.07,Clear,2,2,207.3
12259,Duronto,Asansol,Dhanbad,119.2,74.2,22.7,10.2,0.043,Clear,2,2,103.6
12627,Express,Chennai,Gudur,193.7,72.7,21.9,13.4,0.306,Heavy Rain,23,2,168.7
12301,Rajdhani,Prayagraj,DDU,203.7,70.2,33.5,0.0,0.076,Clear,5,5,170.9
12259,Duronto,Sealdah,Asansol,161.7,71.0,10.8,26.5,0.371,Rain,22,3,173.8
12951,Rajdhani,Vadodara,Ratlam,190.7,70.4,26.6,5.5,0.278,Clear,5,3,185.8
12301,Rajdhani,Kanpur,Prayagraj,204.5,73.2,16.1,8.6,0.441,Clear,2,0,187.5
12723,Express,Gudur,Chennai,211.5,63.2,11.7,19.8,0.188,Clear,9,1,216.8
12259,Duronto,DDU,New Delhi,234.1,62.5,-5.0,15.4,0.356,Clear,9,2,215.1
12723,Express,Hyderabad,Kazipet,137.2,60.9,-5.0,10.0,0.279,Clear,23,4,146.2
12723,Express,Gudur,Chennai,173.2,57.6,12.9,7.0,0.195,Clear,9,0,208.7
12951,Rajdhani,Ratlam,Kota,222.6,76.8,28.7,14.2,0.567,Heavy Rain,7,3,214.1
12723,Express,Vijayawada,Gudur,231.5,62.6,19.6,9.6,0.323,Heavy Rain,5,4,223.5
12723,Express,Gudur,Chennai,169.0,57.8,16.0,7.5,0.081,Heavy Rain,8,6,228.6
12860,Express,Wadi,Secunderabad,160.1,64.3,15.8,7.1,0.233,Rain,9,2,166.0
12860,Express,Wadi,Secunderabad,183.8,65.1,32.3,14.8,0.444,Rain,11,1,195.2
12259,Duronto,Sealdah,Asansol,142.0,62.4,35.3,10.0,0.305,Rain,23,4,174.4
12951,Rajdhani,Kota,New Delhi,213.0,71.3,11.5,12.7,0.235,Clear,11,5,216.9
12951,Rajdhani,Kota,New Delhi,204.5,65.3,26.6,4.9,0.163,Clear,11,6,213.5
12627,Express,Vijayawada,Warangal,153.3,50.8,12.3,7.2,0.373,Rain,6,5,220.7
12860,Express,Wadi,Secunderabad,138.9,60.5,16.7,8.0,0.353,Fog,9,3,188.4
12627,Express,Vijayawada,Warangal,224.3,66.7,-5.0,0.0,0.062,Clear,6,5,183.2
12723,Express,Hyderabad,Kazipet,133.7,67.0,1.2,1.2,0.538,Rain,0,3,155.8
12259,Duronto,Dhanbad,Gaya,131.2,60.6,8.7,1.4,0.407,Clear,5,2,163.2
12860,Express,Solapur,Kalaburagi,145.7,56.6,28.9,17.5,0.108,Clear,6,4,184.3
12301,Rajdhani,Kanpur,Prayagraj,209.3,76.2,18.1,14.3,0.245,Heavy Rain,2,0,193.8
12860,Express,Pune,Solapur,164.3,60.8,6.8,0.0,0.269,Heavy Rain,2,3,198.4
12860,Express,Mumbai,Pune,199.6,62.5,-5.0,14.2,0.201,Rain,0,2,209.6
12951,Rajdhani,Vadodara,Ratlam,259.4,83.3,7.9,17.9,0.045,Rain,4,5,178.4
12723,Express,Kazipet,Warangal,49.3,75.1,22.2,3.3,0.265,Clear,1,5,59.6
12301,Rajdhani,New Delhi,Kanpur,149.1,67.8,4.1,15.5,0.426,Clear,0,2,178.2
12301,Rajdhani,Prayagraj,DDU,163.3,60.4,-5.0,13.5,0.261,Clear,4,0,171.8
12259,Duronto,Dhanbad,Gaya,191.4,71.0,11.7,3.0,0.302,Clear,4,5,151.4
12301,Rajdhani,Kanpur,Prayagraj,225.9,86.4,2.3,0.0,0.446,Clear,3,3,174.0
12860,Express,Wadi,Secunderabad,153.3,61.3,-0.2,21.5,0.224,Rain,10,0,181.9
12723,Express,Hyderabad,Kazipet,163.1,72.3,39.3,12.1,0.224,Clear,23,5,147.5
12259,Duronto,Dhanbad,Gaya,151.6,67.3,17.8,2.9,0.113,Clear,3,4,146.1
12301,Rajdhani,Prayagraj,DDU,142.2,58.0,7.8,0.0,0.143,Fog,4,1,169.9
12627,Express,Chennai,Gudur,158.7,61.7,14.8,0.0,0.388,Clear,0,5,153.0
12259,Duronto,Dhanbad,Gaya,239.1,86.3,11.1,2.2,0.294,Rain,3,3,153.5
12301,Rajdhani,Gaya,Howrah,189.9,72.5,24.8,16.9,0.226,Clear,10,6,184.9
12627,Express,Gudur,Nellore,69.2,63.5,-4.9,16.6,0.255,Clear,2,0,91.2
12951,Rajdhani,Ratlam,Kota,222.7,74.7,26.1,13.5,0.432,Rain,8,6,201.0
12301,Rajdhani,Kanpur,Prayagraj,232.4,81.3,25.8,12.6,0.212,Clear,2,3,186.4
12723,Express,Vijayawada,Gudur,220.4,64.5,3.0,11.2,0.263,Clear,6,4,205.2
12259,Duronto,Gaya,DDU,166.5,70.2,-5.0,3.0,0.101,Fog,7,6,172.8
12723,Express,Warangal,Vijayawada,250.3,74.1,30.2,13.8,0.203,Clear,3,6,215.3
12259,Duronto,Sealdah,Asansol,189.7,71.3,22.4,11.3,0.237,Rain,23,6,176.7
12627,Express,Gudur,Nellore,90.9,80.1,22.4,6.3,0.121,Heavy Rain,2,6,89.3
12259,Duronto,Asansol,Dhanbad,105.5,70.3,11.1,10.1,0.28,Rain,2,6,111.8
12951,Rajdhani,Vadodara,Ratlam,171.0,61.1,12.3,19.3,0.35,Fog,4,5,187.9
12951,Rajdhani,Surat,Vadodara,133.7,76.0,8.1,9.8,0.401,Clear,1,2,142.8
12723,Express,Kazipet,Warangal,40.0,71.7,12.3,10.6,0.294,Heavy Rain,1,4,50.9
12951,Rajdhani,Vadodara,Ratlam,217.9,72.0,37.0,3.3,0.204,Rain,5,2,192.1
12860,Express,Mumbai,Pune,118.8,43.8,7.1,5.5,0.193,Clear,23,3,215.3
12627,Express,Gudur,Nellore,70.2,66.9,12.9,0.0,0.224,Heavy Rain,2,5,95.5
12723,Express,Gudur,Chennai,262.0,74.9,1.8,4.7,0.121,Clear,8,3,200.2
12627,Express,Nellore,Vijayawada,196.1,69.4,14.8,5.1,0.309,Clear,3,2,195.5
12951,Rajdhani,Vadodara,Ratlam,199.1,63.6,-5.0,4.7,0.251,Clear,5,4,169.7
12860,Express,Pune,Solapur,147.5,56.3,17.3,12.4,0.204,Heavy Rain,2,4,201.8
12723,Express,Hyderabad,Kazipet,141.8,58.9,20.9,3.7,0.154,Rain,23,2,157.3
12301,Rajdhani,New Delhi,Kanpur,188.1,68.6,16.0,0.0,0.086,Clear,0,5,162.6
12723,Express,Kazipet,Warangal,40.0,50.0,17.1,9.4,0.085,Clear,1,1,65.6
12951,Rajdhani,Mumbai,Surat,175.2,59.5,-2.9,13.7,0.339,Clear,23,4,198.9
12301,Rajdhani,Prayagraj,DDU,155.7,65.1,9.7,6.0,0.496,Heavy Rain,5,1,192.0
12951,Rajdhani,Vadodara,Ratlam,241.9,81.1,0.3,12.5,0.63,Rain,5,4,188.8
12627,Express,Gudur,Nellore,56.0,47.5,7.6,0.0,0.131,Clear,3,1,97.8
12301,Rajdhani,DDU,Gaya,159.6,72.3,7.1,10.9,0.473,Clear,7,6,152.7
12951,Rajdhani,Mumbai,Surat,223.1,72.8,35.8,0.0,0.208,Rain,0,6,189.1
12259,Duronto,Gaya,DDU,221.2,80.1,28.5,12.4,0.14,Clear,6,0,188.8
12259,Duronto,Sealdah,Asansol,186.2,69.6,3.2,10.6,0.225,Clear,0,4,152.2
12951,Rajdhani,Kota,New Delhi,259.9,75.5,-0.4,22.8,0.359,Clear,10,2,208.6
12301,Rajdhani,Kanpur,Prayagraj,199.1,67.2,5.6,2.8,0.679,Clear,2,5,171.8
12951,Rajdhani,Kota,New Delhi,198.3,62.2,36.1,20.6,0.165,Clear,12,6,231.0
12259,Duronto,Gaya,DDU,181.3,71.2,11.2,9.3,0.266,Clear,6,3,168.1
12259,Duronto,Dhanbad,Gaya,153.8,71.2,23.3,12.2,0.49,Clear,3,6,162.6
12951,Rajdhani,Surat,Vadodara,124.8,59.5,20.5,5.5,0.634,Clear,2,6,143.5
12860,Express,Solapur,Kalaburagi,179.3,63.0,-5.0,10.9,0.237,Clear,6,3,156.0
12951,Rajdhani,Vadodara,Ratlam,185.4,66.9,-5.0,0.0,0.265,Clear,5,5,178.6
12627,Express,Gudur,Nellore,73.6,66.8,16.0,17.2,0.51,Clear,2,0,83.9
12627,Express,Nellore,Vijayawada,189.4,57.6,5.2,6.8,0.074,Clear,2,5,181.1
12259,Duronto,Dhanbad,Gaya,171.7,70.7,6.1,24.2,0.389,Clear,3,6,154.4
12860,Express,Kalaburagi,Wadi,70.8,62.3,43.8,14.5,0.307,Clear,8,4,106.6
12259,Duronto,Gaya,DDU,207.9,84.3,-5.0,17.0,0.354,Rain,6,6,181.9
12259,Duronto,Dhanbad,Gaya,186.1,79.4,15.0,0.0,0.318,Clear,3,0,163.6
12301,Rajdhani,DDU,Gaya,166.2,66.7,-5.0,5.2,0.596,Clear,8,1,143.9
12301,Rajdhani,Gaya,Howrah,216.5,77.1,5.0,12.8,0.24,Clear,10,0,184.4
12723,Express,Hyderabad,Kazipet,146.1,59.9,-1.8,19.5,0.175,Clear,1,6,138.9
12951,Rajdhani,Surat,Vadodara,115.9,52.7,6.3,8.6,0.138,Rain,3,6,146.0
12951,Rajdhani,Kota,New Delhi,243.6,64.5,-5.0,2.1,0.148,Clear,10,1,210.3
12723,Express,Gudur,Chennai,183.6,58.2,15.1,7.2,0.212,Clear,9,0,222.2
12259,Duronto,Asansol,Dhanbad,111.3,78.1,27.1,14.6,0.224,Rain,2,0,121.3
12301,Rajdhani,Gaya,Howrah,219.2,68.2,35.1,5.9,0.119,Clear,10,0,179.2
12259,Duronto,Dhanbad,Gaya,185.0,74.6,0.8,13.1,0.657,Fog,4,0,177.3
12951,Rajdhani,Kota,New Delhi,212.2,58.6,10.6,0.0,0.191,Clear,10,4,205.1
12723,Express,Hyderabad,Kazipet,165.2,67.3,0.7,6.3,0.109,Clear,0,0,125.7
12951,Rajdhani,Vadodara,Ratlam,217.8,76.0,31.2,18.4,0.124,Rain,5,6,193.3
12301,Rajdhani,Gaya,Howrah,234.7,85.9,17.3,11.0,0.252,Clear,9,6,185.1
12860,Express,Pune,Solapur,173.8,65.7,13.7,16.1,0.375,Rain,2,2,205.2
12723,Express,Gudur,Chennai,219.3,68.1,-5.0,10.7,0.432,Clear,8,0,199.8
12860,Express,Mumbai,Pune,185.6,56.3,8.5,1.3,0.188,Rain,23,5,209.3
12860,Express,Pune,Solapur,175.1,63.7,-0.1,8.9,0.374,Fog,3,5,198.1
12723,Express,Kazipet,Warangal,40.0,58.6,15.5,0.0,0.168,Clear,2,6,52.5
12627,Express,Vijayawada,Warangal,163.2,61.8,7.0,14.2,0.38,Rain,5,4,194.6
12723,Express,Kazipet,Warangal,40.0,66.1,31.3,17.2,0.047,Rain,2,4,55.1
12259,Duronto,Sealdah,Asansol,179.8,68.9,29.5,1.0,0.243,Clear,0,4,171.9
12627,Express,Chennai,Gudur,165.7,71.6,10.0,12.3,0.161,Heavy Rain,0,3,182.8
12259,Duronto,Dhanbad,Gaya,105.2,44.0,6.0,4.0,0.184,Clear,3,1,169.1
12951,Rajdhani,Vadodara,Ratlam,212.2,66.2,24.7,7.5,0.084,Clear,4,4,178.5
12259,Duronto,DDU,New Delhi,251.0,70.6,4.3,9.9,0.15,Clear,8,1,216.3
12259,Duronto,Gaya,DDU,180.1,68.7,26.6,7.0,0.401,Rain,6,6,195.8
12860,Express,Kalaburagi,Wadi,61.1,47.5,15.8,13.6,0.115,Rain,9,4,107.6
12951,Rajdhani,Ratlam,Kota,216.1,67.6,9.6,1.3,0.577,Clear,7,3,195.1
12723,Express,Hyderabad,Kazipet,104.9,45.7,0.3,9.7,0.481,Clear,1,2,147.1
12301,Rajdhani,Kanpur,Prayagraj,192.9,63.6,17.4,0.0,0.364,Rain,2,1,171.5
12860,Express,Kalaburagi,Wadi,97.0,69.0,6.3,1.9,0.063,Fog,9,3,87.2
12259,Duronto,Asansol,Dhanbad,136.1,79.9,8.3,2.6,0.231,Clear,2,0,92.9
12723,Express,Gudur,Chennai,197.5,70.8,18.1,9.9,0.481,Clear,9,2,215.3
12301,Rajdhani,Gaya,Howrah,177.3,57.0,5.2,5.5,0.276,Rain,9,3,193.2
12860,Express,Mumbai,Pune,223.1,68.3,14.2,9.6,0.17,Fog,0,5,213.1
12301,Rajdhani,Prayagraj,DDU,172.4,65.0,8.5,4.9,0.259,Heavy Rain,5,5,185.0
12723,Express,Gudur,Chennai,259.0,69.9,6.9,7.0,0.346,Rain,9,2,207.2
12627,Express,Vijayawada,Warangal,212.9,66.8,11.6,19.1,0.577,Clear,5,5,201.4
12860,Express,Pune,Solapur,159.4,55.2,23.0,7.6,0.03,Clear,3,3,203.1
12301,Rajdhani,New Delhi,Kanpur,164.5,74.8,28.7,10.5,0.275,Rain,0,6,176.3
12627,Express,Vijayawada,Warangal,145.0,47.2,33.9,32.4,0.294,Clear,6,3,228.1
12259,Duronto,Dhanbad,Gaya,148.1,67.1,-5.0,6.4,0.518,Rain,3,5,155.5
12259,Duronto,DDU,New Delhi,211.5,72.2,-4.0,7.2,0.281,Clear,9,1,216.9
12951,Rajdhani,Mumbai,Surat,169.0,61.3,33.7,23.3,0.365,Clear,0,0,201.3
12860,Express,Mumbai,Pune,199.2,62.1,20.1,14.4,0.213,Clear,23,2,207.3
12301,Rajdhani,DDU,Gaya,144.7,70.6,28.7,12.8,0.09,Clear,8,3,148.9
12951,Rajdhani,Kota,New Delhi,196.8,62.6,10.1,17.7,0.6,Clear,12,1,221.7
12860,Express,Solapur,Kalaburagi,173.0,66.5,9.4,16.3,0.353,Clear,6,1,144.3
12301,Rajdhani,DDU,Gaya,197.2,78.2,7.7,2.2,0.372,Clear,7,6,150.4
12301,Rajdhani,New Delhi,Kanpur,192.7,80.6,15.1,11.8,0.465,Rain,0,1,179.0
12301,Rajdhani,Gaya,Howrah,177.9,66.5,7.3,9.9,0.196,Rain,10,4,192.9
12860,Express,Wadi,Secunderabad,149.5,57.8,0.3,13.6,0.119,Clear,9,2,161.6
12259,Duronto,Dhanbad,Gaya,210.3,76.0,43.7,9.8,0.218,Clear,4,0,161.6
12723,Express,Gudur,Chennai,174.5,55.1,24.7,10.1,0.052,Clear,8,1,212.9
12301,Rajdhani,Kanpur,Prayagraj,218.8,72.6,-5.0,0.0,0.164,Clear,1,0,160.4
12723,Express,Kazipet,Warangal,47.6,73.7,9.3,0.0,0.225,Heavy Rain,2,2,57.9
12259,Duronto,Asansol,Dhanbad,108.5,72.2,8.0,19.9,0.114,Clear,3,0,101.3
12860,Express,Pune,Solapur,197.9,67.8,1.2,19.4,0.142,Clear,3,5,179.6
12951,Rajdhani,Vadodara,Ratlam,230.2,79.6,-0.4,20.3,0.088,Clear,4,2,175.5
12951,Rajdhani,Surat,Vadodara,134.2,71.5,24.5,4.3,0.17,Clear,3,1,139.8
12723,Express,Kazipet,Warangal,42.6,77.3,0.9,11.9,0.072,Rain,1,6,44.5
12301,Rajdhani,New Delhi,Kanpur,198.1,74.6,8.7,11.9,0.533,Rain,23,0,177.1
12860,Express,Pune,Solapur,148.1,57.5,-1.9,1.0,0.281,Clear,2,5,182.2
12627,Express,Chennai,Gudur,165.9,75.5,38.9,6.9,0.11,Clear,23,3,165.6
12723,Express,Hyderabad,Kazipet,135.1,63.5,25.3,14.6,0.22,Clear,23,1,148.4
12259,Duronto,Asansol,Dhanbad,116.5,65.2,-5.0,9.4,0.366,Clear,2,0,95.2
12301,Rajdhani,Gaya,Howrah,236.8,73.4,22.0,14.8,0.347,Clear,10,2,184.4
12723,Express,Vijayawada,Gudur,198.9,59.2,26.5,17.6,0.295,Clear,6,0,216.2
12723,Express,Vijayawada,Gudur,254.1,71.0,-1.3,0.9,0.482,Rain,6,5,201.9
12951,Rajdhani,Ratlam,Kota,243.6,70.9,17.8,18.7,0.016,Clear,7,2,195.6
12301,Rajdhani,Prayagraj,DDU,210.5,84.5,9.6,0.2,0.595,Clear,5,5,162.9
12627,Express,Vijayawada,Warangal,240.3,74.4,27.2,5.7,0.516,Clear,6,2,205.8
12259,Duronto,Gaya,DDU,175.4,59.0,1.1,16.4,0.033,Fog,6,2,180.2
12259,Duronto,Gaya,DDU,172.9,71.8,18.6,15.7,0.631,Clear,6,3,193.4
12627,Express,Vijayawada,Warangal,232.4,69.5,30.9,12.2,0.084,Clear,6,0,198.9
12301,Rajdhani,New Delhi,Kanpur,176.1,72.0,19.6,11.4,0.06,Clear,23,1,159.8
12860,Express,Wadi,Secunderabad,168.8,65.6,25.9,6.9,0.054,Clear,10,1,170.2
12860,Express,Mumbai,Pune,185.6,57.0,15.2,10.3,0.301,Clear,23,5,204.9
12259,Duronto,Gaya,DDU,221.7,73.9,-5.0,15.3,0.435,Clear,6,0,169.2
12951,Rajdhani,Ratlam,Kota,245.4,72.6,21.3,11.3,0.46,Rain,7,3,201.1
12259,Duronto,Asansol,Dhanbad,110.0,63.3,10.0,6.6,0.2,Rain,3,5,115.0
12860,Express,Wadi,Secunderabad,146.3,57.8,-5.0,18.2,0.432,Rain,9,1,173.0
12259,Duronto,Asansol,Dhanbad,123.0,76.3,-5.0,6.4,0.341,Heavy Rain,2,0,114.2
12301,Rajdhani,Prayagraj,DDU,220.4,75.6,13.2,1.3,0.494,Clear,4,4,168.7
12723,Express,Kazipet,Warangal,40.0,61.6,11.2,10.7,0.376,Rain,3,5,54.4
12723,Express,Gudur,Chennai,205.6,70.7,41.7,0.6,0.572,Rain,8,3,222.8
12259,Duronto,Dhanbad,Gaya,173.7,62.6,15.9,11.9,0.083,Rain,3,6,157.5
12259,Duronto,Sealdah,Asansol,142.2,64.4,10.4,4.6,0.114,Clear,0,1,156.3
12627,Express,Gudur,Nellore,86.2,76.2,8.9,14.2,0.13,Clear,1,4,75.8
12860,Express,Kalaburagi,Wadi,88.7,62.9,2.6,0.0,0.184,Clear,8,3,81.1
12259,Duronto,Sealdah,Asansol,183.1,68.5,17.4,11.9,0.369,Clear,0,6,164.3
12627,Express,Warangal,Secunderabad,188.2,55.4,15.1,13.8,0.299,Clear,10,4,200.7
12951,Rajdhani,Mumbai,Surat,207.0,65.8,4.3,7.6,0.482,Clear,23,1,196.5
12860,Express,Mumbai,Pune,162.9,56.3,14.7,10.9,0.147,Clear,23,0,213.7
12860,Express,Wadi,Secunderabad,168.4,64.7,19.3,6.8,0.548,Clear,9,2,181.3
12951,Rajdhani,Surat,Vadodara,139.8,72.8,33.5,20.3,0.043,Clear,3,4,136.9
12860,Express,Pune,Solapur,222.1,68.7,5.4,0.0,0.82,Clear,2,4,197.6
12723,Express,Vijayawada,Gudur,237.7,68.5,4.6,10.2,0.064,Clear,5,3,184.3
12301,Rajdhani,Prayagraj,DDU,167.4,73.3,14.6,11.5,0.396,Rain,5,2,176.1
12301,Rajdhani,New Delhi,Kanpur,142.4,63.8,16.3,1.3,0.67,Rain,23,1,185.3
12860,Express,Pune,Solapur,168.7,59.1,17.6,8.3,0.494,Clear,3,2,207.3
12627,Express,Gudur,Nellore,63.9,58.3,14.8,0.0,0.345,Rain,2,5,78.2
12723,Express,Vijayawada,Gudur,197.2,55.7,16.4,9.8,0.228,Clear,5,2,227.5
12259,Duronto,Gaya,DDU,133.4,52.5,11.7,11.5,0.639,Rain,6,6,205.2
12259,Duronto,Asansol,Dhanbad,101.0,60.0,18.1,0.0,0.508,Clear,2,2,118.4
12860,Express,Solapur,Kalaburagi,170.5,61.9,26.7,26.6,0.243,Clear,5,1,176.7
12951,Rajdhani,Kota,New Delhi,206.7,65.7,25.4,0.0,0.279,Clear,10,5,214.6
12627,Express,Chennai,Gudur,180.3,73.7,1.3,16.0,0.099,Clear,0,0,148.1
12301,Rajdhani,Kanpur,Prayagraj,188.0,66.8,4.6,10.7,0.529,Clear,2,1,177.3
12951,Rajdhani,Mumbai,Surat,228.3,68.9,21.8,8.5,0.497,Clear,23,0,196.0
12301,Rajdhani,New Delhi,Kanpur,155.1,64.8,12.5,22.2,0.25,Clear,23,6,162.1
12723,Express,Vijayawada,Gudur,201.0,68.8,12.4,19.1,0.567,Clear,5,2,220.5
12627,Express,Vijayawada,Warangal,177.4,59.3,12.9,0.0,0.367,Clear,5,0,196.7
12259,Duronto,Asansol,Dhanbad,124.1,84.2,7.4,10.4,0.397,Fog,2,5,116.2
12301,Rajdhani,New Delhi,Kanpur,174.3,76.0,19.4,0.7,0.114,Clear,23,3,154.6
12627,Express,Chennai,Gudur,129.2,55.4,10.8,2.0,0.092,Rain,23,1,152.4
12301,Rajdhani,Prayagraj,DDU,163.8,57.9,-2.5,23.4,0.515,Rain,5,2,188.2
12860,Express,Solapur,Kalaburagi,179.0,66.4,13.1,23.5,0.376,Fog,6,1,174.1
12951,Rajdhani,Surat,Vadodara,125.0,65.8,15.3,8.9,0.31,Fog,3,5,137.5
12627,Express,Vijayawada,Warangal,174.1,61.4,7.7,6.5,0.352,Clear,6,2,188.3
12627,Express,Chennai,Gudur,190.5,69.7,-5.0,14.1,0.227,Rain,0,0,150.3
12860,Express,Solapur,Kalaburagi,163.0,74.6,24.4,6.7,0.33,Rain,6,4,172.9
12627,Express,Gudur,Nellore,59.0,58.6,4.0,0.0,0.334,Fog,2,5,82.1
12627,Express,Warangal,Secunderabad,160.9,50.5,33.0,11.5,0.143,Clear,9,1,208.6
12301,Rajdhani,Prayagraj,DDU,248.5,84.3,34.4,14.9,0.434,Clear,4,3,193.5
12259,Duronto,Asansol,Dhanbad,118.6,70.1,3.1,4.8,0.186,Fog,1,3,110.4
12259,Duronto,Sealdah,Asansol,203.8,72.9,20.9,19.2,0.336,Clear,23,6,167.7
12860,Express,Solapur,Kalaburagi,164.9,65.0,-5.0,13.5,0.192,Rain,5,6,166.7
12951,Rajdhani,Mumbai,Surat,215.0,74.1,-5.0,0.8,0.44,Clear,0,6,189.3
12259,Duronto,Gaya,DDU,216.9,77.2,2.3,15.5,0.447,Rain,5,4,180.2
12860,Express,Wadi,Secunderabad,161.6,62.6,31.0,8.3,0.376,Heavy Rain,10,1,188.8
12301,Rajdhani,Kanpur,Prayagraj,186.3,80.3,-3.6,17.8,0.565,Clear,3,4,170.3
12951,Rajdhani,Vadodara,Ratlam,225.9,73.6,6.1,6.4,0.22,Clear,4,0,176.0
12860,Express,Wadi,Secunderabad,217.3,74.2,9.6,10.0,0.125,Clear,9,2,174.7
12860,Express,Solapur,Kalaburagi,164.3,66.1,26.7,11.4,0.092,Rain,5,4,167.3
12259,Duronto,Asansol,Dhanbad,85.9,60.7,9.1,16.0,0.088,Fog,2,1,115.9
12723,Express,Hyderabad,Kazipet,130.7,57.7,12.5,19.1,0.222,Rain,22,5,154.2
12301,Rajdhani,Kanpur,Prayagraj,172.3,59.7,29.2,5.2,0.117,Rain,2,0,185.6
12723,Express,Kazipet,Warangal,40.0,55.7,5.5,4.1,0.337,Rain,1,1,60.9
12301,Rajdhani,DDU,Gaya,178.9,77.8,15.3,8.3,0.177,Clear,6,4,151.3
12860,Express,Kalaburagi,Wadi,93.1,62.0,12.4,5.6,0.524,Rain,8,5,94.9
12627,Express,Vijayawada,Warangal,145.6,54.6,30.5,0.0,0.54,Fog,5,0,213.7
12723,Express,Gudur,Chennai,211.8,66.1,24.9,0.8,0.171,Heavy Rain,8,0,213.4
12723,Express,Vijayawada,Gudur,145.1,47.9,13.6,11.0,0.43,Clear,6,2,214.4
12723,Express,Vijayawada,Gudur,224.4,63.7,-3.1,24.3,0.604,Rain,6,3,214.9
12627,Express,Gudur,Nellore,71.9,75.0,20.4,18.2,0.71,Clear,2,4,91.3
12860,Express,Pune,Solapur,175.4,66.2,2.8,6.7,0.451,Clear,2,0,193.7
12627,Express,Chennai,Gudur,135.7,62.7,17.9,0.0,0.165,Clear,0,3,164.4
12301,Rajdhani,DDU,Gaya,153.2,65.7,14.5,11.6,0.205,Clear,7,6,143.6
12627,Express,Chennai,Gudur,190.4,73.3,29.3,8.9,0.439,Rain,0,6,184.2
12860,Express,Wadi,Secunderabad,169.9,72.0,29.3,1.1,0.17,Clear,10,3,180.7
12301,Rajdhani,Gaya,Howrah,141.5,58.6,3.1,18.5,0.129,Rain,10,6,186.2
12627,Express,Gudur,Nellore,53.8,50.9,27.9,12.8,0.25,Clear,2,6,85.6
12259,Duronto,Gaya,DDU,220.4,74.5,-5.0,0.0,0.22,Rain,6,4,170.2
12627,Express,Warangal,Secunderabad,167.6,60.1,30.3,5.9,0.17,Clear,9,0,199.3
12860,Express,Pune,Solapur,229.7,67.4,5.6,11.7,0.457,Clear,3,2,195.0
12723,Express,Warangal,Vijayawada,164.4,50.9,15.1,18.9,0.114,Clear,1,4,220.1
12860,Express,Kalaburagi,Wadi,81.2,70.3,15.4,9.1,0.487,Clear,8,6,102.4
12627,Express,Nellore,Vijayawada,128.5,41.0,10.9,7.8,0.042,Clear,3,2,209.3
12951,Rajdhani,Ratlam,Kota,208.3,61.0,34.2,22.0,0.261,Rain,7,0,207.9
12723,Express,Kazipet,Warangal,40.0,51.4,26.9,0.0,0.304,Rain,1,4,64.9
12860,Express,Pune,Solapur,161.0,57.2,15.6,14.0,0.163,Clear,3,0,195.7
12860,Express,Wadi,Secunderabad,152.2,54.3,10.4,15.7,0.119,Clear,9,5,178.7
12627,Express,Warangal,Secunderabad,199.4,74.6,12.6,0.0,0.242,Clear,9,5,200.6
12951,Rajdhani,Kota,New Delhi,216.2,66.5,-4.1,9.3,0.25,Clear,10,1,214.1
12301,Rajdhani,Prayagraj,DDU,218.3,72.6,2.6,16.0,0.333,Heavy Rain,4,3,187.2
12259,Duronto,Dhanbad,Gaya,185.0,72.6,24.8,2.3,0.25,Clear,4,3,153.1
12259,Duronto,Asansol,Dhanbad,111.9,70.3,1.9,2.4,0.159,Clear,2,6,96.9
12627,Express,Chennai,Gudur,174.4,64.0,16.0,7.5,0.518,Clear,23,5,170.0
12627,Express,Nellore,Vijayawada,183.0,55.0,22.3,6.3,0.336,Clear,3,6,208.6
12860,Express,Wadi,Secunderabad,178.7,69.3,28.3,9.1,0.208,Clear,10,1,185.1
12723,Express,Gudur,Chennai,173.7,62.4,7.9,0.7,0.27,Clear,9,0,202.1
12951,Rajdhani,Ratlam,Kota,226.7,69.8,10.6,13.1,0.384,Rain,7,0,193.3
12259,Duronto,DDU,New Delhi,245.0,66.5,4.8,8.4,0.579,Heavy Rain,9,0,236.9
12259,Duronto,Asansol,Dhanbad,93.1,60.2,23.7,10.7,0.178,Rain,2,3,123.8
12860,Express,Wadi,Secunderabad,117.6,49.7,-5.0,18.1,0.354,Clear,9,6,179.0
12860,Express,Mumbai,Pune,222.8,63.4,11.2,19.2,0.06,Fog,0,5,208.3
12723,Express,Kazipet,Warangal,40.0,60.2,19.3,11.3,0.339,Heavy Rain,1,0,66.3
12259,Duronto,Sealdah,Asansol,161.2,70.4,28.4,0.0,0.57,Clear,23,4,160.6
12951,Rajdhani,Surat,Vadodara,127.7,74.2,23.1,11.9,0.697,Clear,2,5,146.9
12860,Express,Wadi,Secunderabad,194.1,65.1,3.7,16.4,0.24,Rain,9,4,173.5
12860,Express,Solapur,Kalaburagi,132.3,57.9,21.1,0.0,0.174,Clear,6,3,169.9
12627,Express,Gudur,Nellore,66.3,53.9,17.0,17.3,0.164,Clear,2,6,100.2
12860,Express,Kalaburagi,Wadi,88.7,64.5,34.7,11.6,0.167,Fog,9,5,97.2
12860,Express,Pune,Solapur,254.9,76.1,14.3,2.8,0.566,Clear,2,4,194.9
12627,Express,Gudur,Nellore,63.4,61.8,4.9,1.0,0.283,Clear,1,5,86.8
12627,Express,Nellore,Vijayawada,184.9,69.4,-2.9,18.3,0.153,Rain,3,3,194.0
12860,Express,Solapur,Kalaburagi,161.2,56.5,13.5,2.7,0.069,Clear,5,3,169.1
12723,Express,Hyderabad,Kazipet,131.8,55.9,5.9,9.8,0.146,Clear,23,0,146.2
12627,Express,Warangal,Secunderabad,167.0,59.0,14.4,0.0,0.287,Clear,9,3,200.4
12301,Rajdhani,Gaya,Howrah,182.0,63.5,-2.6,24.3,0.388,Rain,9,0,191.0
12301,Rajdhani,Kanpur,Prayagraj,190.8,67.1,3.5,4.7,0.191,Heavy Rain,2,1,175.0
12951,Rajdhani,Ratlam,Kota,168.5,65.5,-2.1,13.9,0.21,Clear,7,5,191.5
12860,Express,Kalaburagi,Wadi,87.6,60.9,-5.0,1.9,0.178,Clear,8,5,84.5
12860,Express,Kalaburagi,Wadi,92.6,62.4,-5.0,19.7,0.176,Clear,8,4,94.7
12723,Express,Hyderabad,Kazipet,116.6,55.1,32.7,11.4,0.091,Clear,0,1,156.9
12627,Express,Chennai,Gudur,139.0,62.7,20.9,14.7,0.288,Clear,0,2,156.0
12860,Express,Pune,Solapur,250.6,80.4,-5.0,16.2,0.283,Rain,3,6,194.5
12860,Express,Solapur,Kalaburagi,120.1,55.9,26.1,13.8,0.059,Rain,6,5,181.0
12860,Express,Mumbai,Pune,223.3,66.2,20.4,26.4,0.303,Heavy Rain,23,0,214.2
12723,Express,Warangal,Vijayawada,214.8,63.4,6.7,5.8,0.3,Heavy Rain,3,1,218.4
12627,Express,Nellore,Vijayawada,183.5,53.5,11.0,6.1,0.137,Fog,4,3,199.1
12627,Express,Vijayawada,Warangal,168.4,60.1,13.3,23.6,0.22,Clear,6,2,202.3
12951,Rajdhani,Ratlam,Kota,191.7,55.8,11.4,9.5,0.291,Clear,8,4,201.5
12301,Rajdhani,Prayagraj,DDU,190.1,73.8,1.9,6.2,0.224,Rain,4,1,166.9
12860,Express,Kalaburagi,Wadi,62.1,46.2,-5.0,7.7,0.543,Clear,9,4,105.5
12860,Express,Wadi,Secunderabad,150.2,65.4,22.0,16.1,0.22,Rain,9,2,176.1
12259,Duronto,Asansol,Dhanbad,101.5,62.2,18.3,1.7,0.162,Clear,1,1,106.2
12951,Rajdhani,Ratlam,Kota,171.5,67.1,-0.0,17.4,0.294,Clear,7,5,199.9
12259,Duronto,DDU,New Delhi,251.9,83.6,0.0,10.0,0.1,Clear,8,5,207.3
12723,Express,Hyderabad,Kazipet,128.0,69.0,15.7,11.6,0.194,Rain,0,3,147.0
12627,Express,Gudur,Nellore,66.2,61.1,5.4,4.6,0.217,Clear,2,1,73.4
12259,Duronto,Asansol,Dhanbad,79.3,48.5,9.3,1.4,0.315,Rain,3,2,125.2
12951,Rajdhani,Mumbai,Surat,225.2,68.0,1.3,2.5,0.579,Clear,0,0,198.5
12860,Express,Pune,Solapur,183.7,59.0,6.1,0.2,0.21,Fog,2,0,193.2
12259,Duronto,Sealdah,Asansol,191.1,71.5,2.3,9.0,0.064,Clear,1,5,150.9
12627,Express,Gudur,Nellore,76.8,62.2,18.1,16.2,0.361,Rain,2,6,92.8
12301,Rajdhani,Kanpur,Prayagraj,219.9,87.7,-5.0,7.1,0.317,Rain,1,0,162.6
12259,Duronto,Sealdah,Asansol,217.1,82.4,13.8,0.0,0.308,Fog,23,4,172.8
12627,Express,Nellore,Vijayawada,194.4,72.7,17.6,5.2,0.422,Clear,3,0,189.1
12627,Express,Vijayawada,Warangal,203.3,63.0,10.2,8.4,0.528,Rain,5,5,212.2
12723,Express,Gudur,Chennai,197.9,61.2,25.5,6.9,0.151,Clear,9,0,215.0
12951,Rajdhani,Surat,Vadodara,148.0,70.2,2.9,1.6,0.181,Clear,3,5,128.0
12951,Rajdhani,Surat,Vadodara,167.3,73.2,9.7,2.7,0.259,Clear,2,6,131.7
12627,Express,Vijayawada,Warangal,180.1,54.5,-0.4,17.1,0.354,Clear,5,3,194.5
12723,Express,Vijayawada,Gudur,158.3,55.8,16.5,0.0,0.372,Clear,6,5,203.7
12627,Express,Vijayawada,Warangal,163.3,61.8,2.7,6.0,0.29,Clear,6,4,191.9
12723,Express,Kazipet,Warangal,40.0,57.3,21.4,28.2,0.585,Clear,1,6,64.2
12951,Rajdhani,Vadodara,Ratlam,175.8,68.8,5.4,3.9,0.191,Clear,4,4,182.2
12259,Duronto,Gaya,DDU,156.5,53.1,-4.8,8.8,0.377,Clear,6,3,173.6
12951,Rajdhani,Kota,New Delhi,263.7,69.7,28.9,3.0,0.107,Clear,10,6,212.5
12723,Express,Warangal,Vijayawada,194.0,63.9,12.7,11.5,0.379,Clear,3,5,208.5
12259,Duronto,DDU,New Delhi,227.7,68.4,-1.9,14.0,0.441,Clear,9,3,218.9
12860,Express,Wadi,Secunderabad,143.2,57.5,10.7,8.1,0.418,Heavy Rain,9,5,191.9
12627,Express,Chennai,Gudur,154.7,66.6,21.9,1.2,0.25,Clear,23,6,155.7
12860,Express,Solapur,Kalaburagi,113.0,45.5,25.7,12.0,0.382,Heavy Rain,7,1,197.5
12301,Rajdhani,Gaya,Howrah,166.3,54.0,22.9,12.2,0.201,Clear,9,0,188.8
12951,Rajdhani,Surat,Vadodara,166.5,79.3,11.1,4.7,0.364,Clear,2,0,128.8
12951,Rajdhani,Ratlam,Kota,212.0,72.5,-5.0,7.8,0.304,Clear,7,6,190.2
12627,Express,Chennai,Gudur,114.6,54.2,-5.0,14.0,0.209,Clear,0,3,161.9
12860,Express,Mumbai,Pune,160.6,59.3,-4.1,0.0,0.136,Clear,23,4,195.8
12951,Rajdhani,Kota,New Delhi,222.7,62.1,8.4,1.8,0.242,Clear,10,0,220.9
12301,Rajdhani,Gaya,Howrah,204.4,79.3,7.4,10.5,0.34,Clear,10,1,177.8
12951,Rajdhani,Mumbai,Surat,222.5,70.0,3.9,13.5,0.317,Rain,23,1,199.8
12259,Duronto,Sealdah,Asansol,137.9,64.8,-4.3,0.4,0.396,Clear,23,3,152.0
12860,Express,Kalaburagi,Wadi,80.2,60.5,11.4,0.0,0.326,Clear,9,2,92.0
12951,Rajdhani,Vadodara,Ratlam,140.6,52.4,28.8,0.7,0.396,Clear,6,4,204.6
12723,Express,Warangal,Vijayawada,211.1,66.6,16.4,0.0,0.29,Clear,1,0,202.8
12627,Express,Chennai,Gudur,179.8,67.6,11.6,13.8,0.371,Fog,1,5,161.6
12723,Express,Hyderabad,Kazipet,154.9,75.7,25.9,0.0,0.249,Rain,23,3,151.2
12627,Express,Nellore,Vijayawada,147.1,56.5,8.8,16.1,0.197,Fog,4,3,206.4
12301,Rajdhani,DDU,Gaya,129.9,67.9,11.8,13.0,0.152,Clear,7,3,144.6
12301,Rajdhani,New Delhi,Kanpur,175.8,59.4,11.5,8.4,0.253,Clear,23,6,180.0
12259,Duronto,Sealdah,Asansol,186.7,69.5,9.7,15.7,0.486,Fog,0,0,172.5
12627,Express,Gudur,Nellore,67.1,65.4,25.7,10.1,0.067,Clear,1,3,83.8
12723,Express,Warangal,Vijayawada,222.2,72.9,-5.0,18.1,0.019,Clear,2,0,196.5
12860,Express,Solapur,Kalaburagi,189.3,72.4,-5.0,9.2,0.27,Clear,5,3,144.5
12860,Express,Solapur,Kalaburagi,150.5,68.1,21.9,5.5,0.36,Rain,6,2,161.4
12860,Express,Solapur,Kalaburagi,182.1,70.7,6.4,5.2,0.314,Clear,6,6,142.9
12301,Rajdhani,DDU,Gaya,174.6,69.5,12.2,11.6,0.178,Clear,8,0,158.7
12301,Rajdhani,New Delhi,Kanpur,175.5,67.3,17.3,8.1,0.564,Clear,0,2,170.6
12951,Rajdhani,Kota,New Delhi,225.2,67.4,5.9,21.9,0.31,Rain,10,3,217.8
12627,Express,Warangal,Secunderabad,180.7,52.9,3.5,16.3,0.275,Rain,8,5,205.7
12723,Express,Gudur,Chennai,223.4,64.5,-5.0,4.2,0.256,Clear,8,1,200.2
12951,Rajdhani,Vadodara,Ratlam,190.9,67.9,5.5,15.7,0.597,Clear,4,0,195.2
12301,Rajdhani,DDU,Gaya,175.9,81.3,4.8,23.9,0.195,Fog,8,1,158.0
12951,Rajdhani,Vadodara,Ratlam,170.3,68.8,39.5,21.3,0.552,Clear,4,0,202.6
12627,Express,Warangal,Secunderabad,210.9,64.9,14.3,2.8,0.542,Clear,9,2,185.5
12627,Express,Vijayawada,Warangal,189.5,56.7,-5.0,18.7,0.521,Fog,6,3,207.5
12723,Express,Vijayawada,Gudur,234.8,70.8,-5.0,12.0,0.525,Clear,5,0,204.8
12301,Rajdhani,Gaya,Howrah,202.9,76.9,19.5,13.0,0.173,Clear,9,2,175.4
12723,Express,Kazipet,Warangal,40.0,63.8,-5.0,11.2,0.044,Clear,1,6,40.2
12723,Express,Warangal,Vijayawada,199.5,63.7,10.8,9.1,0.179,Clear,3,3,205.7
12951,Rajdhani,Surat,Vadodara,138.5,65.9,35.4,0.0,0.273,Clear,3,6,141.0
12951,Rajdhani,Surat,Vadodara,174.5,77.9,4.4,17.8,0.194,Heavy Rain,2,1,153.7
12951,Rajdhani,Surat,Vadodara,138.7,69.8,11.7,20.8,0.377,Rain,3,2,142.2
12951,Rajdhani,Vadodara,Ratlam,166.2,63.1,15.7,6.9,0.437,Heavy Rain,4,3,198.8
12860,Express,Pune,Solapur,156.9,46.6,1.7,15.1,0.343,Clear,3,2,217.8
12301,Rajdhani,Prayagraj,DDU,179.7,74.8,7.5,4.0,0.376,Rain,5,5,183.3
12627,Express,Warangal,Secunderabad,131.1,49.7,17.4,6.9,0.259,Fog,8,1,218.0
12301,Rajdhani,DDU,Gaya,154.2,64.5,23.1,3.6,0.318,Clear,8,3,152.7
12860,Express,Pune,Solapur,176.9,63.4,7.5,0.0,0.506,Clear,2,1,193.8
12627,Express,Warangal,Secunderabad,228.4,78.9,14.4,3.3,0.349,Fog,9,6,191.3
12301,Rajdhani,Gaya,Howrah,209.6,67.0,17.8,7.2,0.401,Clear,10,5,181.8
12951,Rajdhani,Kota,New Delhi,201.7,66.4,16.9,11.2,0.167,Clear,10,3,209.9
12259,Duronto,Dhanbad,Gaya,179.6,68.8,12.0,30.6,0.255,Clear,3,2,157.6
12860,Express,Pune,Solapur,193.0,63.3,20.2,8.0,0.65,Clear,2,2,196.2
12723,Express,Hyderabad,Kazipet,125.4,57.8,15.6,16.3,0.38,Clear,0,1,152.7
12723,Express,Gudur,Chennai,175.6,53.2,10.2,21.2,0.134,Clear,9,5,212.1
12259,Duronto,Dhanbad,Gaya,153.8,64.5,-5.0,2.1,0.25,Clear,3,3,151.9
12627,Express,Nellore,Vijayawada,184.5,63.4,14.2,17.5,0.297,Clear,3,6,203.1
12723,Express,Gudur,Chennai,238.2,65.5,25.7,14.8,0.162,Heavy Rain,8,1,229.0
12860,Express,Solapur,Kalaburagi,191.2,68.1,36.0,3.2,0.057,Clear,5,3,160.8
12951,Rajdhani,Vadodara,Ratlam,211.0,72.4,-5.0,14.5,0.011,Clear,5,6,174.7
12951,Rajdhani,Mumbai,Surat,234.5,71.5,24.5,1.6,0.277,Clear,23,5,196.6
12301,Rajdhani,DDU,Gaya,168.9,77.4,24.9,18.4,0.207,Clear,7,0,149.4
12627,Express,Gudur,Nellore,73.5,63.4,3.0,18.4,0.157,Rain,2,0,74.8
12951,Rajdhani,Ratlam,Kota,239.3,71.7,22.7,16.3,0.325,Clear,8,2,191.0
12723,Express,Kazipet,Warangal,40.0,55.9,1.7,13.2,0.159,Clear,2,5,49.6
12301,Rajdhani,Prayagraj,DDU,160.0,70.5,10.6,1.3,0.447,Clear,5,2,175.7
12259,Duronto,Gaya,DDU,178.8,65.3,9.1,7.0,0.353,Clear,6,0,168.5
12301,Rajdhani,New Delhi,Kanpur,139.0,51.9,-5.0,14.8,0.671,Clear,0,4,177.5
12627,Express,Chennai,Gudur,157.3,61.1,0.3,32.5,0.272,Rain,0,3,156.6
12860,Express,Wadi,Secunderabad,145.6,55.1,12.2,1.4,0.228,Clear,9,3,176.9
12723,Express,Vijayawada,Gudur,151.9,51.8,43.5,5.5,0.135,Clear,6,2,226.4
12723,Express,Vijayawada,Gudur,197.2,67.6,12.9,10.9,0.175,Rain,5,5,210.3
12860,Express,Solapur,Kalaburagi,156.5,59.4,2.6,12.2,0.234,Clear,5,6,160.5
12627,Express,Gudur,Nellore,71.8,65.5,13.6,9.1,0.348,Clear,2,6,68.3
12723,Express,Warangal,Vijayawada,226.0,63.9,37.9,12.3,0.159,Rain,2,6,231.6
12723,Express,Hyderabad,Kazipet,111.1,46.5,13.2,22.0,0.458,Rain,0,6,170.6
12860,Express,Kalaburagi,Wadi,82.5,58.5,-5.0,10.6,0.342,Fog,8,0,99.8
12259,Duronto,Gaya,DDU,224.9,78.1,11.4,20.6,0.05,Clear,6,5,186.4
12723,Express,Gudur,Chennai,188.9,53.2,33.5,0.7,0.11,Clear,9,6,219.8
12259,Duronto,Asansol,Dhanbad,129.6,79.5,40.1,10.8,0.229,Rain,2,2,116.6
12951,Rajdhani,Surat,Vadodara,119.0,56.1,5.3,0.0,0.164,Clear,3,4,122.7
12259,Duronto,Dhanbad,Gaya,174.3,72.2,13.6,7.4,0.294,Clear,4,2,154.5
12627,Express,Vijayawada,Warangal,164.3,52.9,2.7,21.8,0.131,Clear,6,0,197.9
12723,Express,Hyderabad,Kazipet,151.3,63.6,-4.9,14.2,0.11,Rain,23,3,132.9
12723,Express,Vijayawada,Gudur,187.9,57.5,34.6,14.6,0.364,Clear,6,5,220.0
12301,Rajdhani,Gaya,Howrah,170.9,67.4,-2.3,9.0,0.271,Heavy Rain,9,6,186.8
12723,Express,Gudur,Chennai,214.2,61.3,12.2,0.0,0.064,Clear,8,2,210.0
12301,Rajdhani,DDU,Gaya,162.7,80.1,-5.0,6.4,0.228,Clear,8,2,139.6
12627,Express,Vijayawada,Warangal,195.7,63.1,-5.0,13.9,0.196,Rain,7,5,194.8
12723,Express,Warangal,Vijayawada,244.0,72.1,0.9,0.5,0.028,Clear,2,6,203.3
12259,Duronto,Sealdah,Asansol,182.4,68.0,11.5,11.4,0.261,Clear,0,5,177.1
12951,Rajdhani,Ratlam,Kota,199.6,67.9,-3.4,15.7,0.345,Clear,7,5,196.6
12860,Express,Mumbai,Pune,194.1,67.3,14.4,6.5,0.315,Clear,0,3,204.0
12860,Express,Mumbai,Pune,195.1,65.1,14.2,2.7,0.323,Heavy Rain,23,3,208.5
12259,Duronto,Gaya,DDU,193.7,80.3,-2.6,14.7,0.142,Clear,6,2,178.3
12860,Express,Wadi,Secunderabad,179.0,66.2,13.1,12.6,0.657,Clear,10,2,174.5
12259,Duronto,Asansol,Dhanbad,118.9,73.6,4.1,15.1,0.111,Clear,2,5,96.3
12301,Rajdhani,Prayagraj,DDU,231.4,85.7,32.7,6.7,0.231,Clear,5,4,168.9
12951,Rajdhani,Vadodara,Ratlam,207.1,73.3,12.4,17.6,0.508,Clear,4,6,189.4
12259,Duronto,Sealdah,Asansol,139.5,65.5,4.9,6.8,0.321,Rain,0,4,164.2
12951,Rajdhani,Ratlam,Kota,195.8,64.7,-1.5,0.1,0.512,Rain,7,3,192.0
12723,Express,Hyderabad,Kazipet,158.0,64.0,7.3,11.6,0.532,Rain,0,2,152.8
12951,Rajdhani,Surat,Vadodara,105.6,61.4,-5.0,15.4,0.114,Rain,3,5,135.9
12259,Duronto,DDU,New Delhi,231.3,75.9,-5.0,16.5,0.598,Clear,8,3,225.8
12627,Express,Chennai,Gudur,151.8,66.3,8.9,3.3,0.089,Clear,23,4,138.9
12301,Rajdhani,Prayagraj,DDU,205.6,71.3,28.7,2.3,0.167,Rain,4,4,177.7
12951,Rajdhani,Ratlam,Kota,180.2,63.8,6.6,17.6,0.165,Rain,7,2,201.8
12860,Express,Mumbai,Pune,232.8,66.9,30.6,0.0,0.203,Rain,0,0,208.5
12259,Duronto,Dhanbad,Gaya,160.0,72.8,0.6,5.4,0.079,Clear,4,2,138.1
12259,Duronto,Asansol,Dhanbad,99.8,66.3,6.8,5.0,0.042,Clear,1,3,92.7
12259,Duronto,Gaya,DDU,210.6,70.7,-1.5,31.1,0.073,Clear,6,2,171.6
12259,Duronto,Dhanbad,Gaya,182.1,79.2,5.2,0.0,0.515,Rain,4,0,159.8
12627,Express,Vijayawada,Warangal,164.8,57.4,7.2,7.1,0.064,Heavy Rain,7,0,208.6
12301,Rajdhani,Gaya,Howrah,173.7,66.9,-4.7,11.4,0.096,Fog,10,6,181.4
12627,Express,Warangal,Secunderabad,175.9,65.0,0.7,8.0,0.168,Clear,9,2,183.0
12951,Rajdhani,Ratlam,Kota,201.6,61.3,2.3,7.7,0.159,Clear,8,5,189.5
12723,Express,Kazipet,Warangal,42.7,71.4,18.8,13.4,0.228,Clear,1,0,63.7
12627,Express,Vijayawada,Warangal,168.4,55.3,7.3,6.4,0.465,Clear,7,0,203.2
12627,Express,Warangal,Secunderabad,159.2,60.5,6.6,0.7,0.111,Clear,9,0,191.6
12259,Duronto,Asansol,Dhanbad,122.4,73.1,23.0,10.9,0.148,Rain,3,4,113.0
12259,Duronto,DDU,New Delhi,252.0,72.3,-4.5,7.0,0.243,Heavy Rain,10,0,224.2
12723,Express,Kazipet,Warangal,40.0,65.1,-0.7,8.6,0.234,Rain,1,4,39.6
12951,Rajdhani,Kota,New Delhi,292.2,76.4,1.2,13.6,0.148,Clear,10,4,210.1
12951,Rajdhani,Kota,New Delhi,227.7,74.9,1.8,10.7,0.205,Clear,10,6,205.4
12627,Express,Vijayawada,Warangal,204.4,70.5,36.7,15.9,0.522,Rain,6,0,219.9
12627,Express,Vijayawada,Warangal,181.1,68.4,8.2,5.7,0.675,Clear,6,5,190.1
12951,Rajdhani,Surat,Vadodara,195.0,88.5,16.1,9.3,0.041,Heavy Rain,3,2,141.8
12301,Rajdhani,Kanpur,Prayagraj,169.4,68.6,1.6,17.2,0.212,Clear,2,4,165.7
12951,Rajdhani,Kota,New Delhi,197.6,68.6,29.7,6.1,0.48,Fog,10,3,227.1
12723,Express,Kazipet,Warangal,40.0,66.8,-5.0,2.7,0.502,Fog,3,2,50.8
12301,Rajdhani,New Delhi,Kanpur,213.3,74.5,25.5,4.3,0.401,Clear,0,6,178.8
12951,Rajdhani,Mumbai,Surat,231.0,79.1,0.1,11.0,0.211,Fog,23,5,192.7
12259,Duronto,Gaya,DDU,227.0,88.6,4.9,15.5,0.67,Rain,5,5,186.0
12723,Express,Gudur,Chennai,206.1,69.8,-5.0,13.5,0.264,Clear,9,6,213.1
12301,Rajdhani,Gaya,Howrah,201.8,65.7,-2.0,20.7,0.482,Rain,9,6,179.7
12951,Rajdhani,Kota,New Delhi,254.8,83.9,10.5,0.0,0.215,Clear,10,0,211.0
12951,Rajdhani,Ratlam,Kota,183.7,67.6,32.2,23.5,0.393,Rain,7,2,208.3
12301,Rajdhani,Prayagraj,DDU,192.9,75.9,8.4,13.5,0.077,Rain,4,1,170.0
12723,Express,Warangal,Vijayawada,267.5,72.7,24.9,10.5,0.296,Clear,2,5,217.3
12860,Express,Mumbai,Pune,191.6,68.9,-0.2,0.0,0.277,Clear,23,5,194.5
12951,Rajdhani,Vadodara,Ratlam,150.1,57.6,19.4,5.9,0.176,Clear,4,3,187.7
12723,Express,Hyderabad,Kazipet,122.9,61.7,5.5,11.5,0.282,Clear,23,6,136.8
12259,Duronto,Asansol,Dhanbad,124.5,70.8,20.6,21.0,0.24,Heavy Rain,1,3,123.5
12301,Rajdhani,Prayagraj,DDU,241.9,80.4,18.2,16.5,0.104,Clear,5,3,166.1
12951,Rajdhani,Kota,New Delhi,212.7,67.5,1.4,18.5,0.114,Clear,9,2,207.8
12301,Rajdhani,DDU,Gaya,90.4,44.5,6.2,7.0,0.244,Clear,8,0,164.1
12951,Rajdhani,Ratlam,Kota,163.3,58.4,13.2,6.4,0.157,Rain,7,1,197.1
12259,Duronto,DDU,New Delhi,335.8,86.5,23.7,34.7,0.276,Clear,9,0,224.5
12723,Express,Warangal,Vijayawada,249.6,71.1,12.9,8.7,0.112,Rain,2,5,214.1
12860,Express,Kalaburagi,Wadi,92.2,74.2,12.2,2.5,0.453,Rain,8,1,82.9
12301,Rajdhani,Prayagraj,DDU,148.5,60.9,11.5,14.4,0.212,Clear,5,6,175.3
12951,Rajdhani,Vadodara,Ratlam,158.3,55.0,18.7,15.2,0.128,Clear,5,1,197.3
12627,Express,Vijayawada,Warangal,191.0,62.6,23.2,14.1,0.263,Rain,6,2,202.4
12951,Rajdhani,Mumbai,Surat,197.2,67.8,20.9,0.0,0.29,Clear,23,1,190.4
12860,Express,Kalaburagi,Wadi,99.2,73.6,33.0,9.7,0.127,Fog,8,3,92.5
12627,Express,Warangal,Secunderabad,163.2,57.8,27.0,5.4,0.004,Clear,8,5,196.6
12951,Rajdhani,Surat,Vadodara,135.6,69.6,1.6,21.4,0.549,Clear,3,6,142.4
12627,Express,Vijayawada,Warangal,230.4,69.8,10.5,9.7,0.182,Fog,7,3,192.3
12951,Rajdhani,Kota,New Delhi,165.1,53.5,25.2,0.0,0.22,Rain,9,5,219.9
12951,Rajdhani,Surat,Vadodara,112.1,58.4,5.7,22.6,0.126,Fog,2,0,135.4
12627,Express,Gudur,Nellore,77.5,65.4,6.1,10.6,0.33,Fog,2,0,78.1
12627,Express,Chennai,Gudur,131.6,57.8,19.2,19.5,0.404,Clear,23,0,166.5
12723,Express,Warangal,Vijayawada,208.9,58.2,15.9,6.9,0.487,Clear,3,6,216.7
12259,Duronto,Gaya,DDU,186.7,68.5,37.6,0.0,0.324,Clear,7,1,188.9
12951,Rajdhani,Surat,Vadodara,135.3,76.4,1.5,0.4,0.173,Clear,2,4,131.4
12301,Rajdhani,Gaya,Howrah,183.7,72.9,33.3,17.7,0.136,Clear,10,0,186.5
12860,Express,Mumbai,Pune,187.1,53.3,7.4,0.0,0.2,Rain,1,3,204.2
12627,Express,Gudur,Nellore,55.2,54.2,28.6,0.0,0.305,Clear,2,6,105.1
12951,Rajdhani,Vadodara,Ratlam,196.4,61.6,28.0,13.7,0.14,Rain,5,4,192.2
12627,Express,Chennai,Gudur,102.4,48.6,13.6,18.5,0.481,Clear,0,5,175.4
12860,Express,Wadi,Secunderabad,108.4,46.0,14.5,14.3,0.112,Clear,10,3,174.6
12627,Express,Gudur,Nellore,75.1,64.1,3.5,6.7,0.61,Fog,2,2,84.7
12723,Express,Hyderabad,Kazipet,126.3,63.7,20.9,17.8,0.081,Heavy Rain,0,4,143.3
12951,Rajdhani,Surat,Vadodara,146.8,64.3,4.4,30.7,0.49,Clear,2,3,134.2
12860,Express,Kalaburagi,Wadi,86.2,69.4,-5.0,15.7,0.119,Clear,9,3,76.0
12860,Express,Pune,Solapur,180.4,62.4,27.6,2.8,0.24,Clear,4,4,183.9
12259,Duronto,Gaya,DDU,139.6,56.2,23.3,0.0,0.667,Clear,7,5,192.8
12951,Rajdhani,Ratlam,Kota,195.9,71.5,5.9,2.0,0.577,Clear,7,2,195.3
12259,Duronto,Gaya,DDU,212.7,71.8,-1.5,14.1,0.193,Clear,6,1,171.1
12723,Express,Hyderabad,Kazipet,116.2,59.3,37.1,11.7,0.315,Rain,0,3,163.2
12259,Duronto,Dhanbad,Gaya,179.7,71.3,-5.0,6.5,0.109,Clear,4,4,153.1
12259,Duronto,Sealdah,Asansol,193.5,75.2,15.5,22.7,0.284,Clear,0,3,161.7
12951,Rajdhani,Surat,Vadodara,120.1,57.5,8.1,15.7,0.305,Clear,3,1,146.2
12627,Express,Vijayawada,Warangal,207.8,61.7,22.8,0.0,0.257,Clear,6,4,186.5
12860,Express,Solapur,Kalaburagi,126.6,54.3,-5.0,9.7,0.198,Clear,6,1,172.7
12951,Rajdhani,Surat,Vadodara,150.2,68.7,-5.0,15.1,0.236,Clear,2,0,130.4
12951,Rajdhani,Ratlam,Kota,183.2,68.1,19.2,8.9,0.175,Clear,7,2,187.7
12301,Rajdhani,New Delhi,Kanpur,178.9,73.6,18.8,4.2,0.247,Clear,0,6,157.7
12860,Express,Wadi,Secunderabad,133.8,46.4,15.9,17.5,0.275,Clear,9,2,187.9
12951,Rajdhani,Mumbai,Surat,217.0,63.8,21.8,9.6,0.232,Clear,0,6,197.3
12259,Duronto,Sealdah,Asansol,194.8,79.2,26.1,7.2,0.023,Clear,23,0,162.1
12951,Rajdhani,Vadodara,Ratlam,237.9,73.8,23.6,11.9,0.696,Clear,4,3,189.8
12301,Rajdhani,DDU,Gaya,135.3,59.5,22.8,7.1,0.537,Clear,8,1,157.3
12301,Rajdhani,Gaya,Howrah,200.6,64.1,0.6,11.7,0.055,Clear,11,4,173.1
12723,Express,Gudur,Chennai,187.6,60.6,19.6,22.2,0.557,Rain,8,6,224.1
12860,Express,Wadi,Secunderabad,188.1,65.0,26.8,18.2,0.465,Clear,9,0,181.0
12301,Rajdhani,Kanpur,Prayagraj,161.5,63.7,6.3,4.7,0.332,Clear,2,5,174.0
12951,Rajdhani,Kota,New Delhi,259.7,76.0,32.6,12.0,0.481,Clear,10,3,225.8
12723,Express,Warangal,Vijayawada,248.4,71.0,7.1,6.6,0.055,Clear,2,0,201.5
12627,Express,Nellore,Vijayawada,196.8,61.5,17.0,7.1,0.234,Rain,3,2,189.7
12301,Rajdhani,Gaya,Howrah,196.6,72.9,8.0,20.7,0.337,Clear,10,1,189.4
12301,Rajdhani,Prayagraj,DDU,165.5,60.4,3.3,13.0,0.201,Rain,4,1,175.3
12951,Rajdhani,Surat,Vadodara,128.3,74.9,15.7,17.7,0.327,Rain,3,3,139.3
12301,Rajdhani,Prayagraj,DDU,178.2,62.4,7.9,0.0,0.323,Clear,5,4,173.6
12301,Rajdhani,Kanpur,Prayagraj,176.1,64.1,3.0,15.9,0.346,Heavy Rain,2,5,190.4
12301,Rajdhani,DDU,Gaya,185.3,82.4,18.7,13.8,0.51,Clear,7,0,154.1
12860,Express,Pune,Solapur,187.5,61.9,8.6,7.3,0.453,Rain,3,5,192.3
12259,Duronto,DDU,New Delhi,257.4,79.8,6.3,18.1,0.466,Clear,8,2,209.5
12259,Duronto,DDU,New Delhi,223.8,72.1,23.6,8.6,0.091,Clear,10,5,221.3
12951,Rajdhani,Kota,New Delhi,209.7,61.7,4.0,7.7,0.364,Heavy Rain,11,6,222.8
12723,Express,Warangal,Vijayawada,239.7,66.5,29.7,6.6,0.11,Clear,2,6,209.0
12301,Rajdhani,Gaya,Howrah,218.2,80.7,17.7,1.5,0.227,Heavy Rain,10,2,186.1
12860,Express,Kalaburagi,Wadi,94.5,63.2,24.9,2.3,0.272,Clear,8,3,102.3
12723,Express,Warangal,Vijayawada,241.8,78.9,2.3,22.5,0.145,Clear,2,4,190.0
12951,Rajdhani,Kota,New Delhi,208.4,70.4,15.9,17.7,0.097,Fog,10,1,220.2
12301,Rajdhani,DDU,Gaya,144.3,65.9,15.7,10.4,0.153,Fog,7,2,173.0
12259,Duronto,DDU,New Delhi,248.4,73.8,5.1,21.5,0.121,Clear,9,4,215.1
12723,Express,Hyderabad,Kazipet,117.7,59.9,24.4,16.8,0.035,Clear,23,0,160.0
12259,Duronto,Sealdah,Asansol,205.2,71.9,14.1,8.6,0.355,Fog,23,5,180.3
12259,Duronto,Gaya,DDU,177.4,71.7,2.5,4.5,0.153,Clear,6,4,182.6
12723,Express,Hyderabad,Kazipet,125.5,62.0,8.9,22.2,0.529,Rain,1,0,166.4
12259,Duronto,Sealdah,Asansol,155.4,66.3,-5.0,14.9,0.162,Clear,0,2,161.4
12860,Express,Wadi,Secunderabad,172.6,58.5,10.4,5.2,0.272,Clear,9,1,169.7
12723,Express,Gudur,Chennai,188.2,58.6,26.4,8.6,0.025,Clear,10,6,205.7
12723,Express,Warangal,Vijayawada,248.2,68.3,10.0,12.5,0.522,Rain,2,4,223.4
12259,Duronto,Asansol,Dhanbad,118.0,75.9,34.9,0.6,0.314,Clear,2,0,109.8
12259,Duronto,Sealdah,Asansol,195.1,76.6,26.5,25.5,0.44,Clear,23,2,177.8
12301,Rajdhani,New Delhi,Kanpur,144.2,61.2,1.4,3.2,0.239,Clear,0,6,167.7
12627,Express,Nellore,Vijayawada,129.3,50.5,1.6,21.4,0.351,Heavy Rain,3,4,229.4
12951,Rajdhani,Surat,Vadodara,124.6,73.2,12.3,13.5,0.403,Clear,2,0,126.0
12301,Rajdhani,DDU,Gaya,157.8,73.9,19.0,11.3,0.261,Clear,7,4,153.8
12627,Express,Chennai,Gudur,123.6,54.2,3.6,0.0,0.079,Clear,0,3,159.4
12860,Express,Solapur,Kalaburagi,164.3,72.5,9.1,3.7,0.063,Fog,5,1,146.5
12627,Express,Nellore,Vijayawada,210.5,70.7,-5.0,20.9,0.026,Clear,3,2,191.4
12860,Express,Pune,Solapur,184.8,60.8,16.6,1.0,0.12,Rain,2,6,196.1
12951,Rajdhani,Mumbai,Surat,244.1,79.2,-4.9,0.0,0.257,Clear,23,1,198.0
12723,Express,Warangal,Vijayawada,180.8,61.2,18.1,10.5,0.236,Clear,3,6,204.0
12259,Duronto,Asansol,Dhanbad,102.9,69.8,9.9,13.8,0.343,Rain,2,1,117.9
12860,Express,Mumbai,Pune,226.9,70.9,11.6,0.0,0.401,Clear,0,4,204.7
12301,Rajdhani,Kanpur,Prayagraj,213.4,71.6,10.6,3.5,0.184,Heavy Rain,2,4,181.9
12723,Express,Gudur,Chennai,213.3,66.3,26.4,1.5,0.07,Clear,9,3,200.1
12860,Express,Wadi,Secunderabad,165.4,67.3,21.5,12.0,0.435,Clear,9,4,181.4
12627,Express,Nellore,Vijayawada,227.3,70.0,5.6,7.8,0.535,Fog,4,5,192.9
12951,Rajdhani,Kota,New Delhi,242.8,68.3,1.3,0.0,0.17,Clear,11,6,200.9
12860,Express,Mumbai,Pune,149.0,52.0,26.4,11.4,0.479,Clear,0,0,226.4
12259,Duronto,Dhanbad,Gaya,165.2,71.2,0.5,21.1,0.51,Clear,4,1,157.3
12723,Express,Vijayawada,Gudur,185.4,62.1,21.7,16.4,0.661,Rain,5,6,212.4
12627,Express,Vijayawada,Warangal,229.7,73.8,11.1,8.3,0.553,Clear,7,0,199.7
12951,Rajdhani,Vadodara,Ratlam,207.5,66.6,27.1,17.1,0.139,Clear,4,2,181.8
12259,Duronto,Sealdah,Asansol,166.9,71.2,11.5,12.9,0.292,Clear,0,2,160.3
12723,Express,Vijayawada,Gudur,232.0,68.7,13.1,9.5,0.248,Clear,6,0,209.2
12301,Rajdhani,Kanpur,Prayagraj,173.2,60.2,6.6,0.5,0.285,Rain,1,2,172.1
12951,Rajdhani,Ratlam,Kota,180.7,65.2,4.9,21.2,0.071,Clear,7,0,186.8
12860,Express,Mumbai,Pune,178.9,65.1,9.7,14.9,0.27,Clear,23,2,210.3
12723,Express,Vijayawada,Gudur,199.3,56.1,3.6,6.3,0.135,Fog,6,3,218.5
12627,Express,Nellore,Vijayawada,165.0,61.1,10.9,30.5,0.117,Heavy Rain,3,6,205.7
12259,Duronto,Asansol,Dhanbad,99.0,56.9,-5.0,21.2,0.201,Rain,0,2,113.1
12301,Rajdhani,Kanpur,Prayagraj,166.2,63.5,29.8,0.9,0.179,Clear,2,0,182.9
12860,Express,Wadi,Secunderabad,164.4,57.5,19.0,2.9,0.671,Heavy Rain,10,2,210.5
12951,Rajdhani,Kota,New Delhi,195.3,66.6,11.2,13.9,0.363,Clear,10,2,204.5
12951,Rajdhani,Vadodara,Ratlam,188.2,61.1,10.4,11.5,0.416,Heavy Rain,5,2,207.9
12627,Express,Chennai,Gudur,153.2,56.9,12.5,17.3,0.261,Fog,23,3,166.7
12259,Duronto,Sealdah,Asansol,192.4,71.9,25.1,11.0,0.611,Fog,0,6,183.8
12723,Express,Gudur,Chennai,158.1,48.6,10.2,21.7,0.364,Clear,9,6,226.6
12723,Express,Hyderabad,Kazipet,119.2,58.2,11.3,6.1,0.816,Heavy Rain,23,5,179.9
12627,Express,Nellore,Vijayawada,204.1,62.6,10.1,23.0,0.385,Clear,4,1,196.1
12301,Rajdhani,Gaya,Howrah,270.5,83.9,26.9,21.2,0.357,Clear,10,1,196.1
12951,Rajdhani,Surat,Vadodara,136.5,72.2,-5.0,10.6,0.365,Clear,2,4,131.9
12951,Rajdhani,Kota,New Delhi,284.7,76.3,12.0,30.7,0.22,Fog,11,1,213.5
12627,Express,Chennai,Gudur,119.6,45.8,-1.6,8.1,0.373,Heavy Rain,23,0,187.7
12860,Express,Wadi,Secunderabad,178.9,61.0,3.1,5.8,0.294,Rain,10,1,172.9
12723,Express,Hyderabad,Kazipet,142.9,64.4,2.1,21.5,0.576,Clear,23,3,149.2
12860,Express,Mumbai,Pune,194.4,60.7,17.4,15.9,0.035,Clear,23,1,195.4
12860,Express,Kalaburagi,Wadi,81.9,69.1,9.4,0.0,0.141,Clear,7,0,85.9
12723,Express,Vijayawada,Gudur,206.8,56.7,-5.0,14.9,0.26,Rain,5,0,206.5
12627,Express,Nellore,Vijayawada,191.7,58.8,13.5,7.7,0.208,Fog,3,2,203.9
12301,Rajdhani,Gaya,Howrah,191.4,66.8,-5.0,5.2,0.311,Fog,9,6,172.1
12723,Express,Warangal,Vijayawada,226.9,61.4,-4.0,6.3,0.329,Rain,3,0,207.2
12860,Express,Kalaburagi,Wadi,96.3,66.2,0.1,16.6,0.309,Clear,7,2,87.2
12627,Express,Warangal,Secunderabad,196.4,60.0,-5.0,4.5,0.347,Clear,8,5,192.1
12860,Express,Pune,Solapur,148.1,55.3,16.3,10.9,0.14,Clear,3,4,200.4
12860,Express,Kalaburagi,Wadi,77.6,57.9,7.5,10.1,0.32,Clear,8,3,91.9
12259,Duronto,DDU,New Delhi,157.8,53.2,23.2,21.0,0.291,Rain,10,4,239.2
12259,Duronto,Gaya,DDU,200.5,75.0,17.5,4.7,0.329,Clear,6,3,178.9
12627,Express,Warangal,Secunderabad,220.8,65.4,16.7,7.8,0.09,Clear,9,5,184.6
12627,Express,Gudur,Nellore,65.7,60.5,23.9,0.0,0.224,Clear,2,6,83.4
12860,Express,Mumbai,Pune,231.3,68.8,29.9,0.6,0.373,Clear,23,3,205.6
12951,Rajdhani,Surat,Vadodara,158.9,70.9,4.3,5.5,0.113,Clear,3,5,126.6
12301,Rajdhani,New Delhi,Kanpur,196.0,67.0,35.5,6.2,0.399,Rain,0,5,184.4
12301,Rajdhani,Kanpur,Prayagraj,130.3,53.1,20.4,5.8,0.137,Clear,3,5,184.5
12627,Express,Gudur,Nellore,62.9,55.9,22.1,7.6,0.6,Heavy Rain,2,5,106.8
12723,Express,Gudur,Chennai,185.4,59.8,22.4,2.7,0.442,Clear,9,3,218.1
12723,Express,Gudur,Chennai,236.5,63.3,-5.0,2.2,0.401,Fog,9,1,222.1
12723,Express,Gudur,Chennai,231.9,73.1,40.9,4.3,0.138,Clear,10,1,214.7
12951,Rajdhani,Ratlam,Kota,197.4,62.3,8.2,14.9,0.55,Clear,7,6,195.6
12259,Duronto,Gaya,DDU,164.2,68.2,23.1,1.9,0.333,Clear,6,0,169.8
12627,Express,Vijayawada,Warangal,154.3,57.5,24.6,20.6,0.431,Clear,7,5,209.5
12860,Express,Solapur,Kalaburagi,143.0,60.6,31.1,8.8,0.172,Heavy Rain,6,2,176.1
12627,Express,Gudur,Nellore,72.5,61.0,18.2,14.7,0.24,Rain,2,5,80.9
12723,Express,Hyderabad,Kazipet,103.6,48.7,24.4,15.0,0.374,Clear,23,6,155.4
12860,Express,Pune,Solapur,180.0,56.4,25.7,4.5,0.119,Rain,3,5,202.8
12301,Rajdhani,New Delhi,Kanpur,210.0,76.2,19.3,11.6,0.351,Clear,0,5,179.1
12627,Express,Chennai,Gudur,129.9,62.6,24.3,3.6,0.215,Clear,23,1,153.7
12951,Rajdhani,Surat,Vadodara,159.2,74.4,25.6,9.1,0.179,Clear,3,6,145.1
12627,Express,Vijayawada,Warangal,204.1,69.2,9.6,11.6,0.127,Clear,6,5,195.3
12627,Express,Chennai,Gudur,129.1,59.5,-3.2,13.9,0.627,Clear,23,6,163.4
12627,Express,Warangal,Secunderabad,160.0,62.2,17.0,11.5,0.235,Rain,9,0,201.7
12723,Express,Gudur,Chennai,237.6,65.9,13.1,5.1,0.336,Clear,9,6,195.2
12860,Express,Mumbai,Pune,209.7,59.1,9.0,2.0,0.295,Rain,23,0,214.2
12301,Rajdhani,DDU,Gaya,159.4,64.2,18.3,4.2,0.213,Clear,7,5,155.9
12259,Duronto,Sealdah,Asansol,138.8,59.8,7.9,8.6,0.27,Rain,23,5,173.6
12951,Rajdhani,Surat,Vadodara,129.8,72.1,1.7,0.0,0.149,Clear,2,4,112.2
12301,Rajdhani,Prayagraj,DDU,194.5,83.4,4.9,15.7,0.103,Clear,5,3,166.8
12951,Rajdhani,Vadodara,Ratlam,203.0,66.8,-1.3,0.4,0.438,Clear,5,4,173.1
12860,Express,Kalaburagi,Wadi,106.5,75.2,8.6,22.3,0.409,Clear,9,5,88.9
12627,Express,Warangal,Secunderabad,173.0,51.4,0.8,0.0,0.208,Clear,9,4,200.6
12301,Rajdhani,Kanpur,Prayagraj,159.3,68.1,8.8,12.1,0.493,Clear,1,1,172.9
12259,Duronto,Sealdah,Asansol,171.4,77.2,0.4,12.8,0.229,Rain,0,6,161.9
12627,Express,Nellore,Vijayawada,178.0,64.8,16.0,3.2,0.365,Clear,2,2,189.4
12723,Express,Vijayawada,Gudur,252.8,68.5,8.4,6.7,0.107,Clear,5,3,203.7
12627,Express,Chennai,Gudur,117.4,54.5,17.9,10.0,0.009,Clear,23,4,176.2
12301,Rajdhani,Prayagraj,DDU,173.1,58.8,16.1,19.1,0.228,Clear,5,2,186.6
12627,Express,Chennai,Gudur,172.9,73.4,2.4,14.4,0.222,Clear,23,6,153.6
12860,Express,Pune,Solapur,213.7,77.2,-4.4,18.9,0.247,Rain,2,1,177.5
12301,Rajdhani,New Delhi,Kanpur,141.9,63.2,-5.0,25.4,0.445,Rain,0,0,175.7
12951,Rajdhani,Vadodara,Ratlam,190.2,75.2,16.7,11.4,0.192,Rain,4,2,184.4
12301,Rajdhani,Kanpur,Prayagraj,170.2,74.0,6.8,19.0,0.366,Clear,2,6,179.7
12723,Express,Hyderabad,Kazipet,176.3,71.2,-2.4,10.1,0.389,Clear,23,0,134.7
12259,Duronto,Dhanbad,Gaya,215.3,86.5,16.6,12.9,0.383,Clear,3,0,159.8
12301,Rajdhani,New Delhi,Kanpur,174.4,68.9,14.9,0.0,0.09,Clear,23,4,166.9
12301,Rajdhani,New Delhi,Kanpur,171.1,69.7,26.5,9.8,0.209,Clear,23,2,178.2
12860,Express,Kalaburagi,Wadi,82.9,61.9,34.1,12.3,0.118,Clear,8,4,102.8
12723,Express,Warangal,Vijayawada,195.1,62.9,1.6,10.1,0.173,Clear,2,3,207.5
12860,Express,Solapur,Kalaburagi,148.4,52.4,20.6,10.0,0.176,Rain,5,4,174.9
12301,Rajdhani,New Delhi,Kanpur,226.1,83.9,20.8,0.0,0.085,Clear,0,6,159.7
12627,Express,Chennai,Gudur,171.8,62.0,46.3,9.6,0.545,Clear,23,2,172.3
12627,Express,Gudur,Nellore,80.7,65.3,12.3,0.0,0.249,Clear,2,0,66.2
12627,Express,Warangal,Secunderabad,174.4,60.6,-5.0,12.2,0.195,Clear,9,4,188.0
12301,Rajdhani,New Delhi,Kanpur,137.9,57.7,11.2,14.6,0.382,Clear,23,2,173.0
12627,Express,Vijayawada,Warangal,171.1,56.1,-5.0,9.3,0.255,Clear,7,4,193.8
12627,Express,Chennai,Gudur,154.2,59.0,7.1,7.7,0.125,Rain,0,5,167.3
12301,Rajdhani,DDU,Gaya,149.0,59.4,35.8,14.6,0.042,Heavy Rain,8,2,163.7
12723,Express,Vijayawada,Gudur,206.6,65.1,14.5,0.0,0.117,Clear,6,0,203.7
12951,Rajdhani,Surat,Vadodara,120.4,59.9,-4.2,8.8,0.315,Clear,3,4,130.3
12627,Express,Chennai,Gudur,160.0,62.4,26.0,10.5,0.275,Clear,23,6,162.8
12860,Express,Wadi,Secunderabad,139.7,57.5,11.8,7.8,0.338,Rain,9,6,193.3
12301,Rajdhani,Prayagraj,DDU,190.6,69.8,35.4,6.6,0.356,Clear,5,1,180.9
12627,Express,Warangal,Secunderabad,230.7,68.1,9.5,2.8,0.175,Clear,9,0,202.1
12860,Express,Mumbai,Pune,170.9,53.4,25.3,6.3,0.466,Rain,0,2,226.6
12301,Rajdhani,Gaya,Howrah,239.9,76.3,5.1,0.0,0.443,Rain,9,4,194.1
12259,Duronto,Gaya,DDU,186.3,61.2,23.6,16.0,0.135,Heavy Rain,6,5,195.9
12860,Express,Mumbai,Pune,144.4,44.9,20.3,1.3,0.562,Clear,23,3,232.4
12723,Express,Kazipet,Warangal,40.0,48.4,4.2,12.4,0.223,Heavy Rain,2,0,81.3
12259,Duronto,Sealdah,Asansol,148.1,67.6,22.1,21.0,0.182,Clear,23,6,172.3
12951,Rajdhani,Surat,Vadodara,152.8,69.0,9.9,1.1,0.284,Rain,2,4,124.0
12723,Express,Vijayawada,Gudur,211.1,56.5,-4.1,13.9,0.1,Rain,6,4,207.8
12259,Duronto,Sealdah,Asansol,186.3,74.6,22.3,0.0,0.313,Heavy Rain,23,6,170.3
12860,Express,Pune,Solapur,191.6,57.8,2.4,12.4,0.413,Clear,3,5,195.5
12627,Express,Chennai,Gudur,152.1,65.7,2.3,20.7,0.213,Clear,0,5,163.2
12951,Rajdhani,Ratlam,Kota,193.7,70.3,-0.7,16.9,0.299,Clear,8,5,185.6
12951,Rajdhani,Ratlam,Kota,194.2,63.9,38.5,9.0,0.017,Clear,8,2,203.1
12301,Rajdhani,New Delhi,Kanpur,149.5,61.7,23.7,7.5,0.066,Clear,0,5,173.4
12301,Rajdhani,New Delhi,Kanpur,169.7,63.5,16.8,0.0,0.325,Rain,23,1,166.7
12723,Express,Kazipet,Warangal,40.0,72.4,18.7,18.9,0.567,Clear,2,4,66.8
12860,Express,Kalaburagi,Wadi,92.7,60.9,0.5,12.2,0.365,Rain,9,6,103.0
12301,Rajdhani,Prayagraj,DDU,167.6,66.7,24.5,14.6,0.38,Clear,4,1,190.1
12860,Express,Pune,Solapur,235.9,74.7,12.1,0.0,0.275,Clear,3,1,190.5
12259,Duronto,DDU,New Delhi,223.9,61.2,0.5,14.6,0.084,Clear,9,3,213.8
12301,Rajdhani,DDU,Gaya,147.3,71.2,3.2,9.2,0.206,Heavy Rain,8,5,162.2
12951,Rajdhani,Mumbai,Surat,157.2,50.7,29.6,10.2,0.423,Rain,0,5,214.6
12627,Express,Gudur,Nellore,70.8,67.6,8.3,8.9,0.164,Rain,3,3,79.3
12301,Rajdhani,Kanpur,Prayagraj,200.9,77.7,-5.0,18.3,0.208,Clear,2,3,165.7
12627,Express,Chennai,Gudur,127.6,57.7,34.9,0.0,0.423,Rain,0,4,174.4
12259,Duronto,Sealdah,Asansol,176.4,68.7,24.8,24.4,0.136,Clear,23,3,167.1
12723,Express,Warangal,Vijayawada,175.4,51.7,16.3,29.6,0.236,Clear,2,3,231.3
12259,Duronto,Asansol,Dhanbad,107.4,65.8,7.8,7.0,0.385,Clear,3,0,106.9
12723,Express,Kazipet,Warangal,40.0,47.8,10.5,8.6,0.42,Clear,2,6,61.1
12627,Express,Nellore,Vijayawada,214.9,62.6,35.5,6.3,0.152,Clear,3,6,207.2
12627,Express,Vijayawada,Warangal,263.8,76.6,21.1,13.4,0.173,Clear,7,2,184.5
12860,Express,Pune,Solapur,159.1,62.2,24.8,27.5,0.328,Clear,2,5,223.5
12951,Rajdhani,Vadodara,Ratlam,222.5,73.1,30.2,6.6,0.678,Heavy Rain,5,5,210.3
12951,Rajdhani,Vadodara,Ratlam,245.6,80.7,27.3,3.0,0.399,Clear,5,1,186.9
12951,Rajdhani,Vadodara,Ratlam,185.4,59.5,11.2,9.4,0.058,Rain,5,3,178.4
12627,Express,Warangal,Secunderabad,202.8,63.1,15.0,9.6,0.465,Clear,8,5,200.3
12860,Express,Mumbai,Pune,191.8,63.6,4.0,15.2,0.133,Clear,23,2,201.0
12860,Express,Solapur,Kalaburagi,184.6,65.7,15.7,8.7,0.199,Rain,6,3,163.4
12951,Rajdhani,Kota,New Delhi,218.8,63.4,1.8,15.4,0.388,Rain,11,6,215.8
12301,Rajdhani,Kanpur,Prayagraj,246.6,84.6,14.4,11.7,0.163,Clear,2,6,177.5
12259,Duronto,Dhanbad,Gaya,138.4,61.7,24.4,8.7,0.114,Clear,3,1,159.8
12259,Duronto,Asansol,Dhanbad,91.9,60.8,9.0,5.7,0.527,Clear,2,1,107.0
12951,Rajdhani,Ratlam,Kota,291.1,85.4,0.0,18.2,0.089,Clear,7,5,184.1
12951,Rajdhani,Ratlam,Kota,231.2,69.4,11.5,18.7,0.314,Clear,8,4,198.7
12951,Rajdhani,Surat,Vadodara,178.0,78.8,20.2,10.0,0.351,Rain,2,2,151.9
12259,Duronto,Asansol,Dhanbad,105.0,64.4,23.2,7.1,0.222,Heavy Rain,2,5,123.2
12723,Express,Warangal,Vijayawada,179.7,64.3,6.5,20.8,0.263,Clear,2,5,213.7
12627,Express,Gudur,Nellore,78.3,70.2,11.7,5.0,0.409,Clear,2,1,74.2
12301,Rajdhani,Gaya,Howrah,206.0,65.9,13.3,18.1,0.462,Fog,10,2,199.0
12723,Express,Vijayawada,Gudur,169.1,54.5,0.4,5.8,0.321,Clear,6,6,213.3
12723,Express,Vijayawada,Gudur,202.6,61.8,8.9,9.0,0.561,Clear,6,4,221.1
12627,Express,Nellore,Vijayawada,166.1,55.1,16.6,0.0,0.389,Clear,3,1,200.3
12627,Express,Vijayawada,Warangal,151.1,51.0,30.3,2.1,0.155,Clear,6,0,209.5
12951,Rajdhani,Vadodara,Ratlam,163.7,64.8,17.4,3.6,0.209,Fog,5,1,185.4
12723,Express,Kazipet,Warangal,40.0,63.1,6.8,0.0,0.24,Clear,2,2,39.2
12951,Rajdhani,Surat,Vadodara,121.9,66.8,12.9,0.0,0.61,Clear,3,1,138.9
12627,Express,Chennai,Gudur,140.7,60.4,12.6,5.2,0.257,Clear,23,0,160.1
12259,Duronto,Asansol,Dhanbad,96.6,55.4,27.7,0.5,0.651,Rain,2,3,129.2
12951,Rajdhani,Kota,New Delhi,205.9,61.0,9.1,12.0,0.465,Clear,11,1,210.9
12259,Duronto,Dhanbad,Gaya,189.1,68.4,1.4,19.9,0.563,Clear,3,3,164.1
12860,Express,Pune,Solapur,217.8,85.4,10.0,27.8,0.501,Clear,3,2,199.3
12259,Duronto,Gaya,DDU,153.0,56.6,7.6,14.3,0.216,Heavy Rain,6,0,196.0
12723,Express,Vijayawada,Gudur,228.6,64.2,9.6,3.2,0.204,Clear,4,4,202.8
12860,Express,Mumbai,Pune,230.4,63.8,34.5,3.2,0.274,Clear,23,3,205.0
12259,Duronto,Asansol,Dhanbad,134.8,76.1,-5.0,8.2,0.295,Clear,2,1,102.6
12259,Duronto,Dhanbad,Gaya,168.1,66.3,18.7,17.1,0.207,Clear,3,1,158.9
12723,Express,Warangal,Vijayawada,193.7,59.7,-3.4,14.7,0.314,Clear,4,4,213.0
12860,Express,Solapur,Kalaburagi,142.3,56.4,6.2,0.0,0.173,Rain,6,3,162.5
12259,Duronto,Gaya,DDU,220.6,73.3,1.5,1.5,0.146,Rain,6,2,173.1
12951,Rajdhani,Surat,Vadodara,124.3,69.3,1.2,17.7,0.313,Clear,3,4,126.2
12951,Rajdhani,Kota,New Delhi,267.7,79.9,25.1,0.0,0.253,Clear,10,6,223.0
12723,Express,Hyderabad,Kazipet,109.5,54.0,2.8,20.6,0.141,Clear,0,4,150.1
12860,Express,Kalaburagi,Wadi,73.5,64.3,7.8,2.5,0.08,Rain,8,4,98.2
12259,Duronto,Asansol,Dhanbad,125.2,72.8,-0.1,4.9,0.369,Clear,3,1,112.4
12951,Rajdhani,Mumbai,Surat,182.2,65.8,6.3,5.4,0.201,Clear,0,4,189.7
12723,Express,Kazipet,Warangal,40.0,51.3,-5.0,12.6,0.635,Rain,2,5,63.9
12723,Express,Vijayawada,Gudur,217.6,73.7,27.5,19.4,0.641,Rain,6,2,222.5
12259,Duronto,DDU,New Delhi,176.0,60.3,12.3,2.7,0.569,Rain,9,0,235.4
12860,Express,Solapur,Kalaburagi,164.6,64.0,18.6,0.0,0.166,Clear,6,5,164.4
12259,Duronto,Dhanbad,Gaya,197.3,71.7,24.2,7.5,0.168,Rain,3,0,163.6
12723,Express,Gudur,Chennai,176.1,59.5,8.1,12.5,0.301,Rain,9,6,207.7
12301,Rajdhani,Prayagraj,DDU,215.1,77.4,-5.0,4.5,0.172,Heavy Rain,5,6,179.6
12301,Rajdhani,Kanpur,Prayagraj,231.5,81.9,8.0,8.6,0.351,Clear,2,3,165.7
12627,Express,Nellore,Vijayawada,185.6,58.8,24.2,0.0,0.141,Heavy Rain,3,0,213.5
12951,Rajdhani,Kota,New Delhi,162.5,54.5,0.2,8.7,0.032,Clear,9,6,221.2
12301,Rajdhani,Prayagraj,DDU,189.3,75.9,11.2,10.9,0.597,Rain,5,5,179.1
12301,Rajdhani,Gaya,Howrah,217.8,76.1,7.6,0.0,0.317,Rain,10,5,190.4
12951,Rajdhani,Kota,New Delhi,240.6,64.4,19.9,0.0,0.443,Clear,11,6,224.1
12627,Express,Warangal,Secunderabad,200.2,65.9,-0.2,0.8,0.059,Clear,9,6,175.8
12627,Express,Chennai,Gudur,136.8,61.5,-2.2,0.0,0.092,Clear,0,5,149.1
12627,Express,Nellore,Vijayawada,180.7,65.3,-3.9,9.3,0.186,Clear,3,2,190.9
12301,Rajdhani,DDU,Gaya,157.1,78.5,17.4,7.6,0.425,Clear,8,5,151.4
12723,Express,Vijayawada,Gudur,190.7,63.1,3.4,0.1,0.529,Clear,6,5,205.1
12301,Rajdhani,DDU,Gaya,168.1,76.6,8.6,21.3,0.196,Clear,8,0,134.3
12860,Express,Wadi,Secunderabad,133.8,51.8,9.2,3.5,0.357,Rain,9,2,181.0
12951,Rajdhani,Mumbai,Surat,230.2,77.9,21.7,0.0,0.27,Rain,0,5,202.2
12301,Rajdhani,Prayagraj,DDU,164.8,60.5,5.3,11.4,0.462,Rain,5,1,189.5
12860,Express,Wadi,Secunderabad,172.7,58.5,34.3,20.6,0.254,Clear,10,6,183.3
12951,Rajdhani,Kota,New Delhi,240.7,79.5,28.9,6.6,0.342,Clear,10,3,223.0
12951,Rajdhani,Surat,Vadodara,102.0,57.7,1.3,0.0,0.041,Clear,2,4,132.5
12951,Rajdhani,Mumbai,Surat,147.2,57.2,13.3,0.0,0.049,Clear,0,2,183.8
12723,Express,Kazipet,Warangal,54.4,81.6,6.5,7.3,0.226,Rain,1,6,59.0
12951,Rajdhani,Surat,Vadodara,156.3,86.9,2.1,13.7,0.083,Clear,2,5,113.4
12860,Express,Solapur,Kalaburagi,154.3,63.1,-4.4,0.0,0.186,Clear,6,1,154.9
12723,Express,Gudur,Chennai,196.1,55.6,5.1,11.3,0.121,Fog,9,2,219.3
12259,Duronto,Sealdah,Asansol,177.8,64.0,10.5,6.8,0.154,Clear,23,2,155.1
12723,Express,Vijayawada,Gudur,226.0,66.9,-5.0,3.9,0.497,Rain,5,2,211.1
12723,Express,Vijayawada,Gudur,251.0,72.1,9.9,24.7,0.374,Clear,5,3,224.1
12259,Duronto,DDU,New Delhi,235.0,79.5,-5.0,5.5,0.163,Heavy Rain,9,3,222.0
12723,Express,Gudur,Chennai,220.7,59.7,-4.0,5.5,0.69,Clear,9,4,215.8
12860,Express,Solapur,Kalaburagi,186.9,68.9,21.6,17.1,0.142,Clear,5,4,161.3
12259,Duronto,Gaya,DDU,190.1,64.8,32.6,15.8,0.122,Clear,6,4,177.5
12259,Duronto,Gaya,DDU,206.7,77.6,19.0,17.4,0.269,Rain,5,5,171.9
12723,Express,Kazipet,Warangal,41.1,63.2,28.8,0.2,0.074,Clear,2,0,41.5
12259,Duronto,Asansol,Dhanbad,127.2,75.5,-5.0,3.4,0.252,Heavy Rain,2,2,115.8
12951,Rajdhani,Mumbai,Surat,230.4,71.0,-5.0,11.8,0.456,Fog,0,4,199.3
12627,Express,Gudur,Nellore,60.1,57.5,26.2,0.0,0.395,Clear,2,5,87.0
12627,Express,Warangal,Secunderabad,165.7,57.8,12.3,4.8,0.64,Rain,9,2,204.0
12627,Express,Warangal,Secunderabad,214.0,66.6,11.0,19.9,0.36,Clear,10,2,197.8
12951,Rajdhani,Kota,New Delhi,239.5,67.3,3.4,10.0,0.343,Clear,11,4,205.5
12951,Rajdhani,Ratlam,Kota,217.6,78.6,20.9,21.2,0.415,Rain,7,3,206.7
12860,Express,Kalaburagi,Wadi,72.3,63.7,14.9,6.5,0.542,Clear,8,2,99.7
12860,Express,Mumbai,Pune,193.3,60.4,12.5,13.6,0.044,Clear,0,1,205.6
12627,Express,Nellore,Vijayawada,185.3,62.9,17.5,1.9,0.277,Clear,3,0,197.4
12723,Express,Hyderabad,Kazipet,151.2,64.1,9.5,20.8,0.367,Clear,23,3,149.9
12951,Rajdhani,Surat,Vadodara,162.5,76.8,18.9,13.5,0.132,Rain,2,2,144.5
12860,Express,Pune,Solapur,204.9,65.6,-5.0,11.7,0.232,Clear,2,6,187.1
12301,Rajdhani,New Delhi,Kanpur,210.7,73.7,6.4,25.9,0.125,Clear,0,5,168.8
12301,Rajdhani,New Delhi,Kanpur,185.9,68.3,8.1,14.4,0.578,Clear,23,0,180.9
12627,Express,Vijayawada,Warangal,225.6,68.7,-1.3,4.3,0.169,Clear,6,3,179.8
12951,Rajdhani,Kota,New Delhi,297.6,79.6,24.3,4.6,0.254,Clear,10,2,226.2
12259,Duronto,Asansol,Dhanbad,105.4,76.2,24.9,7.2,0.1,Clear,2,6,105.5
12951,Rajdhani,Surat,Vadodara,120.8,61.2,22.3,10.7,0.375,Heavy Rain,2,6,145.0
12860,Express,Kalaburagi,Wadi,88.2,60.9,18.4,7.8,0.583,Clear,7,0,107.9
12951,Rajdhani,Ratlam,Kota,152.6,52.2,1.4,0.0,0.625,Clear,7,4,199.2
12723,Express,Vijayawada,Gudur,229.3,62.0,16.7,4.6,0.21,Rain,5,1,213.8
12627,Express,Warangal,Secunderabad,219.4,65.9,24.3,9.1,0.245,Clear,8,0,209.7
12259,Duronto,Gaya,DDU,139.7,57.7,31.1,14.7,0.14,Clear,5,2,186.6
12259,Duronto,Gaya,DDU,190.6,80.3,1.7,0.2,0.085,Fog,6,6,179.7
12951,Rajdhani,Ratlam,Kota,171.9,58.0,9.0,20.1,0.06,Clear,7,5,195.8
12723,Express,Hyderabad,Kazipet,121.9,52.3,9.6,12.2,0.513,Fog,23,5,163.7
12723,Express,Vijayawada,Gudur,198.1,55.6,12.7,18.4,0.328,Clear,5,6,217.5
12301,Rajdhani,Prayagraj,DDU,174.5,61.0,10.7,4.0,0.396,Clear,5,0,176.3
12259,Duronto,Asansol,Dhanbad,83.1,60.7,9.8,4.8,0.264,Rain,1,3,107.6
12627,Express,Vijayawada,Warangal,142.9,46.4,4.5,9.5,0.17,Clear,6,6,212.5
12259,Duronto,Asansol,Dhanbad,125.7,69.7,9.5,4.8,0.375,Clear,2,3,106.2
12301,Rajdhani,New Delhi,Kanpur,193.9,66.1,28.6,13.6,0.241,Rain,0,4,174.6
12627,Express,Chennai,Gudur,150.9,61.9,10.6,27.8,0.253,Rain,23,5,157.8
12860,Express,Wadi,Secunderabad,154.4,55.7,2.2,1.9,0.282,Clear,9,5,168.5
12627,Express,Gudur,Nellore,85.1,74.3,28.0,1.6,0.228,Rain,2,0,90.2
12723,Express,Hyderabad,Kazipet,112.3,57.1,20.6,7.2,0.026,Heavy Rain,23,4,171.3
12301,Rajdhani,DDU,Gaya,176.7,78.2,19.6,16.2,0.31,Clear,7,1,157.8
12259,Duronto,DDU,New Delhi,322.4,83.8,12.5,18.7,0.242,Heavy Rain,9,3,220.5
12951,Rajdhani,Ratlam,Kota,177.2,62.5,-2.9,5.2,0.29,Clear,7,5,179.6
12951,Rajdhani,Mumbai,Surat,172.6,51.2,13.8,0.0,0.147,Clear,0,4,213.8
12259,Duronto,Asansol,Dhanbad,111.2,69.4,5.5,6.4,0.386,Rain,1,5,109.7
12301,Rajdhani,Gaya,Howrah,156.6,53.1,-1.0,17.2,0.563,Clear,9,3,203.8
12723,Express,Warangal,Vijayawada,226.5,60.9,8.9,19.0,0.472,Rain,2,6,223.8
12723,Express,Warangal,Vijayawada,223.8,61.2,12.0,5.7,0.336,Rain,2,3,212.5
12951,Rajdhani,Vadodara,Ratlam,227.8,80.3,14.8,9.8,0.22,Heavy Rain,5,3,208.1
12951,Rajdhani,Mumbai,Surat,172.5,55.6,1.7,5.9,0.215,Clear,23,1,190.0
12860,Express,Kalaburagi,Wadi,76.2,57.1,27.6,8.1,0.408,Heavy Rain,8,2,121.3
12860,Express,Kalaburagi,Wadi,63.7,55.9,-5.0,13.3,0.59,Rain,8,4,105.3
12723,Express,Warangal,Vijayawada,198.8,57.8,35.8,12.3,0.214,Fog,2,5,221.6
12627,Express,Vijayawada,Warangal,221.5,68.7,-5.0,16.3,0.32,Clear,5,2,180.1
12723,Express,Warangal,Vijayawada,186.9,65.9,7.6,15.0,0.147,Heavy Rain,2,2,224.1
12723,Express,Warangal,Vijayawada,191.3,65.7,-3.9,9.2,0.472,Heavy Rain,1,3,220.4
12860,Express,Pune,Solapur,175.1,61.5,14.2,1.7,0.249,Clear,2,5,196.6
12860,Express,Pune,Solapur,170.8,53.2,2.8,0.0,0.337,Heavy Rain,3,0,206.8
12951,Rajdhani,Kota,New Delhi,163.4,55.7,-3.6,3.3,0.352,Clear,10,3,212.7
12627,Express,Vijayawada,Warangal,206.8,62.0,-0.5,3.3,0.142,Heavy Rain,6,5,197.1
12301,Rajdhani,Kanpur,Prayagraj,178.6,65.3,-5.0,12.5,0.059,Clear,2,2,162.8
12259,Duronto,Gaya,DDU,213.8,78.1,26.4,12.3,0.336,Clear,7,6,176.7
12860,Express,Mumbai,Pune,248.0,73.3,-2.8,7.5,0.199,Clear,22,6,200.9
12627,Express,Gudur,Nellore,64.2,55.2,4.1,25.0,0.119,Clear,3,6,95.3
12723,Express,Hyderabad,Kazipet,127.9,55.2,3.0,11.8,0.219,Clear,23,3,145.6
12259,Duronto,DDU,New Delhi,235.1,71.4,9.5,12.8,0.323,Clear,9,0,213.0
12860,Express,Pune,Solapur,171.8,60.5,13.6,15.5,0.213,Heavy Rain,2,2,210.3
12259,Duronto,Sealdah,Asansol,191.8,73.9,13.5,7.1,0.117,Fog,23,1,165.7
12723,Express,Hyderabad,Kazipet,125.6,67.5,12.4,29.3,0.396,Fog,23,2,164.8
12259,Duronto,Asansol,Dhanbad,132.9,76.2,8.6,10.7,0.229,Rain,2,6,119.7
12301,Rajdhani,Kanpur,Prayagraj,237.4,86.6,-2.1,13.6,0.259,Clear,2,4,172.2
12259,Duronto,Dhanbad,Gaya,172.0,75.6,0.1,28.2,0.232,Fog,4,0,171.4
12860,Express,Mumbai,Pune,133.3,49.3,16.0,7.9,0.684,Clear,0,3,224.9
12301,Rajdhani,New Delhi,Kanpur,179.8,67.0,34.8,16.9,0.233,Clear,0,1,175.7
12627,Express,Gudur,Nellore,58.3,61.2,9.1,10.6,0.397,Clear,2,5,69.6
12627,Express,Vijayawada,Warangal,176.6,67.3,-2.3,15.7,0.394,Rain,6,3,189.1
12259,Duronto,Gaya,DDU,213.2,74.6,16.2,2.8,0.223,Clear,7,2,177.7
12951,Rajdhani,Vadodara,Ratlam,227.2,69.8,37.5,11.0,0.3,Clear,5,1,192.7
12951,Rajdhani,Kota,New Delhi,163.5,52.5,10.1,6.0,0.449,Clear,10,3,210.7
12259,Duronto,DDU,New Delhi,198.1,67.1,5.7,6.8,0.142,Clear,9,2,216.7
12627,Express,Gudur,Nellore,80.2,65.4,7.3,0.0,0.599,Clear,1,6,85.5
12301,Rajdhani,DDU,Gaya,149.2,65.5,4.4,11.3,0.093,Clear,7,6,144.2
12723,Express,Warangal,Vijayawada,218.6,61.7,-5.0,0.0,0.332,Fog,3,3,208.7
12259,Duronto,Dhanbad,Gaya,169.9,65.2,18.3,11.2,0.446,Clear,3,4,160.4
12860,Express,Wadi,Secunderabad,144.1,52.5,8.6,4.9,0.406,Rain,10,1,181.2
12860,Express,Solapur,Kalaburagi,157.1,60.6,6.2,16.1,0.518,Clear,6,3,174.1
12860,Express,Kalaburagi,Wadi,84.3,67.5,4.2,12.8,0.223,Clear,8,0,80.8
12301,Rajdhani,Prayagraj,DDU,217.1,72.9,7.5,0.7,0.419,Heavy Rain,5,6,185.5
12723,Express,Gudur,Chennai,199.0,55.7,9.3,1.6,0.238,Clear,9,6,210.4
12723,Express,Gudur,Chennai,212.4,67.4,8.1,4.0,0.441,Clear,9,6,207.7
12301,Rajdhani,DDU,Gaya,156.7,75.9,8.0,14.2,0.199,Clear,8,6,147.9
12860,Express,Solapur,Kalaburagi,171.6,68.4,9.6,19.0,0.148,Clear,5,5,160.3
12301,Rajdhani,Kanpur,Prayagraj,222.0,81.8,31.0,11.9,0.315,Rain,2,5,175.4
12723,Express,Vijayawada,Gudur,195.1,58.2,15.0,5.7,0.162,Rain,5,3,213.1
12301,Rajdhani,Kanpur,Prayagraj,170.3,66.8,4.3,8.7,0.11,Clear,2,2,163.6
12723,Express,Kazipet,Warangal,42.8,64.6,19.9,19.8,0.308,Rain,2,6,61.2
12860,Express,Solapur,Kalaburagi,169.3,65.3,31.3,0.0,0.352,Rain,6,4,169.5
12627,Express,Vijayawada,Warangal,158.1,58.6,3.2,8.3,0.388,Clear,7,6,194.0
12627,Express,Nellore,Vijayawada,212.7,64.9,-5.0,17.3,0.125,Clear,3,1,180.9
12301,Rajdhani,DDU,Gaya,166.8,72.8,6.6,8.5,0.528,Fog,7,3,154.0
12259,Duronto,Asansol,Dhanbad,93.5,60.0,16.0,15.9,0.093,Clear,2,6,106.0
12723,Express,Kazipet,Warangal,40.0,48.2,12.5,3.5,0.307,Clear,2,1,59.0
12301,Rajdhani,Kanpur,Prayagraj,200.7,65.7,14.2,9.3,0.119,Clear,2,5,153.6
12860,Express,Kalaburagi,Wadi,83.4,62.2,26.6,0.0,0.459,Fog,8,6,102.6
12301,Rajdhani,Gaya,Howrah,186.0,69.2,-5.0,15.2,0.194,Rain,9,3,184.7
12723,Express,Gudur,Chennai,197.1,64.9,17.4,7.5,0.445,Fog,9,1,227.1
12860,Express,Pune,Solapur,156.5,54.2,25.3,14.0,0.224,Clear,3,6,211.4
12627,Express,Warangal,Secunderabad,195.6,66.4,10.9,13.5,0.311,Clear,8,3,194.2
12259,Duronto,Gaya,DDU,161.4,62.5,2.2,25.4,0.692,Clear,6,1,192.5
12723,Express,Kazipet,Warangal,40.0,53.6,19.4,27.6,0.511,Clear,1,4,71.3
12627,Express,Warangal,Secunderabad,238.6,70.3,26.8,20.2,0.071,Clear,11,0,189.9
12860,Express,Kalaburagi,Wadi,87.9,69.9,2.7,2.4,0.486,Clear,7,6,92.2
12259,Duronto,Gaya,DDU,234.8,88.1,30.6,7.6,0.142,Clear,6,2,178.7
12301,Rajdhani,Kanpur,Prayagraj,235.2,77.5,12.4,4.9,0.189,Clear,2,1,158.6
12627,Express,Warangal,Secunderabad,199.9,69.3,12.3,12.6,0.434,Clear,8,2,183.0
12951,Rajdhani,Kota,New Delhi,299.8,81.5,28.4,16.5,0.142,Clear,11,2,216.4
12860,Express,Pune,Solapur,215.3,63.9,4.1,0.0,0.371,Heavy Rain,3,1,204.2
12951,Rajdhani,Ratlam,Kota,191.4,66.7,12.1,12.8,0.397,Rain,8,5,204.9
12951,Rajdhani,Mumbai,Surat,220.0,72.2,12.6,17.5,0.173,Fog,0,4,203.7
12860,Express,Pune,Solapur,146.9,56.3,10.8,4.2,0.512,Clear,3,5,196.5
12259,Duronto,Asansol,Dhanbad,108.9,60.3,6.7,0.0,0.769,Rain,2,1,121.2
12723,Express,Vijayawada,Gudur,211.0,64.1,3.4,8.3,0.248,Clear,5,0,189.8
12951,Rajdhani,Kota,New Delhi,236.5,79.8,-5.0,0.0,0.358,Clear,10,3,201.4
12627,Express,Nellore,Vijayawada,177.6,55.9,2.7,9.5,0.138,Fog,3,6,189.2
12860,Express,Solapur,Kalaburagi,145.6,65.0,-3.5,14.2,0.119,Clear,6,1,157.7
12259,Duronto,Sealdah,Asansol,167.9,60.3,22.1,18.2,0.288,Clear,23,1,165.6
12259,Duronto,DDU,New Delhi,228.9,73.8,18.1,4.8,0.281,Clear,8,2,211.4
12301,Rajdhani,Prayagraj,DDU,180.2,66.9,17.6,4.4,0.149,Clear,5,2,184.4
12723,Express,Kazipet,Warangal,40.0,60.4,-5.0,0.0,0.251,Clear,1,3,36.2
12627,Express,Vijayawada,Warangal,202.8,61.9,3.9,4.3,0.339,Rain,6,0,204.2
12951,Rajdhani,Surat,Vadodara,128.9,71.4,-3.6,4.7,0.09,Clear,3,2,120.1
12860,Express,Pune,Solapur,123.0,44.8,2.2,7.8,0.309,Clear,3,5,204.1
12259,Duronto,Gaya,DDU,235.3,74.6,32.9,15.0,0.523,Heavy Rain,6,5,205.0
12951,Rajdhani,Mumbai,Surat,226.1,81.1,1.1,9.8,0.381,Fog,23,5,208.0
12860,Express,Kalaburagi,Wadi,114.3,75.6,12.0,15.4,0.334,Clear,9,1,93.6
12301,Rajdhani,Kanpur,Prayagraj,147.2,62.4,20.4,4.2,0.22,Clear,3,4,173.9
12627,Express,Warangal,Secunderabad,158.1,52.6,27.7,18.2,0.25,Fog,10,6,223.8
12723,Express,Vijayawada,Gudur,227.4,70.3,16.7,6.3,0.117,Fog,6,0,218.5
12951,Rajdhani,Surat,Vadodara,122.5,68.2,11.7,21.5,0.285,Clear,2,0,140.3
12301,Rajdhani,Kanpur,Prayagraj,214.4,86.5,-3.6,13.3,0.394,Clear,2,1,155.8
12627,Express,Gudur,Nellore,67.7,54.5,9.9,2.0,0.113,Clear,2,6,91.2
12723,Express,Gudur,Chennai,140.0,48.3,1.3,0.5,0.415,Fog,8,1,228.4
12723,Express,Gudur,Chennai,189.5,58.1,-5.0,15.8,0.468,Fog,9,2,217.9
12259,Duronto,Gaya,DDU,175.0,74.0,7.8,9.5,0.474,Heavy Rain,7,3,188.0
12301,Rajdhani,DDU,Gaya,185.6,75.0,27.6,1.9,0.193,Rain,8,0,149.9
12301,Rajdhani,Kanpur,Prayagraj,164.0,64.6,10.5,10.2,0.261,Rain,2,4,174.8
12259,Duronto,Sealdah,Asansol,178.8,62.5,13.9,8.5,0.414,Clear,0,3,171.6
12301,Rajdhani,Gaya,Howrah,228.8,70.8,2.6,16.4,0.345,Rain,10,0,186.8
12860,Express,Kalaburagi,Wadi,102.1,71.7,2.3,7.0,0.252,Clear,8,0,96.7
12951,Rajdhani,Vadodara,Ratlam,232.7,74.2,-4.6,0.0,0.166,Heavy Rain,5,6,179.5
12860,Express,Mumbai,Pune,271.1,81.9,15.8,5.8,0.236,Heavy Rain,0,6,209.5
12723,Express,Vijayawada,Gudur,208.2,68.3,18.0,7.9,0.4,Fog,5,6,217.7
12951,Rajdhani,Vadodara,Ratlam,279.7,95.9,15.9,3.0,0.141,Clear,5,1,171.6
12951,Rajdhani,Surat,Vadodara,126.7,67.6,18.6,0.0,0.381,Clear,3,2,131.1
12627,Express,Chennai,Gudur,120.8,44.1,9.0,3.6,0.19,Fog,0,3,180.0
12301,Rajdhani,DDU,Gaya,171.1,66.5,10.1,15.6,0.303,Fog,8,4,151.0
12723,Express,Kazipet,Warangal,40.0,63.4,5.2,8.3,0.116,Rain,2,2,51.4
12860,Express,Mumbai,Pune,229.0,73.0,10.9,10.9,0.408,Clear,0,5,204.6
12860,Express,Solapur,Kalaburagi,125.2,58.4,28.7,0.0,0.126,Clear,6,3,187.3
12301,Rajdhani,New Delhi,Kanpur,206.0,79.9,20.9,12.0,0.123,Fog,0,6,176.2
12627,Express,Vijayawada,Warangal,226.1,67.9,3.8,0.0,0.534,Rain,6,5,199.8
12860,Express,Solapur,Kalaburagi,203.5,70.8,14.5,0.0,0.134,Heavy Rain,5,3,173.3
12723,Express,Gudur,Chennai,185.7,57.3,13.6,0.1,0.396,Clear,8,5,204.0
12723,Express,Kazipet,Warangal,40.0,43.3,19.2,4.9,0.186,Clear,2,5,66.9
12723,Express,Warangal,Vijayawada,174.3,62.8,11.3,20.0,0.446,Fog,3,0,232.1
12627,Express,Vijayawada,Warangal,152.6,58.9,11.8,9.6,0.337,Clear,5,2,204.2
12723,Express,Gudur,Chennai,197.6,64.5,22.7,3.8,0.218,Clear,10,0,219.0
12860,Express,Kalaburagi,Wadi,104.7,78.7,29.9,13.4,0.388,Heavy Rain,7,6,111.1
12951,Rajdhani,Vadodara,Ratlam,226.5,78.1,-5.0,0.0,0.601,Clear,4,1,182.2
12259,Duronto,Gaya,DDU,146.9,60.4,17.1,22.2,0.3,Clear,7,4,192.0
12627,Express,Vijayawada,Warangal,154.6,50.5,22.9,11.1,0.153,Rain,7,6,206.3
12301,Rajdhani,Kanpur,Prayagraj,146.0,56.2,17.8,10.0,0.201,Clear,2,2,193.5
12951,Rajdhani,Mumbai,Surat,194.5,61.7,24.2,0.0,0.285,Clear,0,5,188.0
12627,Express,Nellore,Vijayawada,119.6,45.5,20.5,6.4,0.636,Clear,3,3,220.5
12627,Express,Warangal,Secunderabad,190.4,65.2,34.2,5.0,0.293,Clear,9,1,201.1
12627,Express,Warangal,Secunderabad,194.6,59.0,7.2,8.3,0.184,Clear,10,1,186.5
12860,Express,Kalaburagi,Wadi,79.0,57.8,-3.5,14.7,0.359,Rain,8,4,112.3
12259,Duronto,Asansol,Dhanbad,108.9,67.3,29.6,14.7,0.432,Rain,2,4,121.1
12627,Express,Vijayawada,Warangal,215.6,74.0,-5.0,12.9,0.136,Heavy Rain,5,3,199.9
12627,Express,Nellore,Vijayawada,189.2,55.9,7.8,13.0,0.123,Fog,2,3,195.7
12723,Express,Warangal,Vijayawada,165.7,58.5,14.2,27.0,0.193,Clear,2,3,218.5
12860,Express,Kalaburagi,Wadi,87.6,75.8,6.4,7.2,0.456,Clear,8,5,92.6
12627,Express,Vijayawada,Warangal,137.5,46.7,6.7,5.7,0.562,Clear,6,3,210.1
12723,Express,Gudur,Chennai,207.9,55.8,-5.0,6.8,0.051,Clear,9,1,214.1
12951,Rajdhani,Surat,Vadodara,142.7,67.8,19.9,27.6,0.367,Clear,3,3,148.1
12951,Rajdhani,Ratlam,Kota,211.2,72.5,27.6,15.0,0.037,Clear,7,3,186.4
12259,Duronto,Dhanbad,Gaya,200.6,74.4,15.2,2.5,0.178,Clear,3,4,142.7
12860,Express,Wadi,Secunderabad,128.4,55.6,0.1,4.7,0.066,Clear,10,1,169.7
12860,Express,Pune,Solapur,164.2,63.5,16.0,18.4,0.105,Heavy Rain,3,6,207.6
12723,Express,Hyderabad,Kazipet,134.7,56.6,20.8,13.4,0.066,Clear,0,2,143.8
12259,Duronto,Sealdah,Asansol,192.0,68.3,15.8,6.2,0.201,Clear,0,6,165.6
12860,Express,Mumbai,Pune,203.7,59.8,23.2,10.5,0.212,Clear,0,6,204.6
12627,Express,Chennai,Gudur,135.1,51.3,14.9,3.1,0.165,Heavy Rain,0,3,184.7
12951,Rajdhani,Surat,Vadodara,184.5,83.7,22.8,13.5,0.511,Clear,2,0,140.6
12860,Express,Kalaburagi,Wadi,89.3,63.4,3.8,9.9,0.207,Clear,8,4,95.4
12301,Rajdhani,New Delhi,Kanpur,168.7,72.2,12.3,10.3,0.143,Heavy Rain,0,3,178.7
12259,Duronto,Dhanbad,Gaya,183.5,67.6,17.7,6.9,0.404,Clear,4,0,155.1
12723,Express,Vijayawada,Gudur,157.3,51.2,-2.7,10.8,0.363,Heavy Rain,6,0,229.6
12301,Rajdhani,Kanpur,Prayagraj,142.6,62.5,28.0,13.1,0.357,Clear,2,4,187.2
12301,Rajdhani,Gaya,Howrah,154.7,59.8,-3.0,12.6,0.094,Heavy Rain,9,1,184.5
12860,Express,Pune,Solapur,176.0,56.1,16.1,14.7,0.327,Clear,2,4,203.0
12951,Rajdhani,Ratlam,Kota,237.4,82.5,1.6,17.8,0.032,Clear,8,1,186.5
12259,Duronto,Gaya,DDU,181.4,69.3,37.0,10.1,0.149,Clear,5,4,174.3
12627,Express,Warangal,Secunderabad,191.7,65.3,-0.6,0.0,0.252,Clear,9,1,183.2
12951,Rajdhani,Kota,New Delhi,178.2,58.3,21.0,18.1,0.113,Clear,11,0,230.6
12627,Express,Nellore,Vijayawada,144.3,52.5,31.7,7.5,0.032,Clear,3,2,204.9
12259,Duronto,Sealdah,Asansol,207.2,76.0,29.5,14.3,0.402,Clear,23,3,176.2
12723,Express,Vijayawada,Gudur,223.1,80.6,7.0,16.8,0.359,Clear,5,3,203.8
12951,Rajdhani,Surat,Vadodara,164.1,74.4,-5.0,18.6,0.617,Rain,2,4,134.8
12951,Rajdhani,Ratlam,Kota,225.3,83.7,26.3,12.1,0.635,Heavy Rain,8,1,217.6
12951,Rajdhani,Vadodara,Ratlam,214.1,72.2,14.2,30.3,0.504,Clear,4,1,197.4
12301,Rajdhani,DDU,Gaya,147.3,61.3,-5.0,19.0,0.312,Clear,7,5,152.0
12259,Duronto,Gaya,DDU,194.1,73.5,12.7,0.0,0.054,Clear,6,2,171.5
12860,Express,Kalaburagi,Wadi,107.2,71.0,6.9,15.9,0.217,Clear,9,5,88.3
12951,Rajdhani,Kota,New Delhi,258.5,72.0,27.1,1.8,0.233,Rain,10,0,216.3
12723,Express,Kazipet,Warangal,40.0,57.3,5.8,10.5,0.083,Rain,2,5,61.6
12259,Duronto,Dhanbad,Gaya,184.8,68.4,10.9,24.0,0.104,Clear,4,0,153.6
12301,Rajdhani,Kanpur,Prayagraj,210.1,76.7,15.4,6.5,0.07,Fog,2,3,174.8
12301,Rajdhani,Gaya,Howrah,242.5,80.5,-5.0,0.0,0.288,Clear,8,2,175.4
12259,Duronto,Gaya,DDU,180.5,65.2,14.3,0.0,0.195,Clear,5,3,167.9
12951,Rajdhani,Surat,Vadodara,174.1,83.2,19.3,15.9,0.163,Clear,2,0,137.6
12301,Rajdhani,Gaya,Howrah,241.1,79.7,15.9,14.3,0.304,Rain,10,4,187.4
12259,Duronto,DDU,New Delhi,220.8,64.1,4.0,19.8,0.019,Rain,10,4,217.3
12860,Express,Mumbai,Pune,169.8,49.5,30.2,1.9,0.403,Clear,23,1,226.5
12723,Express,Kazipet,Warangal,54.8,83.7,15.8,10.1,0.135,Clear,2,1,43.7
12723,Express,Kazipet,Warangal,46.0,72.1,29.6,15.5,0.374,Clear,2,1,63.8
12723,Express,Warangal,Vijayawada,201.7,55.5,13.9,21.2,0.113,Clear,2,0,223.9
12860,Express,Pune,Solapur,184.1,69.0,2.0,3.1,0.137,Clear,2,1,185.7
12301,Rajdhani,Gaya,Howrah,196.6,69.1,9.4,9.1,0.036,Clear,10,6,178.3
12259,Duronto,DDU,New Delhi,215.5,60.6,-2.9,20.4,0.24,Clear,9,4,223.4
12627,Express,Nellore,Vijayawada,145.0,56.7,14.7,4.8,0.152,Clear,3,1,195.4
12951,Rajdhani,Ratlam,Kota,185.2,69.9,20.9,9.2,0.028,Clear,7,2,199.0
12301,Rajdhani,DDU,Gaya,127.2,64.7,20.1,18.3,0.14,Fog,7,3,146.4
12259,Duronto,DDU,New Delhi,246.8,69.3,11.3,17.5,0.052,Heavy Rain,9,5,233.5
12259,Duronto,Asansol,Dhanbad,112.5,68.7,-5.0,0.1,0.462,Clear,3,2,110.5
12627,Express,Chennai,Gudur,140.9,57.3,11.0,5.5,0.18,Heavy Rain,23,4,166.9
12627,Express,Chennai,Gudur,144.9,66.3,9.9,6.1,0.358,Clear,23,4,158.4
12951,Rajdhani,Mumbai,Surat,269.5,82.7,-1.6,21.7,0.183,Fog,0,0,181.5
12723,Express,Kazipet,Warangal,43.9,68.4,2.7,12.8,0.055,Clear,2,2,26.4
12627,Express,Vijayawada,Warangal,163.8,55.5,-0.9,24.3,0.392,Clear,6,5,204.0
12627,Express,Warangal,Secunderabad,179.8,63.0,-2.8,5.4,0.603,Clear,9,4,196.0
12259,Duronto,Sealdah,Asansol,192.9,79.0,16.2,6.1,0.179,Clear,0,5,163.2
12951,Rajdhani,Surat,Vadodara,134.0,75.9,19.2,7.2,0.15,Clear,3,3,138.2
12860,Express,Wadi,Secunderabad,158.6,67.0,42.4,3.2,0.55,Clear,9,1,188.4
12627,Express,Nellore,Vijayawada,176.4,65.8,17.6,13.7,0.226,Clear,4,3,195.5
12951,Rajdhani,Ratlam,Kota,181.3,59.4,14.2,20.7,0.285,Clear,7,0,203.3
12951,Rajdhani,Ratlam,Kota,237.2,76.3,15.3,7.7,0.197,Clear,7,3,193.7
12860,Express,Kalaburagi,Wadi,77.6,54.5,-2.6,5.6,0.416,Clear,9,3,94.9
12860,Express,Wadi,Secunderabad,174.4,70.5,4.7,9.0,0.043,Clear,10,0,162.3
12301,Rajdhani,Kanpur,Prayagraj,200.1,70.1,32.4,15.8,0.633,Rain,2,0,191.1
12627,Express,Gudur,Nellore,73.6,72.9,3.5,9.3,0.315,Clear,2,4,67.1
12951,Rajdhani,Mumbai,Surat,206.4,66.8,4.7,18.4,0.548,Clear,23,1,198.8
12951,Rajdhani,Mumbai,Surat,151.2,58.7,14.5,0.0,0.22,Clear,23,4,206.3
12259,Duronto,Gaya,DDU,195.8,79.8,29.6,14.8,0.445,Clear,7,5,187.4
12860,Express,Solapur,Kalaburagi,90.3,38.9,-5.0,13.4,0.332,Clear,6,4,187.7
12627,Express,Nellore,Vijayawada,202.4,59.3,10.5,16.6,0.343,Fog,3,6,200.2
12301,Rajdhani,New Delhi,Kanpur,192.7,81.5,12.2,21.4,0.194,Rain,23,2,171.6
12301,Rajdhani,Prayagraj,DDU,181.8,69.5,15.4,0.9,0.256,Clear,5,4,167.8
12301,Rajdhani,New Delhi,Kanpur,150.3,53.8,-5.0,4.1,0.061,Clear,0,5,161.6
12860,Express,Wadi,Secunderabad,156.2,66.7,6.6,9.6,0.211,Clear,9,0,172.4
12723,Express,Kazipet,Warangal,40.0,69.8,20.4,13.2,0.353,Clear,2,1,61.9
12723,Express,Kazipet,Warangal,40.0,60.8,27.6,7.7,0.305,Rain,2,4,54.7
12723,Express,Hyderabad,Kazipet,131.0,67.2,22.9,0.0,0.361,Fog,23,4,146.7
12951,Rajdhani,Ratlam,Kota,224.9,65.6,20.0,5.7,0.477,Heavy Rain,7,6,215.0
12301,Rajdhani,Gaya,Howrah,211.7,65.3,17.0,8.1,0.271,Clear,10,1,181.9
12723,Express,Vijayawada,Gudur,180.1,62.8,8.9,7.0,0.47,Clear,5,5,210.5
12723,Express,Hyderabad,Kazipet,109.6,51.1,9.6,4.3,0.404,Rain,0,0,161.4
12723,Express,Hyderabad,Kazipet,150.8,69.7,2.8,6.8,0.588,Clear,23,0,150.5
12627,Express,Nellore,Vijayawada,205.5,65.6,13.9,12.6,0.303,Fog,3,0,212.5
12627,Express,Nellore,Vijayawada,175.0,52.7,15.4,2.9,0.122,Heavy Rain,3,3,219.1
12860,Express,Solapur,Kalaburagi,123.7,55.3,19.2,23.1,0.179,Clear,4,6,176.8
12301,Rajdhani,Kanpur,Prayagraj,158.7,68.1,22.4,20.2,0.232,Rain,2,6,170.4
12259,Duronto,Sealdah,Asansol,194.7,77.4,34.7,0.3,0.057,Clear,0,6,161.0
12860,Express,Wadi,Secunderabad,171.5,71.5,5.1,15.9,0.081,Rain,10,4,167.3
12951,Rajdhani,Surat,Vadodara,147.3,66.9,-5.0,11.5,0.197,Clear,2,3,112.5
12723,Express,Warangal,Vijayawada,179.1,52.9,10.2,4.1,0.615,Rain,2,2,219.5
12627,Express,Nellore,Vijayawada,185.8,60.9,14.9,16.6,0.237,Clear,3,5,209.3
12627,Express,Gudur,Nellore,61.7,53.5,12.5,0.0,0.61,Rain,2,0,84.6
12301,Rajdhani,Kanpur,Prayagraj,191.4,75.8,3.1,11.4,0.42,Clear,2,1,179.5
12301,Rajdhani,DDU,Gaya,140.8,68.1,20.8,18.0,0.6,Rain,9,1,161.9
12860,Express,Mumbai,Pune,181.1,61.1,7.5,12.8,0.149,Clear,23,0,204.5
12860,Express,Mumbai,Pune,154.1,54.8,6.6,0.9,0.256,Rain,1,3,212.1
12259,Duronto,Gaya,DDU,193.9,77.5,22.0,2.0,0.076,Heavy Rain,6,0,189.3
12259,Duronto,Sealdah,Asansol,219.4,78.1,10.1,20.2,0.153,Rain,0,3,164.0
12723,Express,Kazipet,Warangal,40.0,58.5,15.8,12.6,0.828,Clear,2,2,64.6
12723,Express,Hyderabad,Kazipet,117.1,61.4,-5.0,6.2,0.183,Clear,0,6,134.5
12951,Rajdhani,Vadodara,Ratlam,181.6,65.0,19.0,2.6,0.102,Clear,4,0,172.6
12301,Rajdhani,Kanpur,Prayagraj,149.6,58.6,10.6,0.0,0.126,Clear,2,4,176.3
12723,Express,Warangal,Vijayawada,157.9,54.2,2.1,5.9,0.227,Clear,2,4,206.0
12951,Rajdhani,Surat,Vadodara,109.9,58.7,5.9,10.1,0.066,Clear,3,6,134.3
12301,Rajdhani,New Delhi,Kanpur,202.2,68.5,-1.1,22.1,0.187,Clear,0,6,162.2
12259,Duronto,Dhanbad,Gaya,150.8,64.1,0.3,16.0,0.31,Heavy Rain,4,6,178.5
12627,Express,Vijayawada,Warangal,161.4,51.6,7.8,25.4,0.49,Clear,5,4,215.1
12259,Duronto,Gaya,DDU,148.1,58.0,-5.0,11.6,0.424,Heavy Rain,6,4,179.7
12723,Express,Warangal,Vijayawada,235.8,69.1,16.5,9.2,0.631,Clear,2,0,217.1
12723,Express,Warangal,Vijayawada,191.1,51.6,16.5,5.6,0.08,Clear,2,2,216.0
12860,Express,Wadi,Secunderabad,132.2,51.8,6.4,11.1,0.241,Clear,9,6,178.9
12860,Express,Mumbai,Pune,194.9,72.4,-5.0,6.4,0.433,Clear,0,6,192.3
12723,Express,Gudur,Chennai,192.3,54.1,20.5,8.0,0.166,Fog,10,1,225.4
12723,Express,Vijayawada,Gudur,203.3,65.6,7.9,3.5,0.142,Clear,5,1,205.8
12627,Express,Nellore,Vijayawada,171.9,65.8,29.7,22.2,0.363,Clear,3,2,195.1
12951,Rajdhani,Vadodara,Ratlam,180.0,62.3,-1.0,15.6,0.523,Clear,4,5,187.3
12860,Express,Pune,Solapur,165.8,59.0,21.4,0.4,0.518,Clear,3,6,208.1
12627,Express,Gudur,Nellore,70.0,59.1,8.0,13.3,0.134,Clear,1,1,72.8
12860,Express,Kalaburagi,Wadi,99.9,78.2,-5.0,12.8,0.601,Clear,7,3,91.3
12951,Rajdhani,Surat,Vadodara,150.6,69.5,-0.6,10.3,0.205,Fog,3,5,131.1
12723,Express,Hyderabad,Kazipet,123.6,63.8,13.2,2.8,0.488,Clear,1,5,151.1
12301,Rajdhani,Prayagraj,DDU,158.3,69.5,3.5,8.9,0.25,Clear,5,4,164.5
12951,Rajdhani,Mumbai,Surat,266.9,81.2,16.3,21.0,0.065,Fog,23,2,197.9
12301,Rajdhani,Prayagraj,DDU,160.9,63.5,6.7,1.6,0.068,Heavy Rain,5,3,180.7
12860,Express,Mumbai,Pune,202.2,67.2,15.5,11.6,0.25,Clear,0,1,205.1
12259,Duronto,Dhanbad,Gaya,163.7,71.9,11.6,10.7,0.07,Heavy Rain,4,6,180.3
12627,Express,Warangal,Secunderabad,195.9,63.3,18.3,19.1,0.565,Rain,9,2,215.1
12951,Rajdhani,Surat,Vadodara,129.8,61.3,23.1,12.0,0.078,Clear,2,0,134.9
12627,Express,Chennai,Gudur,191.3,70.5,-0.4,10.9,0.336,Clear,23,6,160.0
12259,Duronto,Dhanbad,Gaya,215.0,81.2,4.7,14.0,0.621,Clear,4,0,162.0
12860,Express,Mumbai,Pune,147.5,49.7,10.8,10.8,0.412,Rain,0,6,226.8
12860,Express,Pune,Solapur,205.1,68.8,9.8,12.0,0.27,Clear,3,3,192.1
12259,Duronto,Gaya,DDU,199.7,72.0,15.5,15.8,0.23,Rain,5,0,188.1
12301,Rajdhani,Gaya,Howrah,241.0,76.1,16.4,13.7,0.11,Fog,10,6,191.2
12723,Express,Warangal,Vijayawada,226.8,67.6,15.6,9.5,0.466,Clear,2,3,214.0
12860,Express,Mumbai,Pune,190.3,70.3,0.1,23.9,0.241,Clear,23,1,195.0
12301,Rajdhani,New Delhi,Kanpur,139.2,61.5,0.4,7.2,0.414,Rain,0,4,171.5
12627,Express,Chennai,Gudur,139.8,63.7,-5.0,5.7,0.187,Clear,23,1,142.2
12259,Duronto,DDU,New Delhi,273.7,79.3,25.3,13.4,0.19,Clear,9,0,221.2
12259,Duronto,Gaya,DDU,172.6,62.9,12.6,18.4,0.429,Clear,6,0,182.9
12860,Express,Pune,Solapur,218.5,75.6,-5.0,14.8,0.227,Heavy Rain,3,5,203.8
12627,Express,Gudur,Nellore,56.0,55.7,8.3,21.8,0.274,Rain,3,6,97.1
12259,Duronto,Gaya,DDU,205.7,66.8,26.0,18.9,0.347,Clear,7,3,180.7
12627,Express,Gudur,Nellore,77.1,70.2,18.2,0.0,0.308,Clear,2,1,71.8
12860,Express,Solapur,Kalaburagi,135.0,48.8,5.4,13.9,0.197,Rain,6,3,176.8
12951,Rajdhani,Vadodara,Ratlam,158.2,56.6,26.1,18.8,0.084,Fog,4,2,200.7
12860,Express,Kalaburagi,Wadi,89.7,73.3,20.4,20.8,0.156,Heavy Rain,8,0,107.4
12723,Express,Warangal,Vijayawada,179.1,53.6,17.1,1.7,0.196,Clear,2,3,214.2
12951,Rajdhani,Vadodara,Ratlam,237.2,76.0,21.6,0.0,0.203,Clear,5,4,178.9
12259,Duronto,DDU,New Delhi,272.7,71.3,13.9,0.0,0.285,Clear,9,5,218.0
12723,Express,Warangal,Vijayawada,125.9,45.4,9.0,9.1,0.08,Clear,2,2,220.3
12301,Rajdhani,DDU,Gaya,194.5,78.6,9.9,32.7,0.481,Clear,9,2,166.3
12860,Express,Solapur,Kalaburagi,168.1,74.5,2.0,9.4,0.272,Clear,6,3,158.1
12301,Rajdhani,Prayagraj,DDU,232.4,75.9,13.4,16.9,0.335,Clear,4,6,175.0
12723,Express,Vijayawada,Gudur,201.5,60.7,17.0,16.4,0.498,Clear,4,3,224.7
12627,Express,Nellore,Vijayawada,175.7,56.7,21.9,21.1,0.316,Clear,3,6,201.6
12723,Express,Kazipet,Warangal,40.0,59.7,28.5,14.1,0.19,Clear,2,2,57.4
12860,Express,Wadi,Secunderabad,110.9,38.1,-0.0,0.0,0.425,Clear,9,1,193.0
12860,Express,Mumbai,Pune,221.0,69.6,7.2,23.1,0.007,Clear,23,3,195.9
12951,Rajdhani,Vadodara,Ratlam,202.9,70.4,13.5,20.2,0.11,Rain,5,4,177.2
12627,Express,Gudur,Nellore,63.0,61.4,-5.0,13.5,0.215,Clear,2,0,67.8
12259,Duronto,Gaya,DDU,155.0,64.1,5.0,14.7,0.129,Fog,6,4,181.2
12860,Express,Solapur,Kalaburagi,143.9,61.2,11.0,0.0,0.127,Rain,6,3,161.5
12259,Duronto,Dhanbad,Gaya,193.2,72.3,-2.6,5.3,0.196,Clear,3,2,147.8
12723,Express,Kazipet,Warangal,40.0,64.0,16.4,12.2,0.282,Clear,1,4,52.4
12723,Express,Kazipet,Warangal,40.0,58.3,16.0,0.0,0.256,Clear,2,3,55.1
12259,Duronto,Dhanbad,Gaya,184.8,76.3,26.5,10.4,0.216,Heavy Rain,3,2,165.7
12301,Rajdhani,New Delhi,Kanpur,128.8,53.8,23.3,17.6,0.289,Clear,23,3,179.0
12951,Rajdhani,Kota,New Delhi,217.4,65.2,4.0,0.2,0.231,Clear,10,5,203.8
12301,Rajdhani,Kanpur,Prayagraj,182.2,65.6,18.6,7.1,0.195,Fog,2,4,174.0
12951,Rajdhani,Surat,Vadodara,138.8,75.8,11.9,10.1,0.056,Rain,3,6,127.0
12301,Rajdhani,Gaya,Howrah,254.3,83.9,26.0,10.2,0.486,Clear,9,0,197.4
12951,Rajdhani,Ratlam,Kota,197.7,68.4,14.7,3.9,0.02,Fog,8,3,190.1
12951,Rajdhani,Mumbai,Surat,228.2,69.7,-5.0,30.1,0.248,Clear,23,4,186.5
12301,Rajdhani,DDU,Gaya,153.4,68.8,9.1,2.2,0.313,Clear,7,1,141.1
12301,Rajdhani,Kanpur,Prayagraj,274.7,91.1,9.6,11.7,0.223,Clear,2,3,160.9
12627,Express,Vijayawada,Warangal,183.2,55.4,7.9,14.2,0.38,Rain,6,2,208.4
12723,Express,Vijayawada,Gudur,230.8,61.8,32.1,7.6,0.17,Clear,6,2,210.3
12301,Rajdhani,New Delhi,Kanpur,157.9,69.4,2.5,23.7,0.69,Clear,23,2,175.7
12301,Rajdhani,Kanpur,Prayagraj,171.0,63.0,11.2,17.8,0.117,Heavy Rain,2,4,180.4
12860,Express,Mumbai,Pune,238.1,66.6,2.5,12.4,0.145,Clear,0,0,192.5
12301,Rajdhani,New Delhi,Kanpur,221.5,81.3,6.5,11.2,0.26,Clear,23,3,166.1
12627,Express,Gudur,Nellore,88.0,79.0,22.0,12.2,0.153,Clear,1,5,84.5
12627,Express,Chennai,Gudur,158.0,67.4,20.1,8.4,0.556,Clear,23,5,164.9
12301,Rajdhani,Gaya,Howrah,153.3,57.0,-4.3,9.0,0.523,Clear,9,4,194.4
12723,Express,Kazipet,Warangal,40.0,52.8,1.0,4.9,0.121,Heavy Rain,1,5,78.5
12627,Express,Gudur,Nellore,74.9,65.1,6.9,13.6,0.175,Clear,2,2,72.5
12951,Rajdhani,Mumbai,Surat,234.2,68.1,-2.6,12.3,0.177,Rain,23,4,193.7
12259,Duronto,DDU,New Delhi,267.9,72.2,15.5,0.0,0.334,Clear,9,2,215.9
12301,Rajdhani,DDU,Gaya,185.3,76.4,0.8,8.8,0.587,Clear,8,5,149.3
12723,Express,Gudur,Chennai,182.0,61.7,12.2,0.8,0.183,Clear,9,3,202.7
12627,Express,Gudur,Nellore,60.6,62.1,1.9,0.0,0.356,Fog,2,0,86.0
12951,Rajdhani,Mumbai,Surat,177.3,68.4,10.9,0.0,0.142,Clear,22,3,190.4
12301,Rajdhani,Kanpur,Prayagraj,161.7,69.5,5.6,21.3,0.301,Clear,2,5,172.1
12951,Rajdhani,Surat,Vadodara,140.5,80.4,20.3,0.0,0.356,Heavy Rain,2,0,150.5
12259,Duronto,Sealdah,Asansol,148.3,55.8,19.9,11.1,0.15,Clear,0,2,166.4
12627,Express,Vijayawada,Warangal,163.4,63.1,2.6,14.9,0.17,Heavy Rain,6,2,202.6
12301,Rajdhani,Prayagraj,DDU,223.5,79.0,1.7,0.0,0.156,Clear,5,0,163.0
12627,Express,Vijayawada,Warangal,183.8,56.5,13.9,0.4,0.418,Rain,7,5,212.7
12860,Express,Solapur,Kalaburagi,135.6,61.1,2.2,25.6,0.091,Clear,5,4,167.1
12951,Rajdhani,Kota,New Delhi,199.6,61.6,28.5,11.5,0.051,Fog,11,4,228.5
12723,Express,Gudur,Chennai,228.9,65.6,10.4,14.0,0.344,Clear,9,6,221.5
12860,Express,Mumbai,Pune,190.3,65.1,14.6,12.7,0.654,Rain,0,4,220.6
12860,Express,Kalaburagi,Wadi,85.5,59.1,32.3,10.3,0.526,Clear,8,3,107.4
12259,Duronto,Sealdah,Asansol,186.1,67.1,33.8,9.5,0.131,Clear,0,4,176.0
12723,Express,Hyderabad,Kazipet,149.3,70.0,3.6,6.6,0.382,Clear,23,3,142.3
12860,Express,Mumbai,Pune,229.9,66.4,-0.2,5.2,0.199,Clear,23,1,192.9
12301,Rajdhani,Prayagraj,DDU,207.6,72.8,-5.0,12.3,0.287,Clear,5,4,162.8
12301,Rajdhani,DDU,Gaya,143.4,57.2,-5.0,6.8,0.238,Heavy Rain,8,6,153.5
12723,Express,Gudur,Chennai,203.2,57.9,11.5,19.5,0.374,Heavy Rain,9,3,235.6
12723,Express,Vijayawada,Gudur,174.2,62.7,15.3,8.1,0.05,Clear,5,4,211.1
12259,Duronto,Sealdah,Asansol,178.7,74.2,9.6,12.3,0.546,Clear,0,2,168.7
12860,Express,Kalaburagi,Wadi,73.1,52.0,15.8,7.6,0.062,Clear,9,4,99.3
12860,Express,Kalaburagi,Wadi,65.4,50.5,-5.0,11.3,0.13,Clear,9,4,102.1
12259,Duronto,Asansol,Dhanbad,100.6,71.0,14.8,10.1,0.291,Clear,2,5,108.8
12723,Express,Warangal,Vijayawada,231.8,63.9,16.5,2.1,0.539,Heavy Rain,2,5,223.7
12951,Rajdhani,Ratlam,Kota,169.5,55.8,-5.0,12.7,0.11,Clear,8,5,195.1
12627,Express,Nellore,Vijayawada,195.5,57.5,11.8,8.5,0.158,Heavy Rain,3,1,213.8
12951,Rajdhani,Mumbai,Surat,173.2,67.8,11.7,0.0,0.199,Clear,0,3,199.3
12301,Rajdhani,DDU,Gaya,173.0,71.3,32.9,11.3,0.547,Fog,8,6,169.0
12951,Rajdhani,Ratlam,Kota,201.7,66.8,4.2,10.9,0.14,Rain,8,3,195.7
12723,Express,Kazipet,Warangal,40.0,55.7,-5.0,18.9,0.457,Rain,2,4,54.1
12860,Express,Kalaburagi,Wadi,81.2,69.7,2.8,5.2,0.09,Clear,9,6,78.4
12301,Rajdhani,Kanpur,Prayagraj,217.4,73.5,8.3,0.0,0.1,Clear,3,0,159.6
12259,Duronto,Dhanbad,Gaya,199.7,86.0,10.5,23.5,0.154,Clear,5,3,156.8
12723,Express,Kazipet,Warangal,40.0,51.2,24.4,0.9,0.378,Heavy Rain,1,4,71.3
12860,Express,Wadi,Secunderabad,174.2,59.7,18.3,15.3,0.132,Clear,10,5,186.4
12259,Duronto,Asansol,Dhanbad,113.1,71.2,20.9,27.8,0.454,Fog,2,4,127.2
12860,Express,Wadi,Secunderabad,186.4,64.8,21.7,11.1,0.134,Clear,9,3,171.8
12951,Rajdhani,Kota,New Delhi,193.5,59.4,17.0,9.2,0.226,Clear,11,0,219.6
12627,Express,Warangal,Secunderabad,219.8,68.3,-2.0,9.3,0.386,Clear,8,0,186.5
12723,Express,Kazipet,Warangal,40.0,66.9,12.4,0.0,0.062,Fog,1,3,53.6
12951,Rajdhani,Surat,Vadodara,192.3,90.2,5.9,13.2,0.306,Clear,3,5,144.8
12951,Rajdhani,Ratlam,Kota,161.5,61.1,3.8,23.9,0.311,Clear,7,3,191.9
12627,Express,Vijayawada,Warangal,164.1,53.5,11.2,8.1,0.5,Clear,6,2,206.3
12860,Express,Solapur,Kalaburagi,135.6,53.3,30.3,17.0,0.084,Clear,6,1,175.0
12860,Express,Pune,Solapur,157.0,58.1,8.0,7.4,0.535,Rain,2,0,202.2
12860,Express,Mumbai,Pune,226.9,63.7,6.9,14.7,0.078,Clear,0,0,197.3
12951,Rajdhani,Mumbai,Surat,242.0,76.7,24.3,19.3,0.377,Fog,23,2,214.4
12723,Express,Warangal,Vijayawada,207.9,70.1,1.4,10.8,0.234,Clear,1,5,210.1
12860,Express,Solapur,Kalaburagi,188.1,68.9,16.8,13.4,0.011,Heavy Rain,6,2,179.3
12301,Rajdhani,DDU,Gaya,145.8,75.8,2.7,20.2,0.297,Clear,8,4,144.6
12259,Duronto,Gaya,DDU,250.0,84.5,3.9,0.0,0.337,Clear,7,3,174.1
12627,Express,Nellore,Vijayawada,162.9,57.7,19.9,12.3,0.28,Clear,3,0,213.6
12860,Express,Wadi,Secunderabad,151.2,56.8,28.6,10.4,0.533,Heavy Rain,9,0,203.0
12259,Duronto,Asansol,Dhanbad,124.9,71.4,4.0,14.0,0.243,Clear,3,2,94.6
12723,Express,Gudur,Chennai,237.9,72.2,11.8,15.2,0.431,Fog,8,4,216.5
12860,Express,Kalaburagi,Wadi,71.8,55.8,6.4,10.5,0.249,Clear,7,6,101.2
12860,Express,Kalaburagi,Wadi,88.9,71.3,29.1,6.0,0.35,Clear,8,4,95.7
12259,Duronto,Dhanbad,Gaya,193.9,75.9,-2.1,8.9,0.21,Fog,4,1,166.8
12627,Express,Gudur,Nellore,70.3,58.4,12.4,12.8,0.187,Clear,2,6,87.4
12301,Rajdhani,DDU,Gaya,169.1,71.2,17.5,5.0,0.102,Fog,7,4,148.1
12951,Rajdhani,Kota,New Delhi,249.2,69.2,34.9,6.7,0.206,Clear,10,3,226.1
12723,Express,Kazipet,Warangal,40.0,51.5,10.0,13.0,0.389,Clear,2,1,60.8
12860,Express,Kalaburagi,Wadi,64.2,54.1,21.9,27.5,0.127,Heavy Rain,8,5,121.4
12627,Express,Nellore,Vijayawada,164.2,51.3,15.7,8.0,0.424,Clear,3,6,202.6
12301,Rajdhani,DDU,Gaya,156.2,67.3,15.2,16.3,0.33,Clear,8,4,140.4
12951,Rajdhani,Ratlam,Kota,181.4,65.2,21.7,4.6,0.349,Clear,8,3,189.1
12860,Express,Pune,Solapur,169.4,55.4,11.7,13.7,0.348,Clear,3,0,201.8
12301,Rajdhani,Prayagraj,DDU,191.4,73.6,-1.6,7.9,0.682,Clear,5,6,171.5
12951,Rajdhani,Surat,Vadodara,136.0,63.2,8.0,13.2,0.342,Clear,3,1,148.9
12301,Rajdhani,Kanpur,Prayagraj,158.9,56.2,40.9,0.1,0.193,Clear,3,2,185.5
12259,Duronto,Dhanbad,Gaya,186.3,74.8,10.4,0.0,0.447,Heavy Rain,4,5,170.7
12627,Express,Chennai,Gudur,111.8,48.3,17.0,0.0,0.484,Clear,23,1,179.1
12860,Express,Pune,Solapur,238.1,84.2,20.6,0.0,0.263,Rain,3,4,187.3
12301,Rajdhani,New Delhi,Kanpur,166.1,75.2,18.9,21.7,0.357,Clear,23,2,173.9
12627,Express,Chennai,Gudur,144.2,65.4,-4.8,10.7,0.057,Heavy Rain,23,5,162.1
12951,Rajdhani,Mumbai,Surat,169.2,62.6,10.8,11.7,0.567,Clear,23,0,211.5
12860,Express,Mumbai,Pune,235.3,70.0,11.7,14.6,0.174,Rain,0,3,209.4
12627,Express,Chennai,Gudur,148.6,64.6,12.3,19.1,0.275,Rain,0,3,161.7
12259,Duronto,Dhanbad,Gaya,153.3,66.0,5.0,11.4,0.176,Clear,4,3,150.9
12301,Rajdhani,DDU,Gaya,128.5,57.4,0.2,0.9,0.22,Rain,9,4,143.1
12723,Express,Warangal,Vijayawada,151.2,48.3,9.8,16.8,0.529,Rain,3,3,236.8
12723,Express,Gudur,Chennai,253.0,75.5,10.3,6.8,0.406,Clear,9,3,221.0
12723,Express,Warangal,Vijayawada,246.0,67.4,-0.0,6.7,0.088,Clear,2,4,205.9
12723,Express,Warangal,Vijayawada,187.7,56.9,15.2,19.3,0.179,Rain,3,3,215.9
12951,Rajdhani,Ratlam,Kota,215.1,78.3,8.3,20.8,0.056,Fog,7,1,194.6
12301,Rajdhani,DDU,Gaya,204.9,85.8,6.6,0.0,0.18,Fog,8,3,150.1
12951,Rajdhani,Vadodara,Ratlam,184.8,71.4,-1.4,3.1,0.218,Rain,5,0,176.7
12259,Duronto,Dhanbad,Gaya,142.9,56.8,-1.5,6.4,0.213,Clear,4,0,153.0
12627,Express,Chennai,Gudur,160.4,63.6,-0.5,4.1,0.197,Clear,0,5,148.8
12259,Duronto,Sealdah,Asansol,210.7,74.8,9.3,17.6,0.42,Clear,23,0,177.3
12723,Express,Kazipet,Warangal,48.9,73.5,28.7,9.7,0.515,Heavy Rain,1,5,67.2
12301,Rajdhani,New Delhi,Kanpur,161.0,67.6,14.0,7.0,0.022,Rain,0,3,161.7
12951,Rajdhani,Vadodara,Ratlam,223.7,72.7,4.4,0.0,0.288,Rain,5,2,183.5
12723,Express,Vijayawada,Gudur,240.9,70.4,11.2,4.6,0.267,Clear,6,1,208.7
12627,Express,Nellore,Vijayawada,166.1,61.0,18.1,0.0,0.053,Clear,3,6,184.3
12951,Rajdhani,Kota,New Delhi,161.2,48.4,11.9,10.6,0.239,Rain,10,6,220.3
12860,Express,Pune,Solapur,182.6,66.7,-2.6,7.6,0.172,Clear,3,3,180.8
12627,Express,Vijayawada,Warangal,139.9,50.1,5.6,12.9,0.354,Clear,7,3,205.5
12627,Express,Vijayawada,Warangal,160.1,62.7,14.1,11.6,0.376,Rain,6,5,198.0
12860,Express,Kalaburagi,Wadi,100.6,66.9,38.0,24.3,0.36,Rain,9,1,114.9
12723,Express,Gudur,Chennai,159.4,48.2,16.2,13.5,0.129,Clear,9,3,209.3
12627,Express,Chennai,Gudur,125.9,53.0,-5.0,14.0,0.236,Clear,0,5,158.3
12860,Express,Mumbai,Pune,201.6,65.0,3.2,11.2,0.075,Rain,23,3,196.4
12723,Express,Vijayawada,Gudur,188.7,53.8,13.1,9.1,0.166,Clear,6,3,220.6
12723,Express,Warangal,Vijayawada,267.3,83.8,5.6,1.9,0.154,Rain,3,5,195.7
12259,Duronto,Dhanbad,Gaya,167.2,73.6,16.3,0.0,0.299,Fog,4,6,167.3
12301,Rajdhani,Kanpur,Prayagraj,164.8,68.1,5.9,12.6,0.506,Clear,2,2,183.7
12860,Express,Wadi,Secunderabad,241.4,79.5,4.3,14.2,0.2,Clear,9,3,169.4
12259,Duronto,Asansol,Dhanbad,138.0,76.2,7.4,7.9,0.374,Clear,1,6,98.9
12860,Express,Pune,Solapur,164.1,53.3,23.4,7.5,0.284,Rain,3,4,208.6
12860,Express,Kalaburagi,Wadi,83.6,58.4,8.7,6.3,0.04,Clear,9,0,95.8
12860,Express,Wadi,Secunderabad,152.9,60.1,3.6,18.5,0.113,Clear,9,6,169.4
12860,Express,Kalaburagi,Wadi,78.1,62.1,23.4,7.1,0.127,Clear,8,3,91.2
12723,Express,Gudur,Chennai,158.4,55.7,3.9,6.7,0.334,Clear,9,5,204.7
12951,Rajdhani,Surat,Vadodara,100.2,57.7,19.3,12.7,0.217,Clear,2,2,147.9
12301,Rajdhani,DDU,Gaya,176.7,80.3,40.8,9.4,0.176,Clear,7,0,156.6
12627,Express,Chennai,Gudur,136.7,60.6,-1.9,9.6,0.449,Clear,23,0,163.0
12627,Express,Chennai,Gudur,134.9,61.4,7.9,12.5,0.491,Clear,23,0,163.5
12259,Duronto,DDU,New Delhi,258.0,73.4,23.8,9.9,0.806,Clear,9,2,222.6
12860,Express,Pune,Solapur,176.3,66.2,-5.0,7.7,0.345,Clear,2,5,197.3
12860,Express,Kalaburagi,Wadi,77.1,66.7,13.7,13.0,0.129,Clear,8,1,93.4
12259,Duronto,DDU,New Delhi,197.4,65.1,24.5,2.0,0.392,Rain,8,1,224.3
12951,Rajdhani,Vadodara,Ratlam,238.7,78.4,24.2,4.6,0.073,Rain,5,4,182.3
12723,Express,Vijayawada,Gudur,225.9,78.5,10.9,0.0,0.152,Clear,5,0,195.3
12301,Rajdhani,Prayagraj,DDU,150.9,61.0,7.0,2.4,0.091,Clear,5,0,172.4
12951,Rajdhani,Mumbai,Surat,230.6,79.2,14.9,11.2,0.324,Clear,0,3,198.2
12627,Express,Warangal,Secunderabad,206.3,65.9,4.5,10.1,0.303,Clear,10,5,193.3
12951,Rajdhani,Surat,Vadodara,144.9,65.5,12.9,3.9,0.167,Rain,3,4,135.8
12301,Rajdhani,New Delhi,Kanpur,173.5,71.8,11.7,0.0,0.237,Heavy Rain,23,5,175.6
12259,Duronto,Dhanbad,Gaya,177.2,64.1,15.8,0.0,0.093,Clear,5,2,152.8
12301,Rajdhani,Prayagraj,DDU,174.5,67.6,8.4,5.6,0.121,Clear,5,6,167.1
12860,Express,Pune,Solapur,161.8,52.5,27.1,12.2,0.542,Clear,3,6,220.1
12723,Express,Kazipet,Warangal,40.0,57.9,42.7,13.7,0.333,Clear,2,2,77.9
12951,Rajdhani,Vadodara,Ratlam,224.4,77.1,4.7,4.6,0.469,Clear,5,6,183.4
12723,Express,Hyderabad,Kazipet,122.7,59.8,14.8,8.3,0.634,Fog,0,5,161.1
12951,Rajdhani,Mumbai,Surat,202.2,61.1,19.5,0.0,0.527,Clear,23,3,200.7
12723,Express,Warangal,Vijayawada,181.2,59.9,27.0,5.7,0.185,Clear,3,2,211.9
12723,Express,Hyderabad,Kazipet,145.0,63.4,2.2,2.1,0.165,Clear,0,1,143.1
12627,Express,Vijayawada,Warangal,192.7,62.8,-1.5,0.0,0.558,Clear,6,4,192.5
12723,Express,Kazipet,Warangal,40.0,59.5,5.2,18.9,0.396,Rain,2,4,70.9
12951,Rajdhani,Vadodara,Ratlam,143.0,52.0,4.2,0.0,0.172,Clear,5,2,175.8
12627,Express,Warangal,Secunderabad,192.2,63.1,26.3,26.4,0.43,Clear,8,4,202.9
12951,Rajdhani,Mumbai,Surat,197.5,67.7,6.5,3.8,0.343,Clear,23,2,193.3
12259,Duronto,Gaya,DDU,187.1,66.3,28.1,11.1,0.02,Rain,6,6,171.8
12301,Rajdhani,Kanpur,Prayagraj,239.0,83.4,34.6,13.6,0.302,Clear,3,0,180.3
12860,Express,Kalaburagi,Wadi,108.5,72.6,-5.0,14.5,0.675,Heavy Rain,8,4,112.3
12627,Express,Warangal,Secunderabad,190.5,58.7,13.5,21.7,0.381,Clear,9,1,201.3
12860,Express,Wadi,Secunderabad,165.4,57.7,-2.6,21.8,0.149,Clear,10,4,173.4
12860,Express,Solapur,Kalaburagi,147.6,61.7,1.7,16.8,0.157,Clear,5,1,163.0
12860,Express,Kalaburagi,Wadi,80.4,59.0,3.6,12.3,0.312,Rain,8,5,89.2
12301,Rajdhani,New Delhi,Kanpur,181.9,65.8,13.7,16.4,0.255,Clear,0,4,172.8
12860,Express,Mumbai,Pune,152.3,54.7,6.5,0.9,0.363,Heavy Rain,0,6,219.2
12860,Express,Mumbai,Pune,170.5,59.6,-5.0,27.4,0.102,Clear,23,3,205.6
12951,Rajdhani,Mumbai,Surat,211.5,61.9,18.3,2.8,0.081,Rain,0,5,186.7
12301,Rajdhani,New Delhi,Kanpur,172.7,72.2,30.7,3.8,0.202,Rain,23,3,176.5
12301,Rajdhani,Kanpur,Prayagraj,194.7,78.0,4.2,26.5,0.119,Heavy Rain,2,2,182.8
12951,Rajdhani,Ratlam,Kota,172.3,66.9,24.9,24.4,0.192,Rain,8,1,205.4
12951,Rajdhani,Kota,New Delhi,248.6,69.5,17.0,17.3,0.12,Clear,10,1,221.1
12627,Express,Vijayawada,Warangal,164.1,58.7,16.2,6.2,0.13,Clear,6,3,196.9
12301,Rajdhani,DDU,Gaya,147.1,68.8,18.0,3.0,0.081,Fog,7,5,162.4
12627,Express,Chennai,Gudur,134.4,64.5,10.4,19.5,0.107,Fog,0,5,165.4
12627,Express,Warangal,Secunderabad,164.5,64.0,9.7,4.3,0.239,Fog,9,0,194.4
12723,Express,Kazipet,Warangal,40.0,69.1,40.5,0.0,0.066,Clear,1,2,46.3
12627,Express,Vijayawada,Warangal,219.0,70.2,54.0,10.7,0.255,Heavy Rain,6,4,223.7
12723,Express,Gudur,Chennai,218.0,70.0,3.2,13.6,0.31,Clear,8,0,219.6
12723,Express,Gudur,Chennai,220.0,60.3,9.3,10.7,0.256,Rain,9,6,212.3
12860,Express,Wadi,Secunderabad,174.6,70.9,5.5,17.9,0.121,Clear,10,2,155.0
12951,Rajdhani,Mumbai,Surat,236.1,70.6,1.2,14.1,0.16,Clear,0,1,190.7
12860,Express,Solapur,Kalaburagi,136.7,52.3,5.5,19.8,0.553,Fog,5,2,184.9
12627,Express,Chennai,Gudur,144.5,62.1,42.8,15.6,0.559,Clear,23,1,171.4
12860,Express,Mumbai,Pune,165.5,52.9,3.6,23.1,0.165,Heavy Rain,0,0,221.3
12860,Express,Kalaburagi,Wadi,68.4,53.0,-5.0,10.9,0.591,Clear,8,5,93.9
12860,Express,Solapur,Kalaburagi,93.8,42.4,17.0,17.3,0.04,Clear,6,5,183.4
12723,Express,Warangal,Vijayawada,173.8,57.7,15.9,13.6,0.213,Clear,3,5,209.6
12951,Rajdhani,Vadodara,Ratlam,177.6,64.5,8.3,17.3,0.264,Clear,4,5,177.1
12301,Rajdhani,DDU,Gaya,125.5,55.6,8.4,17.2,0.306,Rain,7,0,166.0
12259,Duronto,Dhanbad,Gaya,171.5,70.1,19.7,0.0,0.191,Clear,4,4,158.6
12301,Rajdhani,Kanpur,Prayagraj,162.3,70.9,12.6,17.3,0.192,Heavy Rain,2,6,184.2
12951,Rajdhani,Vadodara,Ratlam,215.4,70.2,-2.0,18.7,0.257,Clear,4,0,178.9
12860,Express,Pune,Solapur,205.9,60.7,14.5,9.3,0.257,Fog,2,0,195.3
12259,Duronto,Dhanbad,Gaya,167.5,78.5,18.3,13.2,0.315,Clear,3,1,160.4
12627,Express,Gudur,Nellore,57.3,54.3,27.7,16.3,0.112,Clear,2,6,93.1
12860,Express,Mumbai,Pune,215.0,69.7,7.1,3.7,0.454,Clear,23,5,205.8
12951,Rajdhani,Kota,New Delhi,210.9,72.5,5.6,9.3,0.154,Clear,11,4,204.7
12627,Express,Nellore,Vijayawada,136.3,50.9,5.4,5.1,0.684,Clear,4,3,220.5
12301,Rajdhani,Gaya,Howrah,212.5,65.5,30.8,27.3,0.32,Fog,10,5,205.0
12301,Rajdhani,New Delhi,Kanpur,195.8,74.9,14.4,3.5,0.228,Rain,0,2,172.1
12259,Duronto,Gaya,DDU,175.9,72.9,18.5,4.7,0.291,Clear,6,6,172.5
12259,Duronto,Dhanbad,Gaya,210.5,81.1,14.2,20.0,0.172,Clear,4,0,161.4
12723,Express,Vijayawada,Gudur,291.0,78.6,-5.0,9.3,0.18,Heavy Rain,5,2,208.8
12860,Express,Wadi,Secunderabad,175.8,65.0,11.6,12.2,0.384,Clear,9,0,177.8
12627,Express,Warangal,Secunderabad,259.2,82.4,31.4,4.8,0.534,Clear,10,3,209.8
12301,Rajdhani,Kanpur,Prayagraj,158.1,64.2,17.0,5.4,0.308,Clear,3,1,177.0
12951,Rajdhani,Surat,Vadodara,161.7,71.1,28.5,11.7,0.148,Rain,2,1,137.2
12723,Express,Vijayawada,Gudur,192.8,57.0,-5.0,14.3,0.595,Clear,5,3,216.5
12723,Express,Hyderabad,Kazipet,112.2,59.4,1.5,0.0,0.148,Clear,0,5,136.7
12951,Rajdhani,Kota,New Delhi,273.6,76.8,9.3,6.4,0.2,Clear,10,4,204.4
12301,Rajdhani,Gaya,Howrah,190.2,67.5,11.8,8.5,0.227,Clear,9,5,188.7
12951,Rajdhani,Ratlam,Kota,149.8,57.5,35.5,25.2,0.372,Rain,8,0,221.7
12259,Duronto,DDU,New Delhi,267.3,72.9,24.3,0.0,0.217,Clear,10,0,225.6
12259,Duronto,Dhanbad,Gaya,125.8,50.2,21.6,2.5,0.386,Clear,4,4,172.7
12723,Express,Warangal,Vijayawada,178.5,59.0,8.3,17.7,0.32,Clear,2,5,214.6
12860,Express,Kalaburagi,Wadi,57.7,48.9,10.1,2.3,0.226,Clear,8,3,113.0
12951,Rajdhani,Ratlam,Kota,232.4,76.4,3.8,8.6,0.066,Clear,7,2,176.4
12723,Express,Kazipet,Warangal,40.0,64.4,25.6,9.7,0.308,Clear,2,4,54.4
12259,Duronto,Gaya,DDU,191.0,65.2,19.4,23.2,0.231,Clear,6,5,188.0
12301,Rajdhani,New Delhi,Kanpur,150.4,64.8,28.7,1.1,0.558,Clear,0,6,178.7
12259,Duronto,Asansol,Dhanbad,103.9,64.7,-5.0,15.6,0.164,Heavy Rain,3,0,111.8
12301,Rajdhani,DDU,Gaya,152.4,66.6,17.4,3.0,0.177,Clear,7,1,138.7
12259,Duronto,DDU,New Delhi,188.4,55.7,20.5,19.6,0.304,Clear,8,5,221.8
12627,Express,Warangal,Secunderabad,126.2,48.3,29.7,12.7,0.243,Fog,9,6,218.6
12860,Express,Mumbai,Pune,156.9,49.9,9.1,28.1,0.434,Rain,0,6,229.9
12627,Express,Chennai,Gudur,161.5,62.0,9.1,0.0,0.293,Fog,23,2,155.5
12723,Express,Kazipet,Warangal,40.0,57.6,13.9,13.5,0.233,Clear,1,0,56.3
12259,Duronto,Sealdah,Asansol,162.1,74.6,0.8,24.7,0.274,Clear,0,6,160.2
12860,Express,Mumbai,Pune,192.2,55.3,33.0,18.2,0.4,Heavy Rain,23,5,236.0
12951,Rajdhani,Mumbai,Surat,224.0,67.1,12.1,5.5,0.159,Fog,23,3,199.6
12627,Express,Vijayawada,Warangal,197.9,73.6,-5.0,1.6,0.176,Rain,6,2,192.1
12627,Express,Gudur,Nellore,74.0,68.0,4.4,7.4,0.396,Clear,2,4,69.5
12259,Duronto,Asansol,Dhanbad,85.4,60.4,19.6,22.2,0.672,Clear,2,2,125.2
12627,Express,Nellore,Vijayawada,199.5,65.7,21.6,10.0,0.548,Clear,3,4,194.8
12951,Rajdhani,Mumbai,Surat,196.6,73.9,-5.0,7.1,0.291,Rain,23,3,185.7
12627,Express,Chennai,Gudur,216.4,78.0,12.3,8.3,0.308,Clear,23,3,155.6
12627,Express,Chennai,Gudur,116.2,55.9,4.1,10.6,0.124,Clear,1,6,161.7
12627,Express,Vijayawada,Warangal,181.3,68.9,12.7,3.8,0.366,Clear,6,3,187.6
12301,Rajdhani,New Delhi,Kanpur,221.5,78.8,19.8,0.5,0.03,Rain,0,4,174.6
12259,Duronto,Asansol,Dhanbad,108.2,71.7,8.2,15.0,0.329,Clear,2,1,104.6
12860,Express,Wadi,Secunderabad,172.8,58.6,-5.0,29.3,0.123,Rain,10,4,183.8
12723,Express,Gudur,Chennai,183.4,62.5,22.4,15.2,0.113,Clear,9,0,212.3
12627,Express,Gudur,Nellore,69.9,57.2,0.1,7.1,0.196,Rain,2,0,81.5
12723,Express,Kazipet,Warangal,41.0,69.6,14.6,8.7,0.258,Clear,1,3,56.6
12723,Express,Gudur,Chennai,158.8,52.4,2.1,17.6,0.046,Fog,9,4,216.9
12259,Duronto,Asansol,Dhanbad,112.3,65.9,19.7,27.7,0.463,Clear,1,3,127.6
12259,Duronto,Dhanbad,Gaya,154.5,69.5,-5.0,17.4,0.637,Rain,4,3,160.6
12259,Duronto,Gaya,DDU,151.8,60.5,18.1,9.8,0.196,Clear,6,0,170.1
12627,Express,Vijayawada,Warangal,163.1,59.0,-5.0,0.0,0.084,Heavy Rain,6,0,202.4
12301,Rajdhani,Gaya,Howrah,190.1,59.4,6.2,12.8,0.366,Clear,10,4,196.7
12951,Rajdhani,Surat,Vadodara,157.9,71.0,-5.0,7.3,0.086,Clear,2,2,118.0
12951,Rajdhani,Vadodara,Ratlam,213.6,76.4,19.2,12.0,0.114,Clear,5,3,178.7
12627,Express,Vijayawada,Warangal,195.9,65.8,1.5,20.0,0.545,Rain,7,2,194.1
12627,Express,Gudur,Nellore,73.9,69.8,-5.0,21.1,0.344,Fog,1,0,81.3
12860,Express,Wadi,Secunderabad,199.4,71.5,14.2,3.7,0.154,Clear,10,0,168.7
12723,Express,Gudur,Chennai,210.2,66.7,21.2,13.9,0.346,Clear,9,6,216.8
12860,Express,Solapur,Kalaburagi,105.5,48.0,18.4,8.2,0.299,Rain,6,4,180.6
12259,Duronto,Sealdah,Asansol,204.5,74.0,15.6,15.4,0.75,Clear,0,3,181.8
12301,Rajdhani,DDU,Gaya,122.8,60.7,22.6,5.6,0.124,Clear,7,4,150.1
12723,Express,Gudur,Chennai,191.0,63.7,-5.0,2.2,0.201,Clear,8,3,189.6
12951,Rajdhani,Surat,Vadodara,152.0,72.7,29.6,0.0,0.641,Clear,3,0,144.6
12627,Express,Warangal,Secunderabad,196.4,66.3,14.6,14.3,0.423,Clear,9,4,190.7
12259,Duronto,Gaya,DDU,213.0,75.5,7.8,14.9,0.121,Fog,6,1,181.2
12951,Rajdhani,Mumbai,Surat,259.1,80.2,0.9,8.4,0.601,Rain,0,6,194.0
12627,Express,Gudur,Nellore,64.5,63.7,12.8,16.0,0.169,Clear,2,5,67.1
12723,Express,Warangal,Vijayawada,215.1,70.9,24.1,17.4,0.362,Clear,1,0,213.0
12627,Express,Chennai,Gudur,177.1,67.0,14.6,29.7,0.167,Clear,23,4,160.9
12301,Rajdhani,Gaya,Howrah,176.1,72.2,12.5,0.0,0.236,Clear,10,0,179.8
12951,Rajdhani,Kota,New Delhi,193.3,64.5,24.4,3.1,0.142,Clear,11,5,218.7
12259,Duronto,Dhanbad,Gaya,156.0,70.5,24.3,25.0,0.323,Clear,3,6,158.3
12301,Rajdhani,Kanpur,Prayagraj,216.0,78.9,16.5,7.2,0.112,Rain,2,1,176.5
12259,Duronto,Dhanbad,Gaya,221.3,87.6,19.0,3.9,0.113,Clear,3,3,158.4
12951,Rajdhani,Mumbai,Surat,189.7,65.1,-4.3,23.7,0.055,Clear,23,0,183.9
12951,Rajdhani,Vadodara,Ratlam,172.4,67.7,15.0,12.1,0.448,Rain,4,4,199.9
12627,Express,Nellore,Vijayawada,102.0,38.0,6.9,8.2,0.533,Clear,3,0,219.0
12627,Express,Warangal,Secunderabad,189.1,60.4,15.9,11.4,0.555,Rain,9,6,207.4
12259,Duronto,Dhanbad,Gaya,163.8,66.0,31.8,8.0,0.171,Clear,4,6,161.5
12259,Duronto,Sealdah,Asansol,174.9,68.4,41.0,18.1,0.183,Clear,0,1,180.4
12860,Express,Mumbai,Pune,225.2,73.5,-5.0,15.2,0.161,Rain,0,0,204.9
12723,Express,Vijayawada,Gudur,171.2,55.7,11.3,5.9,0.108,Clear,5,0,210.5
12301,Rajdhani,Prayagraj,DDU,207.4,68.3,23.6,9.4,0.258,Clear,4,0,180.6
12301,Rajdhani,DDU,Gaya,148.0,73.4,21.8,11.5,0.158,Rain,8,4,154.7
12259,Duronto,Asansol,Dhanbad,116.6,78.1,19.8,12.1,0.152,Fog,1,3,115.6
12723,Express,Vijayawada,Gudur,206.2,63.8,7.2,12.2,0.187,Rain,5,6,212.9
12627,Express,Vijayawada,Warangal,192.1,68.9,6.0,9.9,0.352,Rain,6,2,193.7
12301,Rajdhani,Gaya,Howrah,127.6,49.8,14.8,20.2,0.194,Rain,10,5,208.0
12723,Express,Hyderabad,Kazipet,120.4,54.4,19.7,11.8,0.656,Clear,23,1,155.3
12723,Express,Kazipet,Warangal,40.0,53.5,14.9,0.0,0.262,Clear,1,2,54.3
12860,Express,Kalaburagi,Wadi,79.9,62.9,32.8,20.1,0.351,Clear,8,3,114.7
12627,Express,Chennai,Gudur,137.4,58.7,-3.0,13.1,0.225,Rain,23,2,164.2
12951,Rajdhani,Surat,Vadodara,130.4,75.9,13.6,13.4,0.131,Clear,3,4,128.1
12259,Duronto,Dhanbad,Gaya,171.9,65.5,12.7,11.8,0.08,Clear,5,3,153.1
12259,Duronto,Gaya,DDU,199.9,65.8,16.3,7.6,0.276,Heavy Rain,6,4,181.9
12301,Rajdhani,Prayagraj,DDU,179.8,74.3,31.7,11.3,0.136,Clear,5,1,179.4
12259,Duronto,Gaya,DDU,200.2,79.5,-5.0,13.0,0.238,Clear,6,5,167.3
12627,Express,Gudur,Nellore,73.0,68.8,-3.4,0.8,0.703,Heavy Rain,2,6,85.1
12301,Rajdhani,Prayagraj,DDU,210.3,86.0,17.9,17.4,0.5,Clear,5,3,175.6
12860,Express,Pune,Solapur,236.3,72.3,10.3,12.7,0.124,Clear,3,5,185.4
12723,Express,Warangal,Vijayawada,222.6,64.0,15.0,0.0,0.502,Clear,3,6,218.3
12951,Rajdhani,Mumbai,Surat,217.2,71.0,2.0,3.1,0.242,Rain,0,3,198.4
12723,Express,Warangal,Vijayawada,198.7,54.1,13.3,23.8,0.086,Clear,2,3,214.6
12301,Rajdhani,New Delhi,Kanpur,169.5,70.6,8.8,11.9,0.473,Rain,23,4,184.0
12301,Rajdhani,Gaya,Howrah,185.0,70.8,5.2,11.2,0.232,Clear,9,2,173.2
12951,Rajdhani,Surat,Vadodara,160.3,73.0,-5.0,10.3,0.284,Clear,2,4,134.8
12951,Rajdhani,Ratlam,Kota,212.2,77.0,12.7,7.9,0.315,Rain,7,6,198.7
12951,Rajdhani,Ratlam,Kota,196.9,64.3,31.5,8.9,0.282,Clear,7,5,193.4
12860,Express,Solapur,Kalaburagi,139.1,60.6,-5.0,0.0,0.267,Rain,5,1,162.2
12301,Rajdhani,DDU,Gaya,162.0,63.6,20.1,6.4,0.456,Clear,8,2,156.0
12951,Rajdhani,Vadodara,Ratlam,222.8,71.1,-5.0,15.1,0.338,Rain,3,1,186.4
12951,Rajdhani,Mumbai,Surat,259.4,81.6,16.2,13.1,0.523,Fog,23,1,204.4
12723,Express,Kazipet,Warangal,40.0,52.7,26.0,10.7,0.235,Heavy Rain,2,3,72.4
12301,Rajdhani,New Delhi,Kanpur,172.5,67.5,-5.0,4.8,0.134,Clear,0,3,161.8
12301,Rajdhani,New Delhi,Kanpur,190.2,83.9,10.3,0.0,0.106,Clear,23,1,158.9
12259,Duronto,Dhanbad,Gaya,213.6,77.9,-1.2,19.8,0.273,Clear,3,0,162.9
12951,Rajdhani,Mumbai,Surat,212.1,67.8,10.0,15.8,0.364,Rain,23,2,198.5
12259,Duronto,DDU,New Delhi,228.9,61.2,49.3,13.8,0.189,Heavy Rain,9,1,251.7
12951,Rajdhani,Surat,Vadodara,140.0,65.4,24.5,6.9,0.633,Clear,3,6,154.8
12301,Rajdhani,DDU,Gaya,178.0,70.8,33.0,12.6,0.388,Clear,6,2,157.1
12951,Rajdhani,Vadodara,Ratlam,179.0,67.6,2.6,8.2,0.256,Clear,4,4,191.2
12951,Rajdhani,Vadodara,Ratlam,180.2,64.9,-5.0,21.0,0.475,Rain,5,2,183.8
12627,Express,Vijayawada,Warangal,224.6,71.1,15.9,25.0,0.372,Clear,6,2,188.3
12951,Rajdhani,Mumbai,Surat,200.1,63.3,18.0,18.5,0.31,Heavy Rain,1,0,218.3
12951,Rajdhani,Mumbai,Surat,198.3,57.6,4.1,25.2,0.514,Clear,0,3,214.0
12860,Express,Wadi,Secunderabad,159.3,59.5,20.8,1.1,0.25,Clear,9,4,171.0
12259,Duronto,Gaya,DDU,207.8,67.8,9.0,16.2,0.328,Clear,5,4,173.3
12951,Rajdhani,Ratlam,Kota,198.3,74.2,-0.3,6.9,0.218,Clear,7,5,193.6
12259,Duronto,Dhanbad,Gaya,181.1,80.7,23.2,19.9,0.332,Clear,3,6,169.3
12301,Rajdhani,DDU,Gaya,163.9,72.4,28.9,12.6,0.444,Rain,7,6,159.6
12627,Express,Gudur,Nellore,69.6,62.0,28.3,12.1,0.419,Rain,2,5,83.3
12723,Express,Hyderabad,Kazipet,132.0,53.8,14.3,14.4,0.561,Clear,23,2,154.7
12301,Rajdhani,Gaya,Howrah,159.0,64.7,13.7,11.0,0.35,Clear,9,0,194.9
12301,Rajdhani,Kanpur,Prayagraj,205.7,69.0,5.6,17.7,0.376,Rain,2,1,176.6
12951,Rajdhani,Ratlam,Kota,232.8,71.1,8.6,12.5,0.298,Clear,7,5,193.9
12627,Express,Warangal,Secunderabad,198.5,61.0,19.5,0.0,0.592,Fog,9,2,215.9
12627,Express,Nellore,Vijayawada,241.1,73.2,29.1,5.3,0.272,Heavy Rain,3,0,212.9
12627,Express,Gudur,Nellore,58.6,59.7,-5.0,0.0,0.295,Rain,2,2,75.4
12301,Rajdhani,DDU,Gaya,139.3,72.5,-5.0,18.2,0.193,Clear,7,4,146.2
12259,Duronto,Gaya,DDU,207.6,67.2,9.1,0.0,0.53,Clear,7,0,185.0
12723,Express,Warangal,Vijayawada,168.8,57.7,8.1,12.6,0.116,Clear,2,5,213.3
12723,Express,Hyderabad,Kazipet,109.0,56.8,6.5,22.4,0.085,Clear,23,5,150.5
12951,Rajdhani,Mumbai,Surat,157.5,60.6,0.1,0.0,0.732,Clear,23,5,198.7
12259,Duronto,Asansol,Dhanbad,125.6,69.0,15.1,17.4,0.267,Clear,2,4,114.9
12723,Express,Hyderabad,Kazipet,120.2,50.7,4.9,4.7,0.332,Clear,0,5,146.9
12860,Express,Pune,Solapur,183.6,57.4,23.3,16.4,0.133,Clear,3,6,202.4
12951,Rajdhani,Ratlam,Kota,178.5,66.9,2.0,12.7,0.063,Clear,8,4,186.0
12627,Express,Nellore,Vijayawada,252.7,73.4,0.5,13.2,0.298,Clear,3,1,183.7
12723,Express,Gudur,Chennai,190.0,58.0,27.4,30.2,0.694,Clear,9,6,223.2
12627,Express,Warangal,Secunderabad,235.9,71.7,30.3,6.1,0.6,Clear,10,0,203.0
12627,Express,Vijayawada,Warangal,238.6,69.4,16.6,11.0,0.385,Clear,6,0,201.7
12301,Rajdhani,Gaya,Howrah,187.6,77.3,10.5,11.4,0.13,Rain,10,3,172.5
12860,Express,Kalaburagi,Wadi,84.3,55.4,17.2,0.0,0.052,Clear,9,4,85.6
12259,Duronto,Dhanbad,Gaya,180.1,73.6,11.1,13.9,0.333,Heavy Rain,3,2,172.6
12860,Express,Kalaburagi,Wadi,100.0,72.5,-5.0,16.7,0.215,Clear,9,4,86.1
12723,Express,Vijayawada,Gudur,208.6,63.3,17.9,5.4,0.076,Fog,5,2,204.7
12259,Duronto,DDU,New Delhi,264.8,72.9,12.9,17.4,0.392,Clear,8,3,213.1
12627,Express,Warangal,Secunderabad,178.0,60.9,1.2,12.7,0.085,Clear,9,1,184.9
12301,Rajdhani,Prayagraj,DDU,179.5,65.0,28.8,21.7,0.26,Clear,5,2,189.1
12259,Duronto,Sealdah,Asansol,172.6,74.9,29.3,0.0,0.471,Rain,0,2,168.0
12301,Rajdhani,Gaya,Howrah,222.5,71.6,9.5,10.3,0.537,Clear,10,0,183.2
12627,Express,Gudur,Nellore,61.3,54.3,7.8,16.6,0.176,Clear,1,4,90.5
12860,Express,Kalaburagi,Wadi,88.3,57.9,16.7,11.7,0.237,Clear,8,5,110.1
12627,Express,Gudur,Nellore,70.7,60.1,11.4,5.2,0.084,Heavy Rain,2,5,87.4
12259,Duronto,Sealdah,Asansol,198.6,75.0,5.1,15.5,0.513,Fog,0,0,167.0
12723,Express,Gudur,Chennai,218.4,66.0,1.8,9.7,0.186,Fog,9,1,206.4
12723,Express,Warangal,Vijayawada,184.6,55.6,18.4,21.3,0.554,Clear,2,3,223.9
12627,Express,Vijayawada,Warangal,233.4,69.7,27.6,19.8,0.308,Rain,6,3,204.0
12951,Rajdhani,Vadodara,Ratlam,226.2,83.0,26.8,0.0,0.369,Fog,5,5,193.0
12259,Duronto,Sealdah,Asansol,163.2,59.3,1.1,18.4,0.627,Fog,23,3,178.5
12301,Rajdhani,New Delhi,Kanpur,176.7,61.5,3.3,13.2,0.268,Clear,23,5,175.2
12951,Rajdhani,Ratlam,Kota,156.1,59.4,3.8,19.2,0.265,Clear,7,2,178.2
12723,Express,Kazipet,Warangal,40.0,65.3,27.7,5.6,0.124,Heavy Rain,2,3,65.5
12627,Express,Chennai,Gudur,188.9,84.5,30.9,13.1,0.141,Fog,0,4,170.5
12951,Rajdhani,Kota,New Delhi,223.0,68.8,25.5,6.8,0.248,Rain,9,1,213.5
12860,Express,Wadi,Secunderabad,163.1,57.1,23.7,12.2,0.39,Heavy Rain,10,5,192.3
12259,Duronto,Dhanbad,Gaya,223.9,81.4,12.7,0.0,0.627,Rain,3,6,173.8
12259,Duronto,DDU,New Delhi,225.1,60.3,-5.0,11.0,0.116,Rain,8,6,217.1
12259,Duronto,Sealdah,Asansol,180.4,69.9,12.1,19.1,0.587,Clear,0,0,175.0
12951,Rajdhani,Vadodara,Ratlam,201.8,69.9,23.3,6.0,0.349,Rain,5,5,201.9
12951,Rajdhani,Vadodara,Ratlam,165.8,68.4,14.4,8.7,0.499,Clear,5,0,189.2
12301,Rajdhani,DDU,Gaya,169.3,71.5,-4.2,0.0,0.245,Clear,7,3,140.0
12723,Express,Vijayawada,Gudur,186.5,63.6,3.0,0.0,0.278,Heavy Rain,5,4,212.8
12301,Rajdhani,DDU,Gaya,189.3,74.9,-5.0,1.2,0.139,Clear,8,3,128.9
12951,Rajdhani,Surat,Vadodara,115.5,62.0,24.2,13.4,0.218,Rain,2,0,158.3
12627,Express,Vijayawada,Warangal,197.3,70.7,12.7,4.7,0.376,Clear,6,3,197.9
12259,Duronto,Dhanbad,Gaya,156.0,69.9,21.2,12.0,0.207,Rain,4,6,164.8
12860,Express,Wadi,Secunderabad,170.0,64.3,16.4,9.2,0.16,Rain,9,4,182.4
12860,Express,Solapur,Kalaburagi,197.9,69.8,2.0,12.0,0.073,Clear,5,4,159.2
12627,Express,Vijayawada,Warangal,172.0,55.5,14.2,0.0,0.207,Heavy Rain,6,5,205.4
12723,Express,Hyderabad,Kazipet,125.3,63.8,1.7,6.9,0.331,Clear,0,5,144.5
12627,Express,Gudur,Nellore,66.2,70.0,9.2,14.8,0.182,Clear,2,2,85.4
12723,Express,Hyderabad,Kazipet,169.5,68.8,-5.0,17.7,0.5,Clear,23,0,145.0
12301,Rajdhani,Gaya,Howrah,199.3,62.5,-5.0,15.4,0.054,Clear,10,4,183.4
12860,Express,Wadi,Secunderabad,94.3,39.1,-5.0,25.4,0.602,Rain,9,1,198.2
12860,Express,Wadi,Secunderabad,136.1,52.2,-3.2,15.2,0.073,Clear,10,2,175.3
12723,Express,Hyderabad,Kazipet,139.2,69.3,23.5,16.5,0.337,Clear,23,0,153.7
12301,Rajdhani,DDU,Gaya,143.8,66.6,11.6,10.5,0.389,Clear,8,3,149.2
12723,Express,Gudur,Chennai,197.8,59.8,12.5,12.5,0.223,Rain,8,5,223.1
12860,Express,Wadi,Secunderabad,148.2,63.6,20.7,15.8,0.347,Clear,10,1,180.0
12627,Express,Vijayawada,Warangal,155.2,60.7,13.7,12.6,0.173,Clear,5,2,196.3
12301,Rajdhani,DDU,Gaya,172.6,74.4,27.5,14.1,0.579,Fog,8,6,166.6
12301,Rajdhani,Gaya,Howrah,175.0,71.8,0.7,22.7,0.568,Clear,10,6,191.3
12627,Express,Warangal,Secunderabad,132.0,49.9,5.0,17.0,0.459,Clear,9,3,207.4
12860,Express,Mumbai,Pune,140.9,39.8,21.7,2.7,0.212,Fog,0,5,224.6
12627,Express,Chennai,Gudur,164.8,71.0,11.9,13.7,0.606,Rain,23,4,177.9
12723,Express,Hyderabad,Kazipet,151.1,62.7,-3.1,5.5,0.14,Clear,23,2,134.1
12951,Rajdhani,Surat,Vadodara,151.0,67.3,21.7,9.0,0.089,Clear,3,1,130.2
12723,Express,Hyderabad,Kazipet,140.3,58.6,23.0,0.0,0.219,Clear,1,6,148.0
12723,Express,Gudur,Chennai,227.4,63.3,20.1,19.5,0.416,Clear,8,1,216.1
12301,Rajdhani,New Delhi,Kanpur,216.5,82.0,21.0,6.1,0.094,Clear,0,1,166.5
12259,Duronto,Asansol,Dhanbad,134.7,83.6,18.5,15.9,0.137,Rain,2,1,125.8
12301,Rajdhani,New Delhi,Kanpur,200.7,74.2,24.4,22.3,0.297,Clear,23,2,177.7
12951,Rajdhani,Mumbai,Surat,174.6,62.7,14.3,3.6,0.147,Clear,0,5,178.0
12259,Duronto,Sealdah,Asansol,195.6,82.3,9.4,19.8,0.363,Rain,23,2,175.1
12723,Express,Vijayawada,Gudur,253.3,68.8,8.4,1.6,0.335,Rain,6,2,212.8
12723,Express,Hyderabad,Kazipet,151.3,67.2,0.9,0.0,0.412,Clear,0,2,128.1
12627,Express,Nellore,Vijayawada,198.7,60.5,1.3,10.7,0.39,Heavy Rain,3,3,205.6
12627,Express,Gudur,Nellore,43.6,43.9,7.0,0.0,0.063,Clear,3,6,97.6
12627,Express,Chennai,Gudur,135.5,63.3,-5.0,3.3,0.101,Clear,23,4,137.2
12951,Rajdhani,Mumbai,Surat,212.1,69.0,-0.2,23.5,0.212,Fog,0,3,199.7
12627,Express,Vijayawada,Warangal,159.4,51.2,21.7,0.8,0.083,Clear,6,4,203.8
12860,Express,Solapur,Kalaburagi,159.7,73.8,-2.7,22.5,0.275,Rain,7,2,155.6
12259,Duronto,Sealdah,Asansol,143.9,62.9,18.8,3.6,0.325,Rain,23,3,173.7
12301,Rajdhani,Kanpur,Prayagraj,148.9,59.4,18.1,1.2,0.038,Clear,3,3,172.4
12860,Express,Kalaburagi,Wadi,79.8,56.5,20.5,7.9,0.158,Clear,8,4,95.2
12860,Express,Kalaburagi,Wadi,63.6,55.4,5.3,13.0,0.629,Clear,9,1,104.8
12860,Express,Mumbai,Pune,188.5,63.1,9.4,2.9,0.237,Clear,23,3,215.2
12723,Express,Hyderabad,Kazipet,131.2,58.8,15.3,0.7,0.143,Clear,0,2,143.4
12860,Express,Kalaburagi,Wadi,85.5,59.3,22.1,9.7,0.214,Clear,9,3,102.1
12860,Express,Kalaburagi,Wadi,74.7,63.6,16.7,3.4,0.184,Clear,8,6,91.3
12723,Express,Warangal,Vijayawada,197.1,62.6,2.1,18.1,0.159,Clear,3,2,203.2
12627,Express,Vijayawada,Warangal,203.3,62.4,-5.0,9.7,0.248,Clear,5,5,193.5
12723,Express,Kazipet,Warangal,41.0,69.6,24.2,10.7,0.422,Clear,2,2,50.6
12951,Rajdhani,Surat,Vadodara,126.1,68.2,25.2,0.0,0.35,Clear,3,0,144.2
12301,Rajdhani,Gaya,Howrah,215.3,72.3,-5.0,0.8,0.236,Clear,9,1,187.3
12627,Express,Chennai,Gudur,104.7,51.0,4.0,10.6,0.034,Clear,23,3,165.0
12951,Rajdhani,Vadodara,Ratlam,174.6,66.6,4.6,0.0,0.331,Heavy Rain,5,6,199.5
12259,Duronto,Asansol,Dhanbad,101.5,67.7,12.6,0.0,0.46,Rain,1,3,119.5
12259,Duronto,Dhanbad,Gaya,163.3,75.5,-5.0,15.1,0.218,Fog,3,3,158.2
12301,Rajdhani,Gaya,Howrah,145.1,53.4,25.4,17.5,0.522,Rain,10,4,216.2
12860,Express,Kalaburagi,Wadi,78.6,60.8,-2.4,16.7,0.313,Rain,8,1,101.5
12627,Express,Warangal,Secunderabad,190.9,58.0,33.8,23.8,0.095,Clear,9,1,203.4
12951,Rajdhani,Vadodara,Ratlam,176.7,60.2,-5.0,7.9,0.265,Clear,5,3,180.4
12723,Express,Vijayawada,Gudur,146.0,41.3,6.1,13.2,0.185,Clear,7,6,228.1
12951,Rajdhani,Mumbai,Surat,239.9,73.5,19.4,16.2,0.117,Heavy Rain,23,1,211.1
12301,Rajdhani,Kanpur,Prayagraj,178.2,61.8,-5.0,22.6,0.315,Fog,2,5,186.5
12627,Express,Nellore,Vijayawada,189.0,64.4,28.9,15.3,0.177,Fog,3,5,208.5
12951,Rajdhani,Mumbai,Surat,175.2,63.8,24.1,13.9,0.178,Rain,0,6,202.2
12723,Express,Gudur,Chennai,194.1,59.5,25.9,14.0,0.103,Clear,9,6,218.6
12259,Duronto,Dhanbad,Gaya,153.8,70.8,17.9,26.0,0.224,Clear,3,4,150.7
12301,Rajdhani,New Delhi,Kanpur,156.0,58.8,-1.0,14.6,0.397,Clear,0,0,174.4
12627,Express,Gudur,Nellore,47.4,47.9,-4.2,0.0,0.446,Clear,3,4,89.5
12860,Express,Mumbai,Pune,172.8,62.9,18.8,3.8,0.126,Clear,23,6,206.2
12259,Duronto,Asansol,Dhanbad,129.7,77.8,21.1,10.6,0.095,Rain,2,1,115.2
12259,Duronto,Sealdah,Asansol,141.3,62.0,1.5,9.6,0.037,Clear,0,4,154.4
12301,Rajdhani,New Delhi,Kanpur,193.2,75.9,26.7,22.7,0.313,Heavy Rain,0,6,184.7
12723,Express,Vijayawada,Gudur,223.9,67.6,-5.0,0.0,0.175,Clear,5,3,190.0
12301,Rajdhani,Kanpur,Prayagraj,154.9,67.1,22.0,8.4,0.125,Clear,2,2,171.7
12951,Rajdhani,Kota,New Delhi,178.9,61.2,25.8,20.0,0.154,Rain,10,4,236.6
12951,Rajdhani,Mumbai,Surat,238.3,84.4,20.2,20.0,0.469,Clear,23,0,211.1
12259,Duronto,Sealdah,Asansol,116.0,54.5,7.4,16.3,0.243,Clear,0,5,164.6
12301,Rajdhani,Prayagraj,DDU,154.2,65.2,5.6,11.1,0.176,Rain,4,1,188.7
12860,Express,Mumbai,Pune,245.2,76.4,-1.1,16.7,0.22,Fog,23,4,211.6
12627,Express,Gudur,Nellore,51.0,48.3,-5.0,7.6,0.337,Clear,2,4,83.4
12860,Express,Kalaburagi,Wadi,70.4,61.0,20.6,15.3,0.321,Heavy Rain,9,6,111.4
12860,Express,Kalaburagi,Wadi,84.2,64.7,11.5,6.6,0.497,Heavy Rain,8,5,113.5
12259,Duronto,DDU,New Delhi,196.9,65.7,3.1,13.5,0.295,Rain,8,4,214.6
12951,Rajdhani,Ratlam,Kota,172.0,62.6,-3.3,14.3,0.25,Clear,7,1,194.7
12951,Rajdhani,Vadodara,Ratlam,165.7,60.4,11.2,18.3,0.402,Clear,5,3,196.9
12860,Express,Solapur,Kalaburagi,162.2,64.0,11.2,5.0,0.219,Clear,6,6,162.2
12860,Express,Kalaburagi,Wadi,86.2,62.5,17.5,2.1,0.184,Clear,8,2,98.1
12627,Express,Nellore,Vijayawada,154.0,57.2,11.1,7.9,0.177,Clear,2,5,198.4
12723,Express,Vijayawada,Gudur,164.5,54.8,6.3,16.1,0.2,Clear,6,5,217.2
12301,Rajdhani,Prayagraj,DDU,177.4,67.0,-3.4,22.9,0.046,Rain,4,5,179.8
12860,Express,Mumbai,Pune,250.7,72.0,-4.9,5.2,0.059,Clear,23,5,193.8
12301,Rajdhani,Gaya,Howrah,177.5,58.1,-1.2,12.4,0.266,Clear,9,1,181.7
12627,Express,Warangal,Secunderabad,218.9,64.2,16.6,16.4,0.074,Clear,9,0,188.4
12860,Express,Solapur,Kalaburagi,157.0,60.3,5.9,10.4,0.458,Clear,6,3,168.7
12301,Rajdhani,Prayagraj,DDU,244.6,90.9,-2.9,3.3,0.109,Clear,4,4,168.8
12301,Rajdhani,New Delhi,Kanpur,207.2,70.0,10.9,7.6,0.467,Rain,23,6,170.2
12723,Express,Warangal,Vijayawada,204.7,67.8,-1.7,1.5,0.391,Clear,2,5,207.1
12860,Express,Solapur,Kalaburagi,161.7,65.3,11.6,11.7,0.352,Clear,5,1,157.0
12860,Express,Pune,Solapur,167.9,58.5,11.2,11.7,0.13,Clear,3,4,196.6
12259,Duronto,Sealdah,Asansol,208.6,75.9,18.4,8.5,0.524,Clear,0,2,160.5
12259,Duronto,Dhanbad,Gaya,172.5,74.8,7.4,9.1,0.204,Fog,3,2,163.3
12951,Rajdhani,Kota,New Delhi,235.7,66.3,14.4,22.5,0.22,Clear,11,1,215.0
12259,Duronto,Dhanbad,Gaya,117.9,54.3,3.5,14.5,0.105,Rain,4,0,173.9
12301,Rajdhani,Prayagraj,DDU,232.5,76.9,14.1,18.8,0.214,Clear,5,3,177.6
12301,Rajdhani,Prayagraj,DDU,160.5,67.1,11.9,19.1,0.157,Heavy Rain,5,3,193.4
12723,Express,Kazipet,Warangal,40.0,71.3,28.6,15.1,0.342,Fog,2,0,58.8
12951,Rajdhani,Surat,Vadodara,139.2,63.8,21.3,18.8,0.639,Clear,2,6,135.1
12860,Express,Wadi,Secunderabad,117.2,51.2,19.1,29.8,0.218,Rain,10,5,194.5
12301,Rajdhani,DDU,Gaya,138.0,71.2,-0.3,1.0,0.262,Clear,7,3,141.2
12259,Duronto,Asansol,Dhanbad,132.1,77.1,-5.0,12.4,0.53,Clear,1,1,116.3
12259,Duronto,Gaya,DDU,254.5,81.8,-3.4,12.0,0.518,Rain,6,0,183.7
12860,Express,Kalaburagi,Wadi,65.3,55.3,10.5,16.3,0.125,Clear,9,1,91.0
12259,Duronto,Sealdah,Asansol,159.7,62.2,15.8,0.3,0.341,Rain,0,3,162.8
12301,Rajdhani,DDU,Gaya,191.7,79.8,17.5,16.1,0.267,Clear,7,1,149.7
12951,Rajdhani,Vadodara,Ratlam,212.3,72.6,20.6,25.7,0.278,Clear,5,0,197.3
12301,Rajdhani,Gaya,Howrah,203.9,74.6,11.0,14.4,0.536,Fog,10,3,193.2
12259,Duronto,Dhanbad,Gaya,155.6,74.4,3.4,17.3,0.105,Rain,3,3,157.9
12627,Express,Warangal,Secunderabad,127.5,44.4,9.5,5.9,0.579,Clear,9,4,214.2
12951,Rajdhani,Ratlam,Kota,200.6,73.6,23.4,6.0,0.168,Clear,7,6,187.7
12627,Express,Chennai,Gudur,173.8,73.5,23.0,6.6,0.448,Clear,23,5,166.6
12723,Express,Warangal,Vijayawada,178.8,61.6,18.3,6.3,0.459,Rain,2,6,224.5
12627,Express,Nellore,Vijayawada,138.2,51.9,10.0,4.7,0.448,Clear,3,4,204.0
12259,Duronto,DDU,New Delhi,181.5,61.5,0.5,9.9,0.341,Fog,8,3,225.0
12860,Express,Kalaburagi,Wadi,100.4,66.1,3.5,13.8,0.266,Fog,7,1,94.2
12259,Duronto,Asansol,Dhanbad,103.9,59.9,3.6,18.9,0.291,Rain,2,5,122.4
12301,Rajdhani,Prayagraj,DDU,182.9,75.3,10.8,15.9,0.369,Clear,5,0,174.5
12951,Rajdhani,Kota,New Delhi,216.2,71.3,17.3,3.8,0.541,Clear,11,3,216.3
12627,Express,Vijayawada,Warangal,226.9,73.4,8.5,21.6,0.038,Fog,6,0,205.8
12723,Express,Hyderabad,Kazipet,133.7,60.8,-5.0,7.6,0.197,Clear,0,1,132.8
12860,Express,Wadi,Secunderabad,164.9,55.4,19.7,3.6,0.532,Clear,11,0,175.7
12301,Rajdhani,DDU,Gaya,150.5,60.6,-0.3,28.2,0.256,Rain,7,4,158.2
12301,Rajdhani,New Delhi,Kanpur,190.3,72.9,7.6,14.7,0.33,Clear,0,2,167.7
12723,Express,Hyderabad,Kazipet,133.7,62.2,12.4,9.6,0.113,Rain,0,5,152.4
12951,Rajdhani,Vadodara,Ratlam,189.8,73.5,-0.8,5.5,0.384,Clear,5,6,173.0
12627,Express,Gudur,Nellore,73.2,61.2,24.6,5.4,0.161,Heavy Rain,2,3,100.0
12951,Rajdhani,Kota,New Delhi,245.8,66.6,16.0,8.7,0.588,Clear,10,5,213.1
12951,Rajdhani,Vadodara,Ratlam,175.4,71.5,29.2,17.3,0.494,Clear,5,1,188.9
12860,Express,Solapur,Kalaburagi,173.7,62.8,14.9,3.9,0.155,Heavy Rain,6,6,168.2
12301,Rajdhani,New Delhi,Kanpur,156.1,66.9,21.0,8.3,0.261,Rain,0,3,170.3
12301,Rajdhani,Gaya,Howrah,202.8,77.2,16.0,18.7,0.507,Heavy Rain,10,3,203.3
12723,Express,Gudur,Chennai,186.3,60.4,8.9,9.9,0.195,Clear,9,2,212.0
12259,Duronto,Asansol,Dhanbad,95.1,53.1,26.7,15.2,0.102,Heavy Rain,2,4,131.5
12723,Express,Gudur,Chennai,187.5,55.5,5.8,9.7,0.345,Clear,8,4,212.5
12951,Rajdhani,Surat,Vadodara,139.0,68.9,3.3,9.3,0.055,Clear,2,0,125.5
12951,Rajdhani,Mumbai,Surat,196.8,72.1,46.9,0.0,0.238,Heavy Rain,0,2,211.0
12723,Express,Gudur,Chennai,213.1,57.3,8.7,4.4,0.634,Fog,8,4,224.4
12301,Rajdhani,Gaya,Howrah,181.1,61.6,24.2,13.4,0.364,Clear,9,2,190.5
12723,Express,Hyderabad,Kazipet,109.6,48.8,16.1,4.7,0.659,Clear,23,5,164.8
12259,Duronto,Dhanbad,Gaya,159.7,62.4,15.5,4.2,0.382,Clear,4,6,165.7
12301,Rajdhani,New Delhi,Kanpur,202.3,79.1,19.9,10.0,0.097,Rain,23,4,169.4
12860,Express,Wadi,Secunderabad,114.1,47.9,2.3,0.0,0.504,Clear,9,3,201.7
12723,Express,Warangal,Vijayawada,176.0,53.2,30.9,0.0,0.683,Clear,2,0,228.5
12627,Express,Nellore,Vijayawada,172.2,59.0,17.9,1.1,0.212,Rain,4,6,195.8
12627,Express,Vijayawada,Warangal,153.2,59.7,37.3,13.3,0.337,Clear,6,6,210.7
12860,Express,Wadi,Secunderabad,158.2,66.5,2.2,11.5,0.287,Clear,10,1,164.5
12627,Express,Gudur,Nellore,69.3,63.3,6.6,3.7,0.293,Clear,1,5,66.9
12627,Express,Nellore,Vijayawada,170.0,54.6,-3.0,1.7,0.48,Clear,3,4,191.4
12951,Rajdhani,Vadodara,Ratlam,212.8,76.0,14.5,23.9,0.282,Clear,5,3,188.6
12627,Express,Vijayawada,Warangal,205.9,70.8,25.9,9.6,0.778,Clear,6,0,212.2
12301,Rajdhani,DDU,Gaya,161.6,74.6,19.7,9.5,0.133,Clear,7,2,153.1
12951,Rajdhani,Vadodara,Ratlam,217.7,73.2,1.5,7.6,0.253,Clear,5,6,181.0
12860,Express,Wadi,Secunderabad,153.5,55.9,32.3,18.4,0.332,Clear,10,5,189.5
12723,Express,Gudur,Chennai,177.5,59.6,-5.0,8.4,0.641,Fog,9,2,227.3
12259,Duronto,Asansol,Dhanbad,88.7,57.1,16.8,25.6,0.266,Clear,3,3,124.6
12259,Duronto,Gaya,DDU,176.2,74.0,-2.9,2.6,0.565,Heavy Rain,5,1,193.5
12723,Express,Kazipet,Warangal,43.1,71.4,10.1,1.5,0.059,Clear,1,4,39.4
12301,Rajdhani,Prayagraj,DDU,220.7,80.5,31.9,15.7,0.369,Heavy Rain,5,2,207.7
12259,Duronto,Dhanbad,Gaya,142.1,69.1,-4.4,8.0,0.157,Rain,4,4,153.9
12860,Express,Pune,Solapur,163.4,60.1,8.9,12.8,0.376,Clear,3,0,191.0
12301,Rajdhani,DDU,Gaya,147.7,65.5,27.7,2.0,0.252,Clear,7,6,150.0
12301,Rajdhani,Prayagraj,DDU,137.0,50.0,19.5,27.3,0.175,Fog,5,1,201.4
12860,Express,Mumbai,Pune,226.1,62.4,23.5,3.6,0.156,Clear,23,4,196.4
12259,Duronto,Sealdah,Asansol,146.4,67.5,26.6,9.5,0.603,Fog,23,5,182.4
12723,Express,Gudur,Chennai,242.0,70.3,17.0,0.0,0.228,Clear,9,2,209.8
12301,Rajdhani,Prayagraj,DDU,252.1,83.0,17.4,19.4,0.286,Clear,4,4,175.3
12259,Duronto,Sealdah,Asansol,214.4,81.2,5.7,5.9,0.721,Clear,0,4,161.7
12301,Rajdhani,DDU,Gaya,98.1,47.6,13.5,10.9,0.345,Rain,8,0,170.9
12723,Express,Hyderabad,Kazipet,149.1,63.3,14.4,18.0,0.282,Clear,23,1,146.3
12627,Express,Gudur,Nellore,53.5,55.9,12.1,18.7,0.417,Clear,2,4,90.8
12723,Express,Gudur,Chennai,154.5,52.9,21.2,2.2,0.427,Rain,8,2,231.2
12259,Duronto,Asansol,Dhanbad,111.6,67.7,19.4,24.0,0.18,Rain,2,3,110.9
12860,Express,Kalaburagi,Wadi,75.8,57.4,24.0,8.2,0.622,Rain,8,3,112.1
12860,Express,Kalaburagi,Wadi,88.1,62.3,14.4,0.0,0.457,Clear,8,6,95.9
12723,Express,Hyderabad,Kazipet,130.2,60.6,20.0,18.5,0.261,Clear,23,1,146.4
12259,Duronto,Sealdah,Asansol,191.6,77.4,10.1,25.4,0.512,Clear,0,4,168.4
12860,Express,Kalaburagi,Wadi,102.6,69.0,4.7,4.5,0.172,Clear,7,6,86.2
12860,Express,Kalaburagi,Wadi,96.4,67.3,8.1,10.5,0.224,Fog,9,5,81.2
12301,Rajdhani,New Delhi,Kanpur,175.1,70.4,16.7,16.1,0.082,Clear,0,4,167.9
12860,Express,Mumbai,Pune,141.0,46.8,14.7,0.0,0.397,Clear,23,1,203.0
12723,Express,Hyderabad,Kazipet,117.6,50.1,18.3,17.2,0.457,Heavy Rain,0,4,163.2
12301,Rajdhani,Gaya,Howrah,153.0,57.2,20.0,14.1,0.207,Clear,9,1,192.2
12627,Express,Chennai,Gudur,152.8,59.3,35.9,28.9,0.499,Clear,0,4,183.1
12951,Rajdhani,Surat,Vadodara,149.0,70.7,-5.0,9.6,0.209,Rain,3,3,120.9
12860,Express,Wadi,Secunderabad,135.8,50.9,22.5,7.7,0.295,Clear,10,6,183.7
12301,Rajdhani,Prayagraj,DDU,182.5,62.7,-3.9,7.3,0.2,Rain,4,6,170.6
12951,Rajdhani,Vadodara,Ratlam,228.2,74.4,-5.0,0.0,0.348,Clear,5,3,183.0
12723,Express,Kazipet,Warangal,40.0,60.1,18.4,2.8,0.417,Clear,1,0,53.1
12259,Duronto,Asansol,Dhanbad,101.8,72.0,9.3,7.0,0.108,Clear,2,3,98.6
12723,Express,Gudur,Chennai,158.2,50.9,9.6,6.9,0.631,Fog,8,2,231.7
12860,Express,Wadi,Secunderabad,164.7,64.6,10.4,0.0,0.171,Clear,10,0,173.3
12951,Rajdhani,Surat,Vadodara,139.1,61.0,17.0,11.4,0.374,Clear,3,2,131.1
12723,Express,Warangal,Vijayawada,203.5,65.5,20.4,15.8,0.083,Clear,2,3,203.9
12860,Express,Mumbai,Pune,196.9,69.2,-0.3,16.7,0.383,Rain,0,4,201.9
12951,Rajdhani,Vadodara,Ratlam,162.9,62.3,35.6,3.5,0.527,Clear,4,3,198.4
12259,Duronto,Gaya,DDU,205.0,74.2,16.2,12.2,0.235,Clear,6,2,165.9
12259,Duronto,Asansol,Dhanbad,124.2,74.7,20.0,18.2,0.073,Clear,2,2,114.3
12860,Express,Solapur,Kalaburagi,158.1,67.3,29.0,0.4,0.385,Clear,6,2,167.0
12627,Express,Warangal,Secunderabad,147.0,54.5,2.2,23.6,0.07,Rain,9,0,201.6
12259,Duronto,DDU,New Delhi,289.3,80.3,11.5,8.4,0.508,Fog,9,2,226.6
12951,Rajdhani,Ratlam,Kota,178.8,66.0,14.2,21.0,0.184,Clear,7,3,196.1
12723,Express,Warangal,Vijayawada,206.4,71.4,9.5,24.9,0.305,Clear,2,6,211.7
12951,Rajdhani,Surat,Vadodara,196.8,87.9,4.0,22.5,0.139,Clear,3,4,131.7
12723,Express,Hyderabad,Kazipet,123.9,65.7,11.4,12.4,0.199,Clear,0,3,145.1
12301,Rajdhani,Prayagraj,DDU,188.1,65.4,0.2,0.5,0.203,Heavy Rain,5,0,185.2
12860,Express,Wadi,Secunderabad,161.1,60.9,15.0,5.9,0.057,Clear,10,4,173.3
12627,Express,Warangal,Secunderabad,222.1,68.2,10.1,2.3,0.197,Clear,9,0,187.9
12301,Rajdhani,Kanpur,Prayagraj,181.2,79.7,7.3,16.0,0.494,Clear,2,1,184.5
12951,Rajdhani,Kota,New Delhi,199.3,61.9,0.6,0.5,0.363,Clear,11,1,204.0
12951,Rajdhani,Ratlam,Kota,184.4,68.0,9.5,12.1,0.167,Clear,8,2,190.2
12259,Duronto,Gaya,DDU,238.4,77.4,-1.7,15.3,0.189,Clear,6,2,170.1
12259,Duronto,Dhanbad,Gaya,214.7,81.0,13.3,21.8,0.093,Clear,3,3,151.2
12723,Express,Hyderabad,Kazipet,138.5,60.9,23.1,15.9,0.476,Clear,23,2,159.9
12627,Express,Chennai,Gudur,115.0,50.8,15.2,13.0,0.28,Clear,23,1,170.3
12301,Rajdhani,Gaya,Howrah,138.5,56.4,24.6,13.4,0.175,Rain,9,0,184.9
12301,Rajdhani,Gaya,Howrah,179.5,63.0,1.8,8.5,0.149,Clear,9,4,189.1
12627,Express,Chennai,Gudur,171.3,62.1,13.6,9.4,0.073,Clear,0,6,153.3
12860,Express,Solapur,Kalaburagi,139.0,60.0,15.6,14.3,0.224,Clear,5,0,168.4
12860,Express,Kalaburagi,Wadi,92.9,69.0,19.7,9.2,0.168,Clear,8,4,84.6
12627,Express,Nellore,Vijayawada,210.2,73.4,33.2,14.5,0.521,Fog,3,1,214.1
12259,Duronto,Asansol,Dhanbad,119.1,71.0,34.0,17.0,0.148,Heavy Rain,2,4,129.5
12723,Express,Vijayawada,Gudur,212.3,66.1,14.5,18.8,0.075,Clear,6,5,202.2
12627,Express,Chennai,Gudur,126.7,60.3,19.3,7.9,0.501,Fog,0,0,182.7
12951,Rajdhani,Vadodara,Ratlam,197.3,74.5,13.6,6.5,0.134,Clear,6,5,185.0
12301,Rajdhani,Gaya,Howrah,209.3,71.8,19.7,23.0,0.301,Clear,10,1,202.7
12860,Express,Solapur,Kalaburagi,200.8,81.2,25.0,14.5,0.493,Clear,6,2,176.8
12860,Express,Mumbai,Pune,258.2,78.3,17.8,2.8,0.035,Rain,23,6,202.7
12259,Duronto,Asansol,Dhanbad,111.7,73.5,25.8,0.5,0.372,Clear,1,0,110.4
12259,Duronto,Dhanbad,Gaya,148.8,69.9,34.2,24.4,0.252,Clear,3,6,175.2
12627,Express,Vijayawada,Warangal,173.1,57.5,21.8,0.0,0.124,Clear,6,2,195.0
12951,Rajdhani,Vadodara,Ratlam,206.1,74.5,8.2,16.2,0.312,Rain,4,6,198.5
12627,Express,Warangal,Secunderabad,203.3,59.5,1.5,21.8,0.561,Clear,9,2,198.0
12301,Rajdhani,Gaya,Howrah,153.6,58.0,9.7,11.5,0.059,Rain,10,5,185.9
12301,Rajdhani,DDU,Gaya,138.0,60.1,15.8,23.6,0.456,Rain,8,0,168.3
12301,Rajdhani,Kanpur,Prayagraj,175.9,76.5,22.7,15.7,0.552,Clear,2,6,175.9
12723,Express,Warangal,Vijayawada,216.1,64.7,0.2,8.8,0.373,Clear,2,6,207.0
12951,Rajdhani,Vadodara,Ratlam,180.0,72.2,0.9,27.1,0.326,Clear,4,4,181.3
12723,Express,Gudur,Chennai,180.0,60.8,10.2,0.0,0.777,Clear,8,6,219.0
12723,Express,Warangal,Vijayawada,148.4,43.7,15.8,1.4,0.013,Clear,1,0,224.0
12723,Express,Vijayawada,Gudur,187.5,65.8,15.4,10.8,0.462,Clear,5,0,215.1
12627,Express,Warangal,Secunderabad,193.4,59.0,26.1,5.2,0.031,Fog,9,3,195.6
12951,Rajdhani,Ratlam,Kota,236.2,72.8,-5.0,8.6,0.046,Rain,7,0,181.5
12627,Express,Warangal,Secunderabad,157.0,52.8,-0.5,12.1,0.381,Clear,9,2,196.9
12951,Rajdhani,Kota,New Delhi,290.7,77.4,-5.0,11.2,0.244,Clear,10,3,205.2
12860,Express,Mumbai,Pune,130.6,46.3,18.0,14.7,0.152,Clear,0,5,233.2
12723,Express,Vijayawada,Gudur,196.4,60.0,8.9,2.9,0.422,Heavy Rain,5,1,211.0
12301,Rajdhani,New Delhi,Kanpur,237.0,82.1,11.0,0.0,0.323,Rain,0,5,164.6
12301,Rajdhani,Gaya,Howrah,253.9,83.4,-2.4,12.4,0.274,Clear,9,6,175.9
12860,Express,Solapur,Kalaburagi,123.4,50.1,-5.0,11.6,0.254,Clear,7,2,161.7
12627,Express,Vijayawada,Warangal,184.2,62.4,10.1,5.7,0.45,Rain,7,2,201.0
12860,Express,Pune,Solapur,199.3,74.9,30.4,6.7,0.584,Clear,2,5,198.8
12860,Express,Mumbai,Pune,258.6,71.4,10.0,29.1,0.266,Rain,0,6,214.9
12627,Express,Chennai,Gudur,164.6,60.9,35.6,16.7,0.326,Rain,23,2,173.1
12951,Rajdhani,Surat,Vadodara,125.1,67.4,1.7,17.1,0.111,Rain,3,6,129.8
12860,Express,Mumbai,Pune,204.0,69.2,18.2,8.3,0.4,Clear,0,3,203.2
12723,Express,Vijayawada,Gudur,156.0,55.4,17.5,16.7,0.387,Fog,6,0,229.2
12723,Express,Vijayawada,Gudur,210.5,58.0,-4.3,11.9,0.193,Clear,6,0,205.9
12301,Rajdhani,Kanpur,Prayagraj,185.6,69.7,-5.0,17.3,0.096,Clear,2,4,170.6
12860,Express,Kalaburagi,Wadi,84.4,65.7,7.5,16.3,0.098,Heavy Rain,7,3,98.7
12627,Express,Warangal,Secunderabad,235.8,69.0,17.4,13.4,0.525,Fog,8,0,204.4
12301,Rajdhani,Prayagraj,DDU,199.8,74.8,5.1,13.8,0.292,Rain,5,3,176.2
12951,Rajdhani,Surat,Vadodara,118.4,55.6,-5.0,14.7,0.225,Clear,3,4,133.3
12951,Rajdhani,Vadodara,Ratlam,243.3,75.2,2.1,8.8,0.426,Clear,5,4,175.3
12951,Rajdhani,Ratlam,Kota,171.6,66.5,16.9,7.6,0.553,Clear,7,6,212.9
12627,Express,Vijayawada,Warangal,223.5,77.7,-0.7,7.6,0.088,Rain,6,2,183.5
12860,Express,Mumbai,Pune,198.7,58.1,8.2,22.2,0.304,Clear,0,1,207.2
12723,Express,Vijayawada,Gudur,188.5,53.3,15.3,7.4,0.403,Clear,5,0,218.7
12951,Rajdhani,Mumbai,Surat,172.5,62.2,5.8,0.0,0.283,Fog,23,1,207.8
12723,Express,Gudur,Chennai,177.7,58.4,-5.0,13.3,0.521,Clear,10,0,206.8
12259,Duronto,Dhanbad,Gaya,145.6,70.3,11.2,9.5,0.135,Clear,4,1,151.2
12627,Express,Nellore,Vijayawada,202.6,77.4,7.7,7.7,0.381,Clear,3,3,184.2
12723,Express,Vijayawada,Gudur,207.4,70.6,23.1,6.6,0.493,Clear,6,0,211.5
12627,Express,Vijayawada,Warangal,176.6,55.6,4.5,16.1,0.176,Rain,6,6,205.8
12301,Rajdhani,New Delhi,Kanpur,167.2,70.0,23.3,5.3,0.201,Clear,0,3,167.1
12951,Rajdhani,Ratlam,Kota,185.5,69.8,0.7,0.0,0.293,Clear,7,1,195.0
12860,Express,Pune,Solapur,177.6,51.5,-1.6,4.4,0.405,Rain,3,5,200.7
12301,Rajdhani,New Delhi,Kanpur,161.9,61.6,11.4,16.4,0.359,Rain,23,6,164.7
12259,Duronto,Asansol,Dhanbad,122.1,75.6,40.8,21.1,0.049,Clear,2,5,111.3
12301,Rajdhani,Gaya,Howrah,207.0,68.2,17.7,12.2,0.302,Fog,10,0,191.0
12723,Express,Hyderabad,Kazipet,153.5,67.3,17.9,4.0,0.03,Rain,23,0,146.8
12627,Express,Gudur,Nellore,62.8,61.8,25.6,3.4,0.172,Clear,2,1,68.4
12951,Rajdhani,Kota,New Delhi,246.9,74.1,17.0,20.1,0.125,Clear,10,5,206.3
12860,Express,Solapur,Kalaburagi,132.1,55.0,5.9,1.8,0.144,Rain,6,2,166.6
12723,Express,Vijayawada,Gudur,134.3,46.5,22.1,8.1,0.519,Fog,6,5,239.1
12301,Rajdhani,Gaya,Howrah,200.6,68.6,34.1,16.6,0.231,Clear,10,5,195.2
12259,Duronto,Dhanbad,Gaya,156.7,62.6,4.3,17.5,0.118,Clear,3,3,152.5
12259,Duronto,Asansol,Dhanbad,88.3,65.0,1.4,15.7,0.343,Clear,3,6,96.8
12860,Express,Wadi,Secunderabad,186.0,69.9,25.9,12.7,0.262,Clear,10,3,177.6
12723,Express,Kazipet,Warangal,40.6,62.8,-5.0,14.9,0.108,Rain,1,4,44.3
12860,Express,Pune,Solapur,202.6,60.9,0.9,17.3,0.783,Rain,2,3,208.2
12627,Express,Vijayawada,Warangal,184.2,61.8,0.1,9.6,0.15,Clear,6,6,192.8
12259,Duronto,Gaya,DDU,195.6,64.9,32.1,0.0,0.256,Rain,6,1,185.3
12259,Duronto,DDU,New Delhi,217.0,63.2,7.6,9.7,0.111,Fog,9,4,218.5
12860,Express,Wadi,Secunderabad,136.7,57.6,-5.0,7.3,0.232,Clear,10,4,173.1
12259,Duronto,Gaya,DDU,173.9,59.2,21.0,12.6,0.375,Clear,6,4,179.7
12627,Express,Vijayawada,Warangal,195.9,65.0,12.9,0.0,0.055,Rain,7,1,180.5
12627,Express,Chennai,Gudur,170.4,61.7,8.4,3.0,0.13,Fog,23,1,162.8
12723,Express,Gudur,Chennai,186.1,53.8,15.0,1.7,0.297,Clear,8,3,233.1
12951,Rajdhani,Kota,New Delhi,191.5,61.7,23.0,9.0,0.129,Clear,10,4,208.6
12951,Rajdhani,Ratlam,Kota,200.0,71.8,8.4,11.2,0.189,Rain,7,4,181.2
12723,Express,Warangal,Vijayawada,209.1,57.3,8.0,11.6,0.671,Clear,2,4,223.9
12259,Duronto,DDU,New Delhi,297.8,76.3,18.4,23.4,0.421,Rain,9,1,222.8
12259,Duronto,Asansol,Dhanbad,113.1,64.8,11.8,0.0,0.225,Rain,1,5,115.1
12723,Express,Hyderabad,Kazipet,119.1,50.3,11.5,19.4,0.297,Rain,23,6,166.5
12860,Express,Wadi,Secunderabad,185.1,61.7,3.5,0.0,0.207,Heavy Rain,10,2,181.9
12259,Duronto,Gaya,DDU,192.5,65.0,12.7,12.2,0.337,Clear,5,6,181.3
12259,Duronto,DDU,New Delhi,206.7,67.7,25.4,3.8,0.121,Clear,9,6,222.3
12301,Rajdhani,Kanpur,Prayagraj,172.2,59.0,35.6,11.3,0.166,Heavy Rain,2,6,193.6
12259,Duronto,Dhanbad,Gaya,170.6,65.7,8.8,2.5,0.352,Clear,3,1,142.5
12259,Duronto,DDU,New Delhi,188.2,59.8,3.0,3.2,0.365,Clear,8,4,220.3
12723,Express,Vijayawada,Gudur,168.7,55.0,17.1,7.0,0.377,Clear,5,5,220.2
12951,Rajdhani,Surat,Vadodara,121.0,67.3,23.2,19.6,0.688,Rain,2,3,156.1
12301,Rajdhani,New Delhi,Kanpur,217.4,74.5,1.8,8.2,0.424,Clear,0,6,160.0
12627,Express,Chennai,Gudur,141.3,67.1,9.1,0.3,0.221,Clear,0,6,154.7
12259,Duronto,Asansol,Dhanbad,100.9,71.2,14.1,11.2,0.098,Fog,2,4,111.0
12951,Rajdhani,Ratlam,Kota,217.0,74.6,-5.0,2.8,0.123,Fog,8,0,187.1
12951,Rajdhani,Kota,New Delhi,200.1,68.5,4.4,18.9,0.196,Rain,11,4,208.1
12259,Duronto,Dhanbad,Gaya,172.5,74.5,18.3,14.0,0.339,Heavy Rain,4,3,179.4
12301,Rajdhani,DDU,Gaya,187.6,73.9,8.0,16.6,0.073,Clear,7,5,149.2
12259,Duronto,Asansol,Dhanbad,158.8,91.6,19.4,2.5,0.304,Clear,2,4,107.5
12301,Rajdhani,Kanpur,Prayagraj,184.5,63.3,9.2,12.7,0.215,Rain,2,1,174.2
12860,Express,Mumbai,Pune,205.5,67.3,4.2,0.0,0.23,Rain,0,0,200.3
12723,Express,Kazipet,Warangal,40.0,50.6,-5.0,12.3,0.123,Fog,1,4,57.1
12627,Express,Chennai,Gudur,170.6,62.4,9.8,14.7,0.204,Fog,23,5,168.6
12627,Express,Gudur,Nellore,56.7,57.3,17.5,0.0,0.265,Clear,2,5,82.7
12259,Duronto,Asansol,Dhanbad,104.2,64.8,23.1,20.2,0.31,Clear,2,0,120.8
12951,Rajdhani,Surat,Vadodara,112.1,51.1,5.2,1.4,0.356,Rain,2,2,147.2
12723,Express,Kazipet,Warangal,40.0,59.0,9.5,14.4,0.153,Clear,1,1,57.2
12860,Express,Pune,Solapur,108.1,42.1,11.5,10.5,0.389,Clear,2,5,217.5
12723,Express,Warangal,Vijayawada,185.8,54.3,3.5,7.7,0.402,Clear,0,3,206.1
12860,Express,Mumbai,Pune,206.7,64.3,3.6,16.3,0.127,Clear,0,0,194.0
12259,Duronto,Sealdah,Asansol,145.8,65.8,13.2,0.0,0.177,Clear,23,5,156.5
12951,Rajdhani,Ratlam,Kota,206.8,61.2,18.6,9.4,0.192,Clear,7,3,203.0
12723,Express,Kazipet,Warangal,40.4,69.5,9.7,0.0,0.223,Rain,2,4,40.2
12259,Duronto,DDU,New Delhi,221.5,62.9,15.7,5.4,0.173,Clear,9,6,215.9
12860,Express,Mumbai,Pune,247.2,74.8,38.1,0.0,0.356,Clear,0,6,211.2
12860,Express,Wadi,Secunderabad,155.8,64.9,18.4,14.8,0.467,Clear,9,1,179.6
12301,Rajdhani,New Delhi,Kanpur,159.4,60.1,6.8,23.3,0.158,Clear,0,0,171.6
12301,Rajdhani,New Delhi,Kanpur,150.2,59.4,29.3,9.9,0.299,Rain,0,4,185.7
12301,Rajdhani,Kanpur,Prayagraj,192.3,68.5,1.0,15.1,0.266,Clear,2,4,168.7
12301,Rajdhani,DDU,Gaya,168.9,85.7,5.6,7.9,0.078,Clear,7,2,140.1
12951,Rajdhani,Mumbai,Surat,218.4,72.5,1.7,10.9,0.339,Fog,0,0,196.6
12951,Rajdhani,Surat,Vadodara,149.2,73.3,-4.4,8.1,0.437,Fog,2,2,134.8
12259,Duronto,Asansol,Dhanbad,124.2,74.4,13.5,17.0,0.126,Rain,2,6,114.8
12301,Rajdhani,DDU,Gaya,147.8,70.8,33.6,1.5,0.13,Clear,7,0,149.5
12627,Express,Chennai,Gudur,190.9,74.6,15.3,6.6,0.125,Rain,23,5,159.5
12951,Rajdhani,Vadodara,Ratlam,184.3,70.0,0.8,11.5,0.326,Rain,5,4,189.8
12301,Rajdhani,Gaya,Howrah,189.2,74.4,25.0,0.1,0.358,Clear,9,5,176.0
12259,Duronto,Sealdah,Asansol,161.4,56.9,5.9,12.3,0.336,Clear,0,6,162.6
12301,Rajdhani,Kanpur,Prayagraj,230.8,75.9,5.5,16.2,0.392,Fog,2,0,187.5
12259,Duronto,Dhanbad,Gaya,208.2,80.1,8.5,8.9,0.26,Heavy Rain,4,0,160.4
12723,Express,Hyderabad,Kazipet,142.2,58.9,14.8,31.1,0.284,Clear,1,6,153.2
12723,Express,Warangal,Vijayawada,199.7,69.3,38.6,14.6,0.734,Rain,2,0,229.4
12723,Express,Vijayawada,Gudur,156.8,46.1,12.9,5.9,0.102,Rain,5,5,228.3
12259,Duronto,DDU,New Delhi,239.0,71.2,25.3,27.1,0.382,Clear,9,3,229.5
12951,Rajdhani,Vadodara,Ratlam,209.2,66.7,1.6,13.2,0.305,Clear,5,6,173.7
12627,Express,Gudur,Nellore,55.2,55.1,28.6,8.1,0.104,Clear,2,6,83.6
12627,Express,Chennai,Gudur,132.6,58.0,17.2,11.0,0.606,Clear,23,0,182.8
12627,Express,Gudur,Nellore,62.8,65.0,24.1,30.5,0.263,Rain,2,5,93.7
12951,Rajdhani,Ratlam,Kota,162.8,60.7,12.1,7.9,0.436,Clear,8,2,207.6
12723,Express,Warangal,Vijayawada,194.5,52.6,-3.5,19.7,0.381,Clear,3,5,209.7
12301,Rajdhani,Kanpur,Prayagraj,162.6,66.6,4.2,6.9,0.297,Rain,2,0,176.4
12627,Express,Nellore,Vijayawada,198.6,65.9,27.7,3.1,0.104,Clear,3,5,180.0
12723,Express,Hyderabad,Kazipet,127.5,65.0,18.0,4.1,0.107,Clear,0,5,139.9
12723,Express,Vijayawada,Gudur,189.5,60.8,7.7,13.5,0.234,Fog,6,2,223.6
12860,Express,Wadi,Secunderabad,190.3,63.6,20.8,12.8,0.429,Clear,10,1,177.6
12723,Express,Warangal,Vijayawada,156.0,50.3,15.6,17.6,0.202,Clear,2,3,219.2
12301,Rajdhani,DDU,Gaya,126.3,62.0,29.3,3.0,0.284,Clear,8,4,153.8
12723,Express,Hyderabad,Kazipet,148.9,67.9,10.4,21.9,0.686,Clear,23,4,164.7
12860,Express,Mumbai,Pune,197.7,58.1,2.2,21.2,0.187,Rain,23,4,206.6
12627,Express,Nellore,Vijayawada,141.1,46.8,27.7,5.1,0.18,Rain,4,1,220.4
12301,Rajdhani,Kanpur,Prayagraj,156.6,65.4,34.0,17.7,0.075,Clear,2,1,170.0
12723,Express,Warangal,Vijayawada,247.7,68.8,22.1,12.0,0.269,Rain,2,2,214.4
12951,Rajdhani,Ratlam,Kota,183.3,60.7,13.7,14.2,0.36,Clear,7,0,185.1
12301,Rajdhani,Kanpur,Prayagraj,202.7,74.3,9.3,11.3,0.172,Clear,2,3,165.4
12301,Rajdhani,Kanpur,Prayagraj,143.5,63.3,23.1,15.9,0.036,Clear,2,3,167.8
12627,Express,Chennai,Gudur,111.3,41.3,1.8,0.0,0.351,Heavy Rain,0,2,190.3
12951,Rajdhani,Surat,Vadodara,123.6,62.2,11.2,17.9,0.567,Clear,3,5,139.2
12259,Duronto,DDU,New Delhi,193.6,52.4,4.6,19.5,0.242,Fog,9,1,231.4
12627,Express,Gudur,Nellore,82.0,70.3,16.5,6.5,0.287,Clear,2,4,80.2
12860,Express,Mumbai,Pune,219.4,60.4,12.3,11.3,0.207,Heavy Rain,0,0,225.7
12259,Duronto,Gaya,DDU,173.6,64.9,29.5,16.9,0.149,Clear,5,1,184.2
12860,Express,Kalaburagi,Wadi,86.2,68.2,7.9,13.5,0.025,Clear,8,4,87.5
12860,Express,Kalaburagi,Wadi,81.0,60.1,18.8,8.6,0.141,Fog,9,0,98.9
12860,Express,Kalaburagi,Wadi,71.7,60.1,12.1,8.8,0.617,Clear,8,6,113.5
12627,Express,Warangal,Secunderabad,223.4,70.0,14.8,0.0,0.107,Clear,10,3,181.7
12627,Express,Warangal,Secunderabad,192.0,61.4,9.1,2.0,0.654,Clear,9,3,195.9
12723,Express,Warangal,Vijayawada,246.4,71.3,-5.0,6.9,0.328,Clear,2,4,202.4
12723,Express,Kazipet,Warangal,40.0,73.0,19.2,5.0,0.253,Clear,2,2,61.6
12259,Duronto,Dhanbad,Gaya,157.6,72.9,5.8,18.6,0.184,Fog,3,6,159.4
12723,Express,Warangal,Vijayawada,196.4,55.5,5.9,11.8,0.325,Fog,2,0,226.2
12627,Express,Gudur,Nellore,56.4,51.3,5.2,6.7,0.199,Rain,3,4,91.6
12301,Rajdhani,Prayagraj,DDU,185.3,73.4,19.5,11.0,0.642,Clear,4,3,188.1
12259,Duronto,Sealdah,Asansol,168.8,78.0,-3.5,16.1,0.782,Clear,1,3,165.7
12951,Rajdhani,Kota,New Delhi,267.6,85.6,28.6,16.1,0.415,Rain,10,0,226.1
12860,Express,Kalaburagi,Wadi,78.6,60.2,-5.0,5.0,0.372,Clear,9,3,84.6
12301,Rajdhani,DDU,Gaya,161.6,68.3,24.2,21.0,0.422,Clear,7,5,162.2
12627,Express,Vijayawada,Warangal,163.9,63.9,5.4,10.1,0.058,Clear,6,0,176.9
12259,Duronto,Asansol,Dhanbad,106.1,70.9,5.2,5.0,0.283,Clear,2,5,102.7
12259,Duronto,DDU,New Delhi,217.3,73.3,5.5,3.2,0.251,Rain,8,1,220.2
12860,Express,Mumbai,Pune,195.7,68.9,4.8,15.6,0.351,Fog,0,0,207.8
12627,Express,Warangal,Secunderabad,166.7,61.6,6.9,3.4,0.107,Clear,9,5,188.8
12259,Duronto,Gaya,DDU,221.4,73.4,-5.0,19.0,0.119,Rain,6,0,166.9
12301,Rajdhani,Prayagraj,DDU,223.0,73.4,40.5,21.6,0.297,Heavy Rain,5,2,195.5
12723,Express,Kazipet,Warangal,40.0,53.7,-5.0,9.0,0.467,Clear,2,2,62.6
12301,Rajdhani,Kanpur,Prayagraj,134.3,54.3,26.7,19.7,0.492,Rain,2,2,191.0
12951,Rajdhani,Vadodara,Ratlam,151.7,60.8,1.8,12.1,0.271,Clear,5,0,188.1
12259,Duronto,Asansol,Dhanbad,99.7,57.1,45.5,10.5,0.616,Rain,2,1,142.7
12301,Rajdhani,Kanpur,Prayagraj,220.9,73.6,3.4,7.4,0.2,Heavy Rain,3,3,184.7
12951,Rajdhani,Ratlam,Kota,193.3,59.6,1.7,5.3,0.31,Clear,9,4,197.7
12627,Express,Nellore,Vijayawada,216.9,79.5,18.0,0.0,0.088,Fog,3,6,183.1
12259,Duronto,Asansol,Dhanbad,109.3,74.1,18.8,9.1,0.302,Clear,3,3,110.3
12723,Express,Gudur,Chennai,216.2,60.8,2.5,13.2,0.314,Rain,9,1,214.4
12860,Express,Wadi,Secunderabad,180.7,64.1,-3.7,12.7,0.735,Clear,9,1,177.3
12301,Rajdhani,DDU,Gaya,178.7,69.1,-2.3,12.2,0.329,Clear,8,3,143.1
12723,Express,Vijayawada,Gudur,178.8,62.2,13.9,3.6,0.354,Rain,5,5,216.9
12301,Rajdhani,New Delhi,Kanpur,186.4,69.9,28.1,5.7,0.503,Clear,23,2,174.6
12860,Express,Solapur,Kalaburagi,149.6,57.1,-3.8,21.0,0.49,Rain,5,0,165.4
12951,Rajdhani,Vadodara,Ratlam,200.9,67.9,2.7,0.0,0.229,Clear,5,6,177.6
12627,Express,Chennai,Gudur,162.1,74.5,11.7,8.2,0.292,Clear,0,2,158.1
12301,Rajdhani,Kanpur,Prayagraj,161.8,64.7,-5.0,11.3,0.224,Clear,1,2,164.5
12627,Express,Vijayawada,Warangal,233.6,71.7,32.6,6.9,0.23,Clear,6,0,200.3
12723,Express,Kazipet,Warangal,40.0,55.1,7.8,16.3,0.294,Rain,1,2,55.9
12723,Express,Vijayawada,Gudur,166.3,55.4,6.5,26.0,0.403,Clear,5,4,223.6
12259,Duronto,Asansol,Dhanbad,113.9,73.3,22.0,16.6,0.02,Clear,2,6,110.9
12259,Duronto,Sealdah,Asansol,181.2,78.9,7.0,1.6,0.473,Rain,0,6,164.0
12951,Rajdhani,Surat,Vadodara,122.0,68.8,8.6,11.0,0.501,Clear,3,1,129.0
12860,Express,Kalaburagi,Wadi,90.0,65.4,-5.0,2.8,0.389,Clear,9,2,88.5
12627,Express,Nellore,Vijayawada,156.6,54.9,19.0,9.3,0.156,Rain,2,4,214.6
12860,Express,Mumbai,Pune,174.7,59.1,14.0,21.8,0.483,Clear,0,3,220.2
12301,Rajdhani,New Delhi,Kanpur,157.2,70.7,11.8,5.2,0.147,Heavy Rain,0,5,168.2
12723,Express,Warangal,Vijayawada,220.8,71.9,11.3,0.0,0.18,Heavy Rain,3,2,225.3
12723,Express,Hyderabad,Kazipet,102.9,55.1,2.5,14.8,0.265,Clear,0,0,166.4
12627,Express,Vijayawada,Warangal,220.3,71.9,9.2,18.2,0.034,Clear,6,6,180.5
12259,Duronto,Dhanbad,Gaya,153.3,71.1,24.2,17.9,0.349,Clear,4,4,162.7
12723,Express,Hyderabad,Kazipet,113.3,60.0,23.1,15.0,0.129,Clear,1,5,166.4
12860,Express,Kalaburagi,Wadi,104.4,68.6,7.5,10.8,0.375,Clear,8,1,93.2
12723,Express,Gudur,Chennai,200.2,61.4,9.7,7.3,0.086,Clear,9,6,203.5
12860,Express,Wadi,Secunderabad,207.8,80.0,4.5,12.1,0.391,Clear,10,0,173.2
12951,Rajdhani,Mumbai,Surat,194.4,75.1,10.7,13.0,0.124,Fog,23,6,190.5
12627,Express,Nellore,Vijayawada,179.9,60.5,-5.0,17.1,0.085,Clear,3,5,182.1
12723,Express,Kazipet,Warangal,40.0,60.8,20.8,1.4,0.245,Fog,1,4,65.3
12301,Rajdhani,New Delhi,Kanpur,173.8,64.5,-4.1,17.9,0.292,Clear,23,6,158.3
12627,Express,Chennai,Gudur,165.8,65.7,13.6,7.6,0.062,Clear,0,3,156.8
12259,Duronto,Sealdah,Asansol,113.7,52.4,10.8,9.8,0.283,Clear,23,2,171.8
12723,Express,Kazipet,Warangal,40.0,53.1,18.9,10.7,0.185,Clear,2,3,58.8
12259,Duronto,Dhanbad,Gaya,174.6,80.5,17.7,0.0,0.32,Rain,4,4,163.7
12951,Rajdhani,Kota,New Delhi,213.4,59.9,15.4,16.4,0.425,Clear,11,1,219.7
12301,Rajdhani,New Delhi,Kanpur,168.6,72.3,7.3,9.0,0.207,Clear,0,1,153.9
12951,Rajdhani,Kota,New Delhi,175.0,59.5,3.6,22.8,0.49,Clear,11,6,220.7
12860,Express,Mumbai,Pune,167.9,59.0,17.8,2.0,0.151,Clear,23,4,213.0
12627,Express,Chennai,Gudur,111.9,53.4,23.8,0.0,0.549,Clear,0,0,175.2
12301,Rajdhani,DDU,Gaya,158.2,74.1,16.9,22.3,0.529,Clear,8,5,150.7
12259,Duronto,Sealdah,Asansol,157.9,66.0,6.0,0.0,0.18,Heavy Rain,23,4,171.1
12259,Duronto,DDU,New Delhi,237.5,70.7,-5.0,23.5,0.319,Clear,10,6,224.8
12951,Rajdhani,Vadodara,Ratlam,216.9,71.5,-5.0,11.7,0.229,Heavy Rain,5,0,186.9
12951,Rajdhani,Vadodara,Ratlam,175.3,71.2,6.2,1.5,0.289,Clear,5,3,182.4
12301,Rajdhani,Gaya,Howrah,176.5,63.6,12.0,10.8,0.512,Clear,10,0,181.6
12627,Express,Gudur,Nellore,67.9,57.5,-5.0,4.6,0.347,Clear,2,6,76.4
12723,Express,Warangal,Vijayawada,174.1,51.2,3.0,17.0,0.535,Rain,2,4,236.0
12259,Duronto,DDU,New Delhi,285.8,79.7,23.4,6.7,0.113,Clear,10,4,218.1
12723,Express,Kazipet,Warangal,40.0,54.3,-5.0,8.2,0.217,Clear,1,4,46.9
12723,Express,Kazipet,Warangal,40.0,61.0,11.6,19.5,0.121,Fog,2,2,67.4
12723,Express,Gudur,Chennai,168.6,59.5,20.4,10.6,0.519,Clear,8,4,228.8
12951,Rajdhani,Surat,Vadodara,103.1,52.7,14.3,24.6,0.578,Clear,2,1,150.8
12723,Express,Hyderabad,Kazipet,123.4,56.0,3.3,30.0,0.387,Rain,0,6,161.7
12860,Express,Solapur,Kalaburagi,123.6,55.1,20.2,8.0,0.05,Clear,6,5,162.7
12723,Express,Hyderabad,Kazipet,105.0,53.8,40.0,18.2,0.462,Fog,23,6,177.9
12860,Express,Wadi,Secunderabad,153.2,59.9,7.0,0.0,0.256,Rain,9,0,172.0
12301,Rajdhani,Prayagraj,DDU,170.5,73.3,-0.8,22.2,0.143,Clear,5,3,166.5
12301,Rajdhani,DDU,Gaya,224.9,88.2,-2.2,7.0,0.317,Rain,8,4,153.9
12259,Duronto,Sealdah,Asansol,201.6,73.2,19.1,15.0,0.671,Rain,0,6,178.9
12723,Express,Warangal,Vijayawada,198.2,60.4,11.4,27.0,0.242,Fog,3,0,219.0
12627,Express,Vijayawada,Warangal,184.3,57.7,17.4,0.0,0.571,Heavy Rain,6,4,224.4
12723,Express,Warangal,Vijayawada,213.3,72.4,-5.0,0.0,0.529,Clear,2,4,213.0
12627,Express,Chennai,Gudur,145.0,58.9,21.7,8.9,0.062,Heavy Rain,0,5,180.5
12860,Express,Mumbai,Pune,186.6,65.4,17.6,2.6,0.56,Clear,23,3,208.6
12951,Rajdhani,Vadodara,Ratlam,176.9,73.2,6.5,16.5,0.239,Clear,3,1,174.2
12627,Express,Vijayawada,Warangal,149.7,58.5,15.7,16.5,0.399,Clear,5,1,201.0
12723,Express,Vijayawada,Gudur,243.9,69.2,16.9,6.1,0.548,Fog,5,3,212.8
12259,Duronto,Dhanbad,Gaya,138.3,61.7,30.7,8.8,0.199,Clear,3,4,164.9
12951,Rajdhani,Ratlam,Kota,204.8,78.5,9.1,14.0,0.126,Heavy Rain,8,6,210.3
12301,Rajdhani,Prayagraj,DDU,170.8,74.9,21.8,12.0,0.132,Heavy Rain,5,6,197.3
12723,Express,Vijayawada,Gudur,173.3,51.1,8.8,2.3,0.178,Fog,7,0,221.8
12627,Express,Chennai,Gudur,127.8,46.7,-2.5,0.0,0.515,Clear,23,4,170.6
12627,Express,Vijayawada,Warangal,262.6,79.0,34.0,8.9,0.093,Heavy Rain,7,0,201.1
12723,Express,Warangal,Vijayawada,211.0,70.2,-5.0,8.0,0.049,Heavy Rain,2,0,213.2
12627,Express,Warangal,Secunderabad,224.5,71.2,17.6,4.5,0.3,Clear,9,5,190.9
12860,Express,Kalaburagi,Wadi,106.3,71.1,18.2,13.9,0.197,Clear,8,0,98.1
12723,Express,Vijayawada,Gudur,239.3,64.1,9.5,7.3,0.225,Clear,6,5,206.8
12860,Express,Pune,Solapur,189.4,61.2,35.1,22.8,0.12,Clear,2,4,203.3
12627,Express,Gudur,Nellore,73.8,67.4,21.1,6.9,0.206,Heavy Rain,2,3,82.8
12860,Express,Kalaburagi,Wadi,72.3,56.4,5.0,1.7,0.427,Clear,8,2,109.3
12259,Duronto,Asansol,Dhanbad,119.5,70.5,35.0,11.5,0.494,Fog,2,3,129.2
12723,Express,Gudur,Chennai,243.8,69.1,15.5,8.5,0.471,Clear,9,5,219.4
12723,Express,Hyderabad,Kazipet,152.4,63.1,17.3,11.3,0.008,Clear,23,0,132.6
12627,Express,Gudur,Nellore,63.2,67.4,20.3,0.0,0.15,Clear,2,3,67.6
12259,Duronto,Asansol,Dhanbad,108.0,63.6,-5.0,21.4,0.237,Rain,2,2,120.0
12627,Express,Vijayawada,Warangal,214.4,71.4,17.0,0.0,0.119,Clear,6,3,187.7
12951,Rajdhani,Vadodara,Ratlam,156.3,50.0,2.0,5.5,0.229,Clear,5,5,185.0
12723,Express,Hyderabad,Kazipet,126.6,60.5,16.4,17.8,0.352,Rain,23,6,144.1
12951,Rajdhani,Kota,New Delhi,226.1,79.2,28.7,16.6,0.142,Clear,9,4,213.1
12723,Express,Hyderabad,Kazipet,148.6,62.8,21.4,8.6,0.083,Clear,23,3,137.6
12723,Express,Warangal,Vijayawada,183.0,63.2,26.2,26.1,0.273,Clear,2,2,212.6
12723,Express,Gudur,Chennai,245.0,66.3,12.1,15.5,0.324,Heavy Rain,9,3,218.4
12860,Express,Solapur,Kalaburagi,155.5,56.9,17.8,12.9,0.398,Clear,6,1,174.6
12723,Express,Gudur,Chennai,211.2,64.0,-5.0,6.2,0.377,Clear,9,2,209.6
12860,Express,Pune,Solapur,202.7,60.9,13.1,11.5,0.14,Clear,3,3,196.5
12301,Rajdhani,Gaya,Howrah,174.8,64.5,3.9,12.9,0.308,Rain,10,2,183.0
12723,Express,Gudur,Chennai,152.6,53.4,19.0,0.0,0.123,Fog,9,0,232.8
12951,Rajdhani,Surat,Vadodara,141.7,82.9,0.7,0.0,0.458,Clear,3,2,123.5
12301,Rajdhani,Prayagraj,DDU,228.4,77.6,9.0,9.0,0.326,Rain,5,2,181.9
12259,Duronto,Dhanbad,Gaya,231.2,83.6,12.7,0.0,0.039,Heavy Rain,4,4,154.9
12860,Express,Mumbai,Pune,147.8,51.1,-5.0,26.8,0.102,Heavy Rain,23,0,219.8
12951,Rajdhani,Mumbai,Surat,271.6,79.1,0.9,0.0,0.312,Clear,23,3,185.8
12723,Express,Hyderabad,Kazipet,111.9,55.6,25.4,0.0,0.335,Rain,23,3,152.1
12627,Express,Nellore,Vijayawada,228.2,66.9,33.3,9.4,0.659,Clear,3,0,202.6
12723,Express,Hyderabad,Kazipet,142.6,72.4,24.4,17.7,0.13,Heavy Rain,0,4,173.2
12951,Rajdhani,Vadodara,Ratlam,191.1,66.6,4.5,3.9,0.286,Clear,4,6,177.8
12951,Rajdhani,Surat,Vadodara,135.4,66.2,24.3,19.9,0.459,Clear,3,5,143.0
12259,Duronto,Asansol,Dhanbad,119.9,71.2,-0.7,9.9,0.261,Clear,2,6,115.2
12723,Express,Kazipet,Warangal,40.0,45.9,5.5,5.7,0.32,Rain,2,1,67.2
12301,Rajdhani,Gaya,Howrah,189.7,75.1,-1.1,9.9,0.47,Clear,9,2,180.7
12301,Rajdhani,DDU,Gaya,115.1,58.8,30.0,8.3,0.314,Rain,7,5,164.5
12860,Express,Mumbai,Pune,210.9,73.2,13.5,12.2,0.287,Clear,23,2,217.5
12301,Rajdhani,Gaya,Howrah,171.2,66.1,37.2,12.4,0.438,Clear,9,6,193.8
12627,Express,Nellore,Vijayawada,216.7,68.0,39.9,8.0,0.242,Clear,3,4,210.0
12860,Express,Kalaburagi,Wadi,110.5,75.4,-5.0,4.6,0.415,Clear,8,4,87.5
12301,Rajdhani,Kanpur,Prayagraj,197.6,79.9,36.8,11.5,0.565,Clear,2,5,185.5
12723,Express,Vijayawada,Gudur,246.2,70.0,12.1,3.6,0.391,Clear,5,4,213.5
12627,Express,Warangal,Secunderabad,131.0,46.3,30.1,13.9,0.436,Clear,9,2,227.8
12301,Rajdhani,Prayagraj,DDU,196.6,74.8,2.8,13.9,0.302,Clear,5,4,165.3
12951,Rajdhani,Kota,New Delhi,237.9,69.4,4.4,7.7,0.141,Clear,10,2,202.7
12951,Rajdhani,Surat,Vadodara,150.2,79.3,-5.0,16.5,0.243,Clear,3,3,123.7
12951,Rajdhani,Surat,Vadodara,139.6,72.1,15.6,14.0,0.14,Rain,3,1,145.6
12860,Express,Solapur,Kalaburagi,147.4,53.0,28.7,16.8,0.17,Clear,6,5,168.3
12627,Express,Warangal,Secunderabad,193.4,60.7,-5.0,16.9,0.245,Rain,9,3,189.1
12301,Rajdhani,Prayagraj,DDU,145.1,62.0,27.8,13.5,0.317,Fog,4,3,191.0
12860,Express,Mumbai,Pune,208.5,60.9,-3.5,3.8,0.487,Clear,0,2,211.9
12723,Express,Hyderabad,Kazipet,116.3,61.2,26.3,16.2,0.126,Fog,0,6,146.5
12860,Express,Mumbai,Pune,189.4,61.1,-4.9,10.2,0.201,Clear,23,2,203.8
12723,Express,Kazipet,Warangal,42.9,64.7,13.4,2.0,0.478,Clear,2,3,37.6
12259,Duronto,DDU,New Delhi,225.6,68.2,28.8,16.3,0.079,Clear,10,6,219.5
12723,Express,Warangal,Vijayawada,226.4,64.3,19.4,0.0,0.424,Rain,2,0,200.9
12259,Duronto,DDU,New Delhi,253.3,67.8,24.6,0.0,0.397,Clear,9,6,217.7
12860,Express,Mumbai,Pune,192.9,57.6,1.9,11.3,0.28,Clear,23,4,206.1
12627,Express,Nellore,Vijayawada,205.6,63.5,24.7,2.9,0.148,Clear,3,2,194.1
12301,Rajdhani,New Delhi,Kanpur,208.0,73.5,5.4,16.2,0.413,Clear,0,5,168.3
12259,Duronto,Asansol,Dhanbad,95.9,58.2,16.3,13.3,0.279,Clear,1,2,110.6
12860,Express,Kalaburagi,Wadi,106.1,75.7,5.4,7.2,0.052,Clear,8,4,84.1
12301,Rajdhani,New Delhi,Kanpur,178.1,69.3,8.9,21.8,0.132,Clear,23,6,168.5
12301,Rajdhani,Kanpur,Prayagraj,219.3,82.7,19.1,0.0,0.621,Clear,2,2,175.4
12627,Express,Chennai,Gudur,115.2,54.1,15.7,0.0,0.089,Heavy Rain,0,5,169.8
12259,Duronto,Gaya,DDU,206.0,68.0,6.1,10.2,0.293,Clear,6,6,169.8
12723,Express,Hyderabad,Kazipet,127.0,59.4,8.1,0.0,0.19,Clear,23,5,138.0
12301,Rajdhani,Gaya,Howrah,210.8,74.4,5.9,0.2,0.221,Rain,9,2,171.3
12860,Express,Solapur,Kalaburagi,160.6,61.2,23.0,22.0,0.312,Rain,6,3,183.2
12627,Express,Gudur,Nellore,54.7,58.6,30.0,0.0,0.069,Heavy Rain,2,1,85.0
12627,Express,Warangal,Secunderabad,152.2,55.4,20.2,24.3,0.673,Heavy Rain,10,0,222.6
12259,Duronto,Gaya,DDU,181.0,77.2,32.4,6.9,0.255,Clear,6,0,186.8
12860,Express,Wadi,Secunderabad,168.2,60.1,1.6,14.1,0.596,Clear,10,5,171.8
12723,Express,Hyderabad,Kazipet,141.0,63.2,9.3,2.2,0.352,Clear,0,4,153.1
12860,Express,Pune,Solapur,171.0,58.2,30.2,10.6,0.371,Clear,2,0,202.6
12259,Duronto,Gaya,DDU,217.4,76.4,5.7,12.4,0.218,Clear,6,4,176.5
12301,Rajdhani,DDU,Gaya,195.4,88.2,15.6,29.0,0.054,Clear,7,1,144.3
12723,Express,Warangal,Vijayawada,178.7,59.7,16.0,11.6,0.276,Clear,2,2,212.2
12723,Express,Kazipet,Warangal,40.0,67.2,14.7,15.5,0.31,Fog,2,6,50.8
12723,Express,Warangal,Vijayawada,179.3,62.9,13.7,0.0,0.297,Clear,1,1,205.6
12860,Express,Wadi,Secunderabad,194.1,69.2,10.6,14.3,0.191,Clear,9,3,180.9
12860,Express,Wadi,Secunderabad,158.6,64.4,15.1,0.1,0.078,Rain,10,4,175.4
12259,Duronto,Gaya,DDU,179.2,74.7,18.4,13.3,0.402,Rain,6,6,204.0
12860,Express,Mumbai,Pune,218.5,65.1,17.1,19.5,0.226,Rain,23,6,211.5
12860,Express,Wadi,Secunderabad,174.3,60.4,-5.0,7.3,0.376,Rain,10,6,176.1
12723,Express,Vijayawada,Gudur,179.4,57.9,-4.4,8.5,0.174,Fog,6,4,204.6
12723,Express,Vijayawada,Gudur,207.1,62.3,33.4,0.0,0.393,Heavy Rain,7,3,225.4
12860,Express,Solapur,Kalaburagi,164.2,69.5,1.4,10.0,0.244,Heavy Rain,5,3,168.3
12951,Rajdhani,Surat,Vadodara,99.4,52.0,11.4,12.1,0.318,Clear,2,4,128.4
12723,Express,Kazipet,Warangal,40.0,42.2,8.2,0.1,0.144,Clear,2,1,63.8
12627,Express,Vijayawada,Warangal,115.6,43.2,19.2,19.2,0.294,Clear,7,1,224.6
12627,Express,Gudur,Nellore,53.7,50.2,2.7,0.0,0.161,Rain,3,1,73.7
12627,Express,Vijayawada,Warangal,164.6,49.9,-5.0,8.5,0.106,Fog,6,1,208.5
12259,Duronto,Asansol,Dhanbad,91.5,67.4,-0.3,21.1,0.569,Rain,2,6,113.9
12301,Rajdhani,DDU,Gaya,189.6,76.6,14.3,14.8,0.319,Heavy Rain,8,2,159.5
12259,Duronto,Sealdah,Asansol,194.2,72.6,-5.0,4.6,0.093,Clear,23,2,152.4
12951,Rajdhani,Kota,New Delhi,250.1,71.7,24.8,32.9,0.058,Clear,10,5,223.8
12301,Rajdhani,New Delhi,Kanpur,177.8,72.1,16.1,14.1,0.201,Clear,0,1,167.9
12627,Express,Nellore,Vijayawada,161.0,54.1,15.2,3.5,0.213,Fog,2,6,206.3
12627,Express,Nellore,Vijayawada,176.2,53.1,11.8,11.1,0.415,Clear,3,3,204.1
12860,Express,Mumbai,Pune,188.3,55.7,-5.0,13.1,0.11,Clear,23,3,206.7
12627,Express,Vijayawada,Warangal,187.9,62.0,-3.5,9.0,0.256,Clear,5,0,188.8
12723,Express,Vijayawada,Gudur,169.8,57.3,-5.0,9.1,0.082,Clear,5,2,209.7
12860,Express,Wadi,Secunderabad,194.9,72.2,34.0,0.0,0.445,Clear,9,0,179.1
12301,Rajdhani,DDU,Gaya,132.2,64.7,-0.7,0.0,0.514,Clear,7,6,148.4
12301,Rajdhani,Gaya,Howrah,172.0,63.8,35.6,1.4,0.037,Rain,9,1,189.3
12301,Rajdhani,Prayagraj,DDU,212.8,75.0,13.3,2.2,0.528,Clear,5,4,172.6
12860,Express,Wadi,Secunderabad,150.4,58.3,-4.2,16.2,0.141,Clear,10,3,177.0
12951,Rajdhani,Surat,Vadodara,125.2,67.8,14.8,14.0,0.457,Clear,2,6,131.8
12627,Express,Warangal,Secunderabad,169.3,66.1,26.9,7.5,0.191,Clear,10,2,201.3
12259,Duronto,Dhanbad,Gaya,155.2,71.4,13.2,13.9,0.108,Heavy Rain,4,1,165.4
12259,Duronto,Dhanbad,Gaya,155.4,69.1,16.5,11.8,0.423,Rain,3,0,164.3
12301,Rajdhani,New Delhi,Kanpur,193.7,74.0,18.6,12.7,0.548,Clear,23,0,178.3
12259,Duronto,Asansol,Dhanbad,93.6,65.3,19.5,23.4,0.464,Fog,1,2,126.5
12259,Duronto,Sealdah,Asansol,180.0,69.8,-5.0,15.1,0.346,Clear,23,0,155.1
12951,Rajdhani,Ratlam,Kota,208.7,60.6,6.7,15.7,0.134,Clear,7,2,194.6
12860,Express,Solapur,Kalaburagi,200.1,77.3,30.2,0.0,0.726,Clear,6,4,177.3
12951,Rajdhani,Ratlam,Kota,180.4,70.0,28.0,19.1,0.531,Fog,7,1,212.0
12627,Express,Vijayawada,Warangal,229.9,67.9,19.4,24.8,0.092,Rain,6,2,197.1
12301,Rajdhani,Prayagraj,DDU,222.0,74.1,10.3,17.4,0.448,Clear,5,1,175.8
12301,Rajdhani,Kanpur,Prayagraj,218.0,75.7,1.9,22.4,0.181,Clear,2,5,178.4
12627,Express,Nellore,Vijayawada,165.1,56.2,15.7,13.4,0.14,Rain,3,0,211.6
12723,Express,Vijayawada,Gudur,185.5,56.5,26.2,4.4,0.201,Clear,5,1,225.7
12259,Duronto,Sealdah,Asansol,170.5,74.4,13.9,6.1,0.059,Rain,23,6,163.0
12951,Rajdhani,Kota,New Delhi,201.8,61.3,0.4,7.4,0.234,Rain,10,3,216.4
12860,Express,Mumbai,Pune,210.1,70.0,8.7,24.0,0.348,Fog,0,4,216.6
12259,Duronto,Asansol,Dhanbad,124.1,70.9,24.9,9.3,0.271,Clear,3,2,119.3
12259,Duronto,Gaya,DDU,217.4,72.1,27.8,10.6,0.215,Clear,5,0,175.9
12301,Rajdhani,Gaya,Howrah,180.2,68.7,8.7,22.6,0.222,Clear,9,4,190.9
12723,Express,Warangal,Vijayawada,253.7,77.9,19.7,5.7,0.079,Fog,2,6,212.9
12259,Duronto,Sealdah,Asansol,130.1,55.0,22.6,8.4,0.345,Clear,0,5,186.0
12951,Rajdhani,Surat,Vadodara,106.2,52.7,30.0,1.6,0.614,Rain,2,6,159.2
12627,Express,Warangal,Secunderabad,174.2,55.6,17.5,0.0,0.192,Clear,9,2,196.7
12259,Duronto,Dhanbad,Gaya,168.0,76.7,17.7,13.9,0.263,Fog,4,2,174.4
12860,Express,Pune,Solapur,194.3,70.2,15.6,21.2,0.582,Rain,3,1,211.7
12259,Duronto,DDU,New Delhi,208.3,69.5,4.2,11.1,0.085,Clear,9,5,219.2
12951,Rajdhani,Ratlam,Kota,202.1,75.2,24.5,14.2,0.243,Clear,7,5,208.5
12259,Duronto,Asansol,Dhanbad,117.5,73.2,-4.6,18.5,0.251,Rain,2,0,105.2
12301,Rajdhani,Prayagraj,DDU,179.1,75.3,23.5,12.2,0.329,Rain,5,3,178.5
12723,Express,Kazipet,Warangal,40.0,61.2,13.6,20.4,0.249,Heavy Rain,2,4,66.0
12259,Duronto,DDU,New Delhi,206.8,61.7,5.4,5.5,0.411,Rain,8,1,229.8
12301,Rajdhani,Kanpur,Prayagraj,181.9,73.7,27.5,6.6,0.182,Clear,2,5,173.3
12301,Rajdhani,DDU,Gaya,168.9,82.3,3.9,12.4,0.327,Fog,7,4,156.3
12951,Rajdhani,Mumbai,Surat,272.3,85.3,15.8,21.9,0.188,Clear,1,2,203.0
12627,Express,Vijayawada,Warangal,188.6,58.4,3.0,8.7,0.601,Rain,6,0,202.3
12723,Express,Vijayawada,Gudur,168.5,53.4,12.0,25.6,0.502,Clear,5,0,231.2
12259,Duronto,Gaya,DDU,194.5,74.6,13.1,15.9,0.124,Clear,6,5,181.2
12259,Duronto,DDU,New Delhi,224.5,62.6,6.1,16.5,0.239,Clear,8,4,218.2
12723,Express,Vijayawada,Gudur,196.2,57.1,5.8,30.5,0.194,Clear,6,6,213.5
12627,Express,Nellore,Vijayawada,254.4,74.5,4.0,12.9,0.205,Clear,3,0,189.1
12301,Rajdhani,Prayagraj,DDU,259.7,86.3,10.6,13.8,0.285,Heavy Rain,4,0,179.8
12951,Rajdhani,Kota,New Delhi,204.6,62.9,44.1,6.1,0.046,Clear,9,1,211.3
12259,Duronto,Gaya,DDU,191.2,62.8,9.3,12.5,0.093,Clear,6,1,177.1
12723,Express,Vijayawada,Gudur,164.0,51.2,12.0,0.0,0.03,Fog,5,6,232.3
12627,Express,Vijayawada,Warangal,203.0,67.6,14.8,8.1,0.41,Rain,6,3,198.7
12259,Duronto,DDU,New Delhi,205.3,66.0,-5.0,1.5,0.178,Clear,9,5,203.7
12951,Rajdhani,Mumbai,Surat,225.2,69.5,30.8,13.5,0.233,Clear,22,5,202.8
12723,Express,Vijayawada,Gudur,229.0,68.3,-1.5,16.4,0.197,Clear,6,0,204.0
12259,Duronto,Asansol,Dhanbad,125.1,82.7,9.0,9.5,0.047,Heavy Rain,2,1,112.1
12723,Express,Gudur,Chennai,269.4,73.6,1.4,12.9,0.158,Rain,9,0,208.3
12951,Rajdhani,Ratlam,Kota,252.6,74.0,7.4,13.5,0.189,Clear,8,6,193.2
12951,Rajdhani,Ratlam,Kota,184.8,61.4,48.4,12.4,0.177,Heavy Rain,8,2,225.2
12259,Duronto,Asansol,Dhanbad,115.9,66.2,-0.2,8.9,0.716,Clear,2,3,111.5
12723,Express,Hyderabad,Kazipet,138.0,56.0,6.0,2.7,0.378,Clear,23,3,137.7
12627,Express,Nellore,Vijayawada,174.7,50.7,16.4,4.7,0.218,Clear,4,3,204.5
12723,Express,Gudur,Chennai,161.5,47.6,11.3,11.3,0.151,Clear,9,1,220.2
12301,Rajdhani,Prayagraj,DDU,228.5,80.6,4.0,22.6,0.099,Rain,4,0,169.8
12951,Rajdhani,Kota,New Delhi,224.4,59.2,25.9,20.7,0.18,Fog,11,0,227.8
12723,Express,Kazipet,Warangal,40.0,73.1,20.6,11.1,0.675,Clear,2,3,53.1
12860,Express,Mumbai,Pune,190.5,59.1,2.8,1.6,0.172,Rain,0,0,196.8
12259,Duronto,Dhanbad,Gaya,186.5,73.8,27.4,15.1,0.037,Rain,3,0,165.8
12860,Express,Wadi,Secunderabad,135.9,54.0,10.4,0.0,0.223,Clear,9,0,177.7
12723,Express,Gudur,Chennai,164.3,58.2,22.9,18.0,0.392,Rain,9,5,228.5
12860,Express,Pune,Solapur,222.6,80.1,16.5,10.7,0.297,Clear,3,2,197.1
12723,Express,Vijayawada,Gudur,219.2,67.4,9.0,6.9,0.123,Rain,6,6,200.9
12860,Express,Wadi,Secunderabad,134.5,55.8,4.0,14.6,0.286,Clear,10,4,180.0
12723,Express,Warangal,Vijayawada,240.5,67.6,10.4,24.9,0.131,Clear,2,2,212.5
12627,Express,Chennai,Gudur,141.6,62.8,1.2,13.2,0.436,Clear,23,1,158.7
12723,Express,Gudur,Chennai,186.3,63.2,19.1,19.2,0.203,Rain,8,0,210.1
12860,Express,Wadi,Secunderabad,173.3,71.2,14.8,8.0,0.637,Clear,9,6,188.6
12627,Express,Chennai,Gudur,148.5,64.0,13.0,1.7,0.362,Heavy Rain,0,6,171.8
12259,Duronto,Gaya,DDU,158.5,58.8,13.2,10.5,0.308,Clear,6,4,184.2
12259,Duronto,Dhanbad,Gaya,166.5,65.3,15.5,0.0,0.22,Clear,4,3,151.2
12951,Rajdhani,Surat,Vadodara,104.9,48.4,21.6,11.2,0.405,Fog,3,3,164.1
12259,Duronto,Dhanbad,Gaya,156.0,67.0,25.0,10.0,0.34,Fog,2,2,162.1
12723,Express,Kazipet,Warangal,40.0,69.0,20.8,12.1,0.416,Clear,2,5,55.1
12723,Express,Vijayawada,Gudur,225.7,64.4,-5.0,0.9,0.46,Clear,5,6,204.7
12951,Rajdhani,Ratlam,Kota,217.9,68.3,20.6,14.0,0.413,Clear,8,3,200.6
12259,Duronto,Sealdah,Asansol,132.1,61.6,-5.0,3.7,0.171,Clear,23,3,160.6
12723,Express,Hyderabad,Kazipet,125.5,54.0,29.6,10.6,0.364,Clear,0,1,169.9
12860,Express,Wadi,Secunderabad,164.6,66.2,4.8,0.0,0.427,Clear,9,3,159.6
12301,Rajdhani,Prayagraj,DDU,161.1,57.8,18.0,12.1,0.185,Rain,5,3,188.4
12301,Rajdhani,New Delhi,Kanpur,151.9,59.5,12.6,12.3,0.202,Clear,0,1,171.8
12951,Rajdhani,Vadodara,Ratlam,169.7,65.9,27.3,0.0,0.351,Fog,5,1,198.9
12627,Express,Nellore,Vijayawada,177.8,63.7,43.9,0.0,0.364,Heavy Rain,3,1,214.2
12627,Express,Vijayawada,Warangal,176.9,59.2,-5.0,8.1,0.256,Rain,6,4,192.9
12301,Rajdhani,Kanpur,Prayagraj,208.4,72.6,18.4,21.1,0.147,Clear,2,6,162.7
12259,Duronto,Asansol,Dhanbad,101.5,63.8,12.8,4.6,0.178,Rain,1,4,101.8
12951,Rajdhani,Kota,New Delhi,206.0,72.6,23.5,14.6,0.541,Clear,11,3,220.0
12259,Duronto,Gaya,DDU,179.0,66.8,-5.0,9.9,0.144,Clear,6,0,171.9
12860,Express,Solapur,Kalaburagi,113.7,50.8,20.4,6.0,0.425,Rain,5,0,182.1
12723,Express,Kazipet,Warangal,44.7,73.5,30.3,10.0,0.175,Heavy Rain,1,5,54.9
12723,Express,Kazipet,Warangal,40.0,45.2,26.1,12.5,0.062,Clear,2,2,61.3
12259,Duronto,Dhanbad,Gaya,171.6,67.7,-3.4,14.0,0.068,Clear,4,4,162.6
12627,Express,Nellore,Vijayawada,183.9,59.2,2.8,5.5,0.13,Clear,4,1,187.5
12301,Rajdhani,Kanpur,Prayagraj,174.0,66.1,10.4,11.3,0.28,Rain,3,5,172.7
12723,Express,Kazipet,Warangal,41.5,63.9,22.9,22.3,0.512,Clear,2,6,56.0
12627,Express,Chennai,Gudur,138.1,63.4,19.6,0.0,0.141,Rain,0,3,169.1
12951,Rajdhani,Vadodara,Ratlam,202.7,62.8,25.0,13.3,0.129,Rain,4,0,181.6
12951,Rajdhani,Ratlam,Kota,243.7,74.4,3.6,18.7,0.519,Clear,8,6,200.6
12723,Express,Hyderabad,Kazipet,97.0,49.7,-5.0,22.8,0.586,Clear,0,2,154.8
12627,Express,Gudur,Nellore,61.4,66.5,-2.6,7.3,0.459,Heavy Rain,2,4,83.6
12951,Rajdhani,Ratlam,Kota,185.6,57.0,21.2,23.5,0.409,Clear,7,1,211.9
12951,Rajdhani,Vadodara,Ratlam,221.7,73.8,0.3,15.7,0.136,Rain,5,0,189.1
12301,Rajdhani,Gaya,Howrah,207.9,79.2,12.6,17.7,0.239,Clear,10,5,193.4
12301,Rajdhani,Prayagraj,DDU,237.0,80.7,4.8,23.4,0.273,Rain,5,0,177.9
12301,Rajdhani,Kanpur,Prayagraj,136.7,53.4,14.0,13.7,0.261,Clear,2,4,175.2
12301,Rajdhani,New Delhi,Kanpur,214.6,76.0,18.2,12.9,0.355,Rain,23,6,172.6
12723,Express,Gudur,Chennai,124.0,38.0,11.0,18.5,0.162,Fog,10,6,226.1
12259,Duronto,DDU,New Delhi,264.2,71.3,14.4,15.0,0.283,Rain,8,6,219.2
12951,Rajdhani,Mumbai,Surat,217.3,63.8,2.6,16.4,0.414,Clear,0,4,183.8
12259,Duronto,DDU,New Delhi,220.5,75.5,25.8,2.1,0.1,Heavy Rain,9,0,227.5
12301,Rajdhani,Kanpur,Prayagraj,186.9,73.0,36.7,21.2,0.328,Fog,2,2,189.9
12951,Rajdhani,Kota,New Delhi,244.7,68.8,17.9,15.5,0.228,Clear,11,6,214.1
12259,Duronto,DDU,New Delhi,264.4,69.0,3.4,2.0,0.214,Fog,8,5,218.1
12627,Express,Nellore,Vijayawada,174.8,65.3,43.6,8.9,0.319,Fog,3,4,221.0
12723,Express,Kazipet,Warangal,40.0,64.2,-5.0,21.4,0.09,Clear,2,0,40.5
12723,Express,Kazipet,Warangal,40.0,71.8,10.5,6.5,0.089,Rain,1,6,51.0
12259,Duronto,DDU,New Delhi,224.3,62.7,19.6,6.3,0.416,Clear,9,3,222.4
12860,Express,Solapur,Kalaburagi,158.1,73.2,-5.0,16.8,0.389,Rain,6,0,167.9
12860,Express,Solapur,Kalaburagi,155.5,54.8,16.6,8.7,0.221,Clear,6,5,164.0
12723,Express,Kazipet,Warangal,44.4,68.2,16.8,15.5,0.326,Clear,2,6,46.5
12860,Express,Solapur,Kalaburagi,175.5,72.0,-3.4,9.1,0.199,Clear,6,0,157.1
12259,Duronto,Asansol,Dhanbad,90.0,64.7,26.5,9.7,0.243,Fog,2,0,119.3
12951,Rajdhani,Kota,New Delhi,212.5,60.9,48.5,20.8,0.185,Clear,11,1,233.6
12951,Rajdhani,Vadodara,Ratlam,177.0,61.6,4.7,22.2,0.177,Heavy Rain,4,4,195.4
12951,Rajdhani,Kota,New Delhi,228.9,71.5,-3.5,27.0,0.177,Clear,11,4,206.7
12259,Duronto,DDU,New Delhi,217.4,55.9,21.1,1.0,0.113,Heavy Rain,8,0,232.3
12723,Express,Vijayawada,Gudur,192.5,56.5,10.3,0.0,0.119,Fog,6,0,222.0
12301,Rajdhani,New Delhi,Kanpur,228.8,82.9,2.0,7.0,0.24,Clear,23,1,156.9
12259,Duronto,Gaya,DDU,199.1,82.7,-5.0,1.0,0.025,Clear,6,1,166.2
12259,Duronto,DDU,New Delhi,321.0,82.3,7.4,6.2,0.28,Clear,8,3,217.9
12860,Express,Mumbai,Pune,161.3,52.0,9.4,0.0,0.122,Heavy Rain,23,0,225.6
12951,Rajdhani,Mumbai,Surat,183.7,56.1,6.6,20.1,0.476,Clear,0,5,200.7
12301,Rajdhani,Kanpur,Prayagraj,156.5,59.5,4.1,28.4,0.247,Clear,3,6,175.6
12259,Duronto,Gaya,DDU,216.7,85.7,41.0,4.3,0.26,Clear,6,3,184.1
12259,Duronto,Asansol,Dhanbad,119.1,71.1,-5.0,3.2,0.562,Rain,2,3,111.9
12259,Duronto,DDU,New Delhi,254.0,68.5,11.4,12.4,0.467,Clear,10,2,211.3
12301,Rajdhani,DDU,Gaya,134.3,69.5,12.3,13.4,0.308,Clear,7,1,155.5
12723,Express,Hyderabad,Kazipet,154.1,67.4,15.2,8.8,0.253,Heavy Rain,0,1,147.7
12951,Rajdhani,Kota,New Delhi,271.4,82.1,10.0,1.8,0.146,Clear,10,3,204.7
12259,Duronto,Gaya,DDU,188.3,67.0,25.0,7.5,0.483,Clear,6,2,189.1
12723,Express,Hyderabad,Kazipet,115.3,56.1,3.8,2.8,0.298,Rain,0,3,150.7
12627,Express,Nellore,Vijayawada,194.0,58.2,23.1,5.5,0.423,Clear,3,6,203.6
12951,Rajdhani,Mumbai,Surat,200.8,66.2,20.8,17.0,0.446,Clear,23,1,185.4
12860,Express,Mumbai,Pune,185.9,63.7,7.2,0.0,0.143,Clear,0,6,187.7
12723,Express,Warangal,Vijayawada,191.5,68.6,13.2,17.7,0.129,Rain,3,2,212.5
12301,Rajdhani,Prayagraj,DDU,168.3,60.4,5.0,11.3,0.188,Clear,5,1,173.9
12301,Rajdhani,Gaya,Howrah,187.0,68.6,19.4,15.7,0.014,Clear,9,2,180.6
12723,Express,Gudur,Chennai,254.3,69.7,9.9,8.9,0.445,Clear,8,3,214.8
12627,Express,Gudur,Nellore,51.1,53.9,16.1,18.6,0.417,Clear,3,1,88.7
12723,Express,Vijayawada,Gudur,196.1,56.6,5.5,0.0,0.125,Clear,6,0,207.4
12951,Rajdhani,Vadodara,Ratlam,204.1,67.0,31.1,17.3,0.154,Rain,5,6,189.6
12301,Rajdhani,Kanpur,Prayagraj,137.5,56.2,16.3,5.7,0.295,Fog,2,6,193.0
12860,Express,Pune,Solapur,177.2,53.0,1.0,20.2,0.216,Fog,2,1,209.9
12723,Express,Kazipet,Warangal,40.0,52.6,9.9,15.2,0.108,Clear,3,5,51.6
12723,Express,Vijayawada,Gudur,193.4,61.4,14.9,9.6,0.481,Rain,6,2,215.8
12627,Express,Nellore,Vijayawada,186.8,59.7,14.6,12.8,0.232,Heavy Rain,2,0,204.8
12860,Express,Solapur,Kalaburagi,209.1,74.4,20.7,0.0,0.347,Clear,5,3,162.3
12627,Express,Vijayawada,Warangal,231.6,72.7,6.8,22.9,0.267,Clear,7,0,193.2
12860,Express,Solapur,Kalaburagi,156.4,58.2,10.2,0.0,0.169,Clear,6,6,156.4
12259,Duronto,Asansol,Dhanbad,105.5,62.1,19.3,15.5,0.195,Clear,1,3,121.6
12259,Duronto,Gaya,DDU,172.8,59.7,11.7,1.9,0.63,Rain,6,6,181.4
12860,Express,Wadi,Secunderabad,156.6,64.3,15.4,13.3,0.341,Clear,10,4,165.8
12259,Duronto,Asansol,Dhanbad,100.0,65.1,5.9,5.9,0.293,Rain,2,3,113.5
12301,Rajdhani,DDU,Gaya,153.0,73.5,-4.5,7.3,0.291,Clear,8,6,139.8
12723,Express,Kazipet,Warangal,40.0,54.3,22.5,11.2,0.559,Rain,2,2,75.1
12951,Rajdhani,Kota,New Delhi,207.8,64.5,22.9,10.9,0.38,Rain,10,6,220.6
12723,Express,Hyderabad,Kazipet,147.0,62.3,28.6,12.4,0.274,Clear,0,5,149.2
12627,Express,Warangal,Secunderabad,200.8,63.7,11.7,24.1,0.565,Clear,10,0,203.7
12259,Duronto,Asansol,Dhanbad,107.8,79.9,6.8,7.5,0.456,Clear,2,0,104.8
12860,Express,Kalaburagi,Wadi,86.6,66.4,4.4,0.0,0.329,Clear,8,6,89.0
12301,Rajdhani,Prayagraj,DDU,192.9,64.7,-5.0,15.5,0.354,Clear,5,2,162.4
12627,Express,Warangal,Secunderabad,188.6,71.3,30.1,17.3,0.24,Clear,9,3,203.4
12301,Rajdhani,Prayagraj,DDU,163.3,67.9,5.3,13.8,0.38,Fog,5,0,175.6
12723,Express,Gudur,Chennai,236.0,69.5,50.4,2.7,0.469,Fog,9,5,230.0
12259,Duronto,Sealdah,Asansol,175.1,73.5,17.6,28.2,0.342,Clear,23,2,165.2
12259,Duronto,Gaya,DDU,192.3,76.8,34.7,7.0,0.297,Clear,6,5,188.4
12860,Express,Kalaburagi,Wadi,84.7,63.1,-5.0,18.0,0.564,Rain,8,2,95.2
12723,Express,Warangal,Vijayawada,201.0,60.9,22.0,10.1,0.068,Clear,2,0,200.3
12627,Express,Chennai,Gudur,135.5,58.9,-5.0,9.6,0.314,Clear,0,3,158.1
12259,Duronto,Sealdah,Asansol,178.5,70.5,27.4,0.0,0.25,Rain,23,2,163.0
12301,Rajdhani,Gaya,Howrah,231.3,76.5,28.4,15.1,0.35,Rain,9,3,197.7
12301,Rajdhani,Prayagraj,DDU,148.6,48.7,27.3,19.8,0.696,Clear,6,3,197.1
12951,Rajdhani,Ratlam,Kota,195.6,60.8,25.0,0.0,0.517,Clear,7,1,195.0
12860,Express,Mumbai,Pune,238.3,72.2,10.8,15.7,0.724,Rain,23,3,217.5
12951,Rajdhani,Mumbai,Surat,219.3,80.2,12.4,19.0,0.586,Rain,23,1,207.2
12723,Express,Kazipet,Warangal,40.0,50.3,20.1,15.4,0.167,Rain,1,6,67.5
12627,Express,Chennai,Gudur,145.5,61.8,11.9,15.7,0.276,Heavy Rain,0,5,178.6
12723,Express,Kazipet,Warangal,40.0,54.7,9.6,4.7,0.283,Clear,1,3,54.7
12259,Duronto,Gaya,DDU,161.4,66.8,-1.9,11.6,0.102,Clear,6,5,167.3
12627,Express,Vijayawada,Warangal,131.3,50.1,-5.0,22.8,0.182,Clear,7,4,202.2
12723,Express,Vijayawada,Gudur,176.3,52.7,12.6,0.0,0.385,Clear,4,5,225.6
12951,Rajdhani,Surat,Vadodara,135.0,62.7,0.2,0.0,0.188,Clear,3,5,118.7
12627,Express,Nellore,Vijayawada,172.9,59.2,19.2,17.1,0.096,Rain,3,3,200.5
12723,Express,Kazipet,Warangal,40.5,71.0,19.2,14.2,0.21,Clear,2,2,54.5
12301,Rajdhani,DDU,Gaya,170.8,70.2,12.8,0.0,0.574,Rain,8,3,154.3
12860,Express,Mumbai,Pune,234.8,71.4,9.4,16.2,0.252,Rain,23,6,212.6
12627,Express,Nellore,Vijayawada,212.6,70.3,-4.5,2.5,0.341,Clear,3,5,177.5
12259,Duronto,Asansol,Dhanbad,85.2,61.8,20.3,9.3,0.083,Clear,2,3,113.9
12301,Rajdhani,Gaya,Howrah,178.4,63.2,21.6,16.6,0.212,Clear,10,0,193.3
12860,Express,Solapur,Kalaburagi,150.7,68.3,11.1,15.7,0.26,Clear,6,4,149.6
12723,Express,Gudur,Chennai,181.4,64.5,-5.0,12.3,0.658,Rain,10,5,217.4
12259,Duronto,Dhanbad,Gaya,163.6,73.7,16.4,2.3,0.418,Heavy Rain,3,5,170.8
12627,Express,Gudur,Nellore,72.2,65.4,16.6,10.5,0.093,Clear,1,2,78.2
12860,Express,Mumbai,Pune,156.8,49.6,5.7,10.5,0.223,Rain,23,6,219.4
12860,Express,Mumbai,Pune,158.3,58.6,19.7,42.7,0.388,Fog,23,4,232.6
12627,Express,Nellore,Vijayawada,162.0,62.7,-5.0,2.8,0.323,Clear,3,4,191.2
12627,Express,Chennai,Gudur,153.7,74.7,4.5,0.0,0.183,Rain,0,6,144.3
12627,Express,Gudur,Nellore,44.0,46.4,-5.0,19.7,0.142,Clear,2,5,96.7
12860,Express,Mumbai,Pune,235.4,75.5,21.7,3.9,0.776,Fog,0,6,225.0
12259,Duronto,Sealdah,Asansol,165.4,62.2,29.4,8.7,0.475,Clear,0,2,163.0
12301,Rajdhani,Prayagraj,DDU,158.5,69.7,8.7,5.8,0.249,Heavy Rain,4,4,188.1
12723,Express,Hyderabad,Kazipet,162.2,65.6,21.3,11.5,0.048,Clear,0,1,134.9
12951,Rajdhani,Kota,New Delhi,216.2,71.3,16.7,18.4,0.191,Rain,10,5,225.4
12301,Rajdhani,Kanpur,Prayagraj,179.2,71.1,6.8,13.3,0.468,Clear,2,4,179.4
12627,Express,Nellore,Vijayawada,151.9,59.3,0.3,0.0,0.149,Clear,4,0,178.9
12951,Rajdhani,Kota,New Delhi,241.9,69.5,13.5,0.0,0.148,Heavy Rain,11,0,218.9
12301,Rajdhani,New Delhi,Kanpur,167.8,69.6,8.9,16.0,0.2,Clear,23,4,160.1
12951,Rajdhani,Surat,Vadodara,134.7,72.6,0.8,6.4,0.483,Rain,3,0,140.6
12301,Rajdhani,Kanpur,Prayagraj,165.3,71.5,16.8,23.7,0.699,Clear,2,6,187.8
12627,Express,Chennai,Gudur,119.4,56.7,-1.2,7.7,0.269,Rain,22,2,154.9
12627,Express,Warangal,Secunderabad,210.0,77.9,4.1,19.5,0.221,Rain,9,2,202.1
12259,Duronto,Asansol,Dhanbad,146.9,83.3,34.1,7.7,0.385,Rain,1,5,123.3
12301,Rajdhani,Prayagraj,DDU,187.6,75.4,11.5,3.7,0.065,Fog,5,6,183.5
12723,Express,Gudur,Chennai,202.4,55.9,4.7,11.1,0.55,Rain,9,0,232.1
12259,Duronto,Dhanbad,Gaya,174.2,71.9,6.7,0.0,0.133,Clear,4,4,158.7
12301,Rajdhani,Kanpur,Prayagraj,185.3,72.7,16.3,8.9,0.255,Clear,2,0,176.2
12301,Rajdhani,New Delhi,Kanpur,167.9,75.1,10.9,14.5,0.192,Clear,22,4,172.0
12627,Express,Vijayawada,Warangal,177.6,61.5,-0.0,5.5,0.26,Heavy Rain,7,5,201.2
12627,Express,Warangal,Secunderabad,204.1,61.1,16.2,9.3,0.122,Clear,10,5,187.3
12627,Express,Vijayawada,Warangal,182.4,58.5,13.2,10.5,0.28,Clear,7,3,192.1
12259,Duronto,Gaya,DDU,159.6,58.8,0.3,9.0,0.175,Clear,6,5,178.8
12627,Express,Vijayawada,Warangal,176.0,59.0,-0.8,9.1,0.199,Clear,6,4,185.1
12259,Duronto,Dhanbad,Gaya,202.2,74.9,25.2,17.4,0.645,Clear,4,3,178.0
12301,Rajdhani,Gaya,Howrah,216.8,73.1,25.6,15.3,0.275,Clear,9,5,201.3
12951,Rajdhani,Kota,New Delhi,238.1,72.8,14.6,23.0,0.438,Clear,10,2,212.9
12723,Express,Warangal,Vijayawada,212.9,58.8,7.5,0.0,0.03,Clear,2,6,203.6
12301,Rajdhani,New Delhi,Kanpur,168.3,57.8,0.4,30.7,0.51,Fog,23,5,183.6
12301,Rajdhani,Kanpur,Prayagraj,171.7,66.9,16.1,15.4,0.479,Rain,2,5,172.2
12627,Express,Gudur,Nellore,68.0,55.6,13.2,28.6,0.26,Clear,2,2,89.0
12951,Rajdhani,Vadodara,Ratlam,189.7,61.6,5.4,17.5,0.268,Rain,5,0,195.1
12951,Rajdhani,Mumbai,Surat,223.2,73.5,26.2,11.1,0.502,Clear,0,2,197.0
12301,Rajdhani,Prayagraj,DDU,162.9,69.1,38.0,0.6,0.153,Clear,5,4,174.0
12860,Express,Mumbai,Pune,201.8,60.6,-4.6,7.5,0.221,Clear,23,2,205.5
12951,Rajdhani,Mumbai,Surat,161.9,60.4,6.4,16.0,0.204,Fog,23,4,206.8
12627,Express,Gudur,Nellore,67.4,65.1,-0.7,9.3,0.217,Rain,2,3,64.0
12723,Express,Kazipet,Warangal,40.0,64.8,21.9,15.5,0.231,Clear,2,4,48.9
12723,Express,Hyderabad,Kazipet,116.7,57.9,11.0,16.3,0.309,Rain,0,6,176.0
12951,Rajdhani,Vadodara,Ratlam,174.1,65.8,5.5,5.4,0.431,Clear,5,4,192.3
12259,Duronto,DDU,New Delhi,214.3,68.0,4.4,12.6,0.072,Clear,9,3,211.2
12860,Express,Wadi,Secunderabad,137.6,56.5,8.5,34.6,0.482,Rain,11,4,197.8
12627,Express,Vijayawada,Warangal,224.7,66.3,28.4,13.1,0.333,Rain,6,0,203.4
12627,Express,Vijayawada,Warangal,161.6,52.4,0.4,8.0,0.083,Fog,7,1,191.8
12723,Express,Kazipet,Warangal,42.6,70.2,20.0,10.9,0.26,Rain,2,1,57.8
12627,Express,Warangal,Secunderabad,141.5,55.2,10.6,34.5,0.173,Clear,9,5,209.6
12627,Express,Nellore,Vijayawada,168.2,59.2,24.3,23.9,0.719,Clear,2,5,222.7
12627,Express,Vijayawada,Warangal,165.7,60.7,14.3,0.0,0.27,Clear,6,0,192.5
12723,Express,Vijayawada,Gudur,221.4,75.7,0.2,15.3,0.607,Clear,6,1,213.3
12301,Rajdhani,Kanpur,Prayagraj,186.8,62.7,-5.0,24.0,0.614,Heavy Rain,3,1,215.5
12860,Express,Mumbai,Pune,178.4,53.9,0.3,17.9,0.286,Rain,0,4,214.8
12723,Express,Kazipet,Warangal,40.0,53.1,13.0,13.2,0.163,Clear,2,1,55.3
12723,Express,Warangal,Vijayawada,224.7,60.3,16.6,20.3,0.097,Clear,3,3,206.4
12723,Express,Gudur,Chennai,203.2,68.1,3.2,14.3,0.032,Clear,9,1,197.8
12627,Express,Chennai,Gudur,155.6,68.8,-5.0,13.1,0.056,Rain,23,0,149.8
12951,Rajdhani,Vadodara,Ratlam,206.2,72.5,27.9,25.2,0.153,Heavy Rain,4,3,190.0
12951,Rajdhani,Mumbai,Surat,246.9,85.1,18.4,10.2,0.358,Clear,0,3,190.7
12301,Rajdhani,Gaya,Howrah,177.2,72.5,-2.7,10.2,0.373,Clear,10,6,188.4
12723,Express,Warangal,Vijayawada,189.1,65.1,36.9,9.4,0.633,Clear,2,2,225.5
12259,Duronto,Dhanbad,Gaya,172.3,72.9,-4.7,7.8,0.32,Clear,3,5,142.1
12951,Rajdhani,Vadodara,Ratlam,149.9,61.4,8.9,23.8,0.505,Clear,5,1,193.9
12860,Express,Mumbai,Pune,167.1,58.5,32.2,13.0,0.168,Clear,0,0,214.9
12627,Express,Chennai,Gudur,125.3,55.6,-5.0,8.5,0.169,Rain,23,4,162.5
12627,Express,Warangal,Secunderabad,191.1,60.0,23.8,9.4,0.02,Rain,9,3,196.0
12723,Express,Warangal,Vijayawada,201.7,57.1,14.3,17.2,0.617,Rain,2,4,229.5
12723,Express,Warangal,Vijayawada,192.8,53.7,19.9,0.0,0.444,Clear,2,6,216.4
12723,Express,Kazipet,Warangal,40.0,61.0,18.5,6.4,0.091,Fog,1,2,58.1
12723,Express,Hyderabad,Kazipet,128.2,59.7,25.3,2.3,0.346,Clear,0,1,149.1
12860,Express,Mumbai,Pune,152.4,52.4,15.7,0.0,0.452,Clear,0,5,209.0
12723,Express,Kazipet,Warangal,40.0,71.8,24.2,7.1,0.436,Rain,2,1,50.3
12723,Express,Gudur,Chennai,160.6,56.2,3.3,18.5,0.361,Clear,8,4,216.2
12627,Express,Vijayawada,Warangal,200.7,63.4,11.4,15.6,0.609,Rain,6,4,200.8
12301,Rajdhani,New Delhi,Kanpur,185.3,65.7,-4.5,12.3,0.166,Clear,23,3,160.4
12259,Duronto,Gaya,DDU,140.9,60.3,21.3,6.1,0.166,Heavy Rain,6,5,191.6
12259,Duronto,Gaya,DDU,250.9,81.9,3.4,8.8,0.321,Rain,5,2,179.9
12627,Express,Vijayawada,Warangal,172.2,58.8,2.0,10.2,0.498,Fog,6,0,212.8
12860,Express,Pune,Solapur,127.4,48.5,14.6,8.3,0.514,Clear,2,2,201.9
12860,Express,Kalaburagi,Wadi,87.8,58.3,22.6,16.9,0.158,Clear,8,4,101.4
12627,Express,Warangal,Secunderabad,229.6,69.0,18.5,19.1,0.594,Clear,9,6,210.3
12723,Express,Vijayawada,Gudur,202.0,62.0,16.9,5.7,0.164,Clear,7,6,208.0
12951,Rajdhani,Vadodara,Ratlam,169.7,63.5,27.9,0.0,0.197,Heavy Rain,5,0,197.6
12860,Express,Wadi,Secunderabad,171.4,60.7,3.3,11.2,0.05,Fog,10,2,175.6
12627,Express,Nellore,Vijayawada,140.4,48.9,10.1,0.0,0.066,Rain,3,6,206.5
12259,Duronto,Gaya,DDU,187.1,69.7,7.8,2.3,0.446,Clear,7,3,174.0
12301,Rajdhani,Prayagraj,DDU,202.3,71.4,0.9,4.7,0.345,Rain,5,5,172.1
12627,Express,Vijayawada,Warangal,246.0,72.8,22.3,0.0,0.31,Clear,7,6,189.5
12259,Duronto,DDU,New Delhi,247.9,67.4,19.9,4.6,0.619,Fog,9,3,225.5
12723,Express,Kazipet,Warangal,40.0,61.7,13.1,13.2,0.396,Rain,1,6,61.2
12259,Duronto,DDU,New Delhi,258.4,67.5,21.1,0.0,0.431,Heavy Rain,8,4,227.5
12723,Express,Vijayawada,Gudur,191.5,60.5,-1.1,10.5,0.337,Fog,5,5,219.2
12627,Express,Chennai,Gudur,153.3,72.0,26.0,2.7,0.163,Clear,0,0,156.2
12259,Duronto,Sealdah,Asansol,175.8,75.5,17.1,2.3,0.202,Clear,23,3,163.6
12951,Rajdhani,Ratlam,Kota,221.4,72.5,1.3,9.4,0.216,Clear,7,2,199.1
12723,Express,Gudur,Chennai,151.7,51.8,4.2,10.8,0.113,Clear,9,5,211.1
12627,Express,Nellore,Vijayawada,150.3,45.5,24.0,9.7,0.303,Rain,3,4,216.9
12259,Duronto,Dhanbad,Gaya,136.9,61.6,17.0,27.4,0.252,Clear,4,4,169.7
12723,Express,Warangal,Vijayawada,192.0,68.9,3.7,4.9,0.522,Fog,2,5,211.7
12951,Rajdhani,Kota,New Delhi,223.5,65.9,18.8,13.7,0.364,Fog,9,5,220.7
12301,Rajdhani,DDU,Gaya,122.1,59.9,12.4,17.3,0.309,Fog,7,1,152.7
12951,Rajdhani,Surat,Vadodara,150.4,78.8,6.4,24.4,0.309,Clear,3,5,122.8
12860,Express,Wadi,Secunderabad,142.2,57.3,6.6,7.1,0.043,Fog,10,5,184.3
12301,Rajdhani,Gaya,Howrah,173.2,66.9,17.8,14.2,0.25,Clear,9,4,186.4
12723,Express,Gudur,Chennai,174.2,55.9,8.7,10.0,0.352,Clear,9,5,221.6
12860,Express,Solapur,Kalaburagi,160.6,60.8,11.1,6.5,0.443,Rain,5,4,175.6
12860,Express,Kalaburagi,Wadi,103.4,69.7,8.4,11.1,0.106,Clear,8,5,85.2
12301,Rajdhani,New Delhi,Kanpur,173.2,74.5,22.3,20.3,0.291,Clear,0,0,171.9
12259,Duronto,Gaya,DDU,215.4,69.3,8.7,0.0,0.34,Rain,6,4,180.4
12723,Express,Hyderabad,Kazipet,141.1,56.9,3.3,0.0,0.096,Clear,0,5,140.6
12259,Duronto,Asansol,Dhanbad,106.3,64.8,1.9,25.1,0.087,Clear,2,1,103.7
12627,Express,Warangal,Secunderabad,173.3,57.9,-5.0,9.6,0.445,Heavy Rain,9,3,219.9
12723,Express,Vijayawada,Gudur,158.3,57.3,24.0,21.2,0.31,Rain,6,2,236.6
12723,Express,Kazipet,Warangal,40.0,47.9,5.1,6.8,0.068,Clear,2,1,56.2
12259,Duronto,Dhanbad,Gaya,183.4,71.0,14.1,6.7,0.411,Rain,3,2,165.7
12860,Express,Solapur,Kalaburagi,147.5,63.6,5.6,6.7,0.341,Clear,5,5,169.6
12301,Rajdhani,DDU,Gaya,140.3,70.2,22.5,4.6,0.65,Rain,8,5,157.9
12860,Express,Pune,Solapur,205.0,62.7,-0.4,0.0,0.163,Fog,2,6,196.7
12301,Rajdhani,New Delhi,Kanpur,190.0,78.2,22.9,17.2,0.434,Clear,0,0,176.3
12259,Duronto,Asansol,Dhanbad,101.5,72.6,15.1,17.7,0.311,Clear,1,5,111.6
12951,Rajdhani,Kota,New Delhi,196.0,51.9,15.0,5.7,0.231,Rain,11,1,220.9
12860,Express,Pune,Solapur,221.5,64.7,35.5,10.7,0.189,Rain,3,0,211.3
12860,Express,Wadi,Secunderabad,165.6,64.7,16.3,14.8,0.666,Rain,9,1,199.1
12627,Express,Nellore,Vijayawada,199.2,60.2,-5.0,0.0,0.18,Clear,3,1,185.6
12301,Rajdhani,Kanpur,Prayagraj,205.6,67.4,1.2,4.1,0.235,Heavy Rain,2,5,179.6
12259,Duronto,DDU,New Delhi,274.3,80.0,23.5,10.9,0.034,Clear,8,1,225.9
12301,Rajdhani,New Delhi,Kanpur,167.0,72.8,17.1,9.8,0.064,Clear,0,4,167.3
12301,Rajdhani,Prayagraj,DDU,161.8,58.4,-5.0,19.9,0.075,Clear,5,2,175.1
12301,Rajdhani,Kanpur,Prayagraj,158.2,66.8,23.9,2.8,0.122,Clear,3,3,171.7
12259,Duronto,Asansol,Dhanbad,109.1,67.6,30.4,9.3,0.18,Clear,2,1,113.1
12259,Duronto,Asansol,Dhanbad,99.7,69.7,12.2,0.0,0.223,Clear,2,1,107.9
12723,Express,Kazipet,Warangal,40.0,59.7,4.0,0.0,0.16,Clear,2,2,42.1
12951,Rajdhani,Kota,New Delhi,208.9,70.9,-5.0,11.4,0.203,Clear,10,3,203.1
12951,Rajdhani,Mumbai,Surat,219.5,73.7,22.5,11.6,0.264,Fog,23,5,201.3
12723,Express,Hyderabad,Kazipet,116.5,55.8,7.1,0.0,0.175,Rain,0,2,159.1
12723,Express,Vijayawada,Gudur,272.0,73.9,16.2,8.4,0.247,Rain,5,5,208.7
12860,Express,Wadi,Secunderabad,147.9,57.6,6.3,28.8,0.164,Rain,9,3,177.6
12951,Rajdhani,Kota,New Delhi,242.1,72.1,-5.0,27.0,0.188,Clear,9,6,214.3
12627,Express,Gudur,Nellore,58.1,47.3,4.5,6.1,0.099,Clear,1,0,82.9
12723,Express,Vijayawada,Gudur,240.6,70.8,14.5,19.6,0.214,Clear,6,5,204.2
12259,Duronto,Sealdah,Asansol,154.1,67.0,19.1,14.6,0.058,Clear,23,1,171.4
12627,Express,Gudur,Nellore,77.3,69.4,18.6,8.7,0.3,Rain,2,1,86.8
12259,Duronto,Sealdah,Asansol,152.5,66.2,-4.3,26.5,0.434,Fog,0,1,167.5
12259,Duronto,Sealdah,Asansol,178.5,80.6,12.1,10.4,0.014,Clear,0,0,169.0
12860,Express,Solapur,Kalaburagi,101.2,40.6,32.4,7.9,0.548,Rain,6,1,195.1
12259,Duronto,Dhanbad,Gaya,140.4,57.7,5.9,12.6,0.224,Heavy Rain,4,2,171.0
12259,Duronto,Sealdah,Asansol,208.5,76.7,10.6,15.5,0.11,Rain,23,6,161.3
12951,Rajdhani,Mumbai,Surat,208.8,76.1,16.2,25.0,0.075,Clear,23,0,193.1
12951,Rajdhani,Ratlam,Kota,234.5,83.7,-5.0,1.1,0.92,Clear,7,1,200.4
12860,Express,Mumbai,Pune,157.5,58.3,20.8,6.9,0.09,Rain,0,6,208.0
12259,Duronto,Asansol,Dhanbad,129.8,87.4,1.1,8.7,0.157,Clear,2,4,98.7
12301,Rajdhani,Kanpur,Prayagraj,132.7,57.1,-4.4,7.7,0.376,Clear,2,4,172.4
12860,Express,Kalaburagi,Wadi,99.0,68.5,10.9,2.9,0.301,Clear,9,2,98.4
12627,Express,Vijayawada,Warangal,145.5,48.2,10.1,9.7,0.029,Clear,7,0,201.8
12301,Rajdhani,DDU,Gaya,168.3,71.3,-1.0,14.2,0.191,Clear,8,4,143.3
12860,Express,Wadi,Secunderabad,173.5,71.6,25.9,9.9,0.156,Clear,10,3,167.4
12627,Express,Warangal,Secunderabad,153.1,51.9,8.3,0.0,0.145,Clear,9,2,200.7
12301,Rajdhani,Gaya,Howrah,176.6,54.5,28.7,7.2,0.398,Clear,9,1,201.1
12723,Express,Gudur,Chennai,197.4,64.5,5.2,4.4,0.163,Clear,9,3,215.7
12723,Express,Warangal,Vijayawada,249.2,67.8,16.2,0.0,0.052,Clear,2,0,199.3
12951,Rajdhani,Surat,Vadodara,128.1,70.6,14.2,1.1,0.357,Clear,2,3,128.5
12259,Duronto,Dhanbad,Gaya,143.9,67.5,15.7,0.0,0.568,Clear,3,1,166.3
12951,Rajdhani,Ratlam,Kota,199.7,70.8,4.5,5.5,0.251,Clear,7,5,182.1
12723,Express,Hyderabad,Kazipet,111.3,54.5,-5.0,7.4,0.151,Clear,23,3,155.5
12860,Express,Wadi,Secunderabad,137.5,47.0,13.7,1.8,0.289,Clear,9,3,191.7
12951,Rajdhani,Vadodara,Ratlam,149.5,60.9,-5.0,7.6,0.361,Clear,4,1,179.9
12860,Express,Mumbai,Pune,189.9,66.1,16.0,1.5,0.526,Heavy Rain,0,4,214.5
12259,Duronto,Asansol,Dhanbad,128.6,77.6,0.4,5.6,0.136,Clear,2,5,99.1
12259,Duronto,Dhanbad,Gaya,162.1,58.4,12.1,9.2,0.175,Rain,4,4,164.3
12860,Express,Pune,Solapur,173.4,55.0,5.5,23.9,0.296,Fog,2,1,208.4
12259,Duronto,Dhanbad,Gaya,175.9,69.5,7.5,7.7,0.473,Fog,4,3,162.1
12301,Rajdhani,DDU,Gaya,145.3,66.8,4.5,5.4,0.171,Clear,8,4,134.9
12723,Express,Hyderabad,Kazipet,134.9,63.9,7.7,23.1,0.244,Rain,23,3,151.3
12301,Rajdhani,Kanpur,Prayagraj,241.7,90.5,0.4,3.0,0.39,Clear,2,6,178.6
12951,Rajdhani,Surat,Vadodara,143.1,72.7,8.6,18.5,0.018,Clear,2,0,130.2
12301,Rajdhani,Gaya,Howrah,217.6,70.5,8.5,16.6,0.127,Rain,10,4,180.8
12301,Rajdhani,New Delhi,Kanpur,168.2,76.0,-2.9,0.0,0.288,Clear,23,5,159.5
12951,Rajdhani,Vadodara,Ratlam,211.1,72.4,16.9,6.5,0.282,Clear,4,2,189.6
12301,Rajdhani,Gaya,Howrah,200.0,72.4,40.9,5.3,0.396,Clear,10,1,195.2
12301,Rajdhani,DDU,Gaya,176.8,81.1,21.8,18.1,0.285,Clear,7,5,157.3
12723,Express,Gudur,Chennai,246.1,67.9,11.5,8.6,0.378,Clear,9,4,211.9
12951,Rajdhani,Surat,Vadodara,151.5,83.2,14.9,0.0,0.022,Clear,2,0,122.3
12951,Rajdhani,Mumbai,Surat,196.6,68.3,9.0,11.9,0.238,Clear,0,4,203.7
12259,Duronto,Dhanbad,Gaya,206.0,74.2,-5.0,16.0,0.361,Fog,3,6,158.3
12259,Duronto,DDU,New Delhi,233.2,67.4,7.7,11.5,0.539,Clear,9,3,218.2
12860,Express,Pune,Solapur,181.4,65.9,20.2,26.0,0.576,Clear,2,0,204.9
12259,Duronto,Dhanbad,Gaya,167.2,70.7,25.9,6.5,0.265,Fog,3,4,166.1
12951,Rajdhani,Surat,Vadodara,149.0,75.3,15.5,7.6,0.237,Fog,2,6,150.1
12627,Express,Warangal,Secunderabad,171.5,61.6,19.4,9.3,0.125,Fog,9,1,203.3
12723,Express,Vijayawada,Gudur,186.5,51.0,1.5,6.5,0.075,Rain,5,6,219.2
12627,Express,Chennai,Gudur,169.5,73.7,-5.0,16.2,0.353,Rain,0,6,154.1
12259,Duronto,Sealdah,Asansol,164.7,67.1,28.4,15.5,0.516,Rain,23,3,176.1
12627,Express,Gudur,Nellore,56.4,52.8,10.9,0.8,0.265,Rain,1,0,90.2
12259,Duronto,Sealdah,Asansol,129.2,56.3,14.5,5.9,0.123,Clear,0,4,160.2
12860,Express,Kalaburagi,Wadi,99.9,66.0,34.6,10.6,0.17,Heavy Rain,8,3,110.7
12259,Duronto,DDU,New Delhi,278.4,87.1,13.2,8.7,0.377,Fog,9,1,231.2
12860,Express,Wadi,Secunderabad,175.9,65.1,4.8,3.3,0.184,Clear,10,1,175.8
12627,Express,Vijayawada,Warangal,192.7,60.1,25.9,17.0,0.086,Clear,5,3,204.6
12723,Express,Gudur,Chennai,158.4,47.9,3.9,10.7,0.526,Clear,9,3,229.6
12301,Rajdhani,Kanpur,Prayagraj,203.8,67.4,-0.3,2.5,0.312,Clear,3,6,157.0
12723,Express,Kazipet,Warangal,40.0,74.1,10.9,6.4,0.199,Clear,2,1,42.1
12860,Express,Solapur,Kalaburagi,151.6,59.4,10.2,5.5,0.169,Clear,5,5,163.9
12723,Express,Vijayawada,Gudur,218.1,64.8,0.6,18.3,0.273,Heavy Rain,5,4,212.4
12301,Rajdhani,New Delhi,Kanpur,161.5,64.1,-0.8,10.4,0.622,Fog,0,3,169.0
12627,Express,Chennai,Gudur,165.5,68.9,-5.0,7.1,0.225,Rain,0,5,154.1
12860,Express,Kalaburagi,Wadi,76.2,55.3,28.9,9.0,0.271,Clear,8,1,117.4
12301,Rajdhani,Kanpur,Prayagraj,213.6,77.1,32.1,12.3,0.12,Clear,3,6,178.4
12301,Rajdhani,New Delhi,Kanpur,169.2,67.7,25.0,6.6,0.302,Clear,23,2,170.0
12627,Express,Vijayawada,Warangal,190.2,69.4,11.9,2.7,0.264,Rain,7,5,202.9
12860,Express,Solapur,Kalaburagi,148.1,67.6,-0.7,2.5,0.314,Rain,6,2,152.4
12259,Duronto,Asansol,Dhanbad,143.9,80.1,14.3,22.3,0.432,Fog,2,4,134.7
12301,Rajdhani,Prayagraj,DDU,211.6,74.8,22.9,9.0,0.473,Clear,4,6,179.6
12860,Express,Wadi,Secunderabad,112.1,48.4,19.0,32.5,0.055,Clear,9,1,186.6
12259,Duronto,Gaya,DDU,243.7,86.9,6.2,2.1,0.18,Clear,6,1,157.8
12301,Rajdhani,DDU,Gaya,167.7,69.2,17.8,1.8,0.033,Clear,8,5,147.0
12627,Express,Vijayawada,Warangal,150.6,55.8,21.5,6.1,0.139,Clear,7,4,200.1
12259,Duronto,Asansol,Dhanbad,85.4,62.6,-3.4,10.2,0.212,Fog,2,1,100.9
12627,Express,Vijayawada,Warangal,199.2,73.4,12.7,11.3,0.031,Rain,6,6,195.2
12627,Express,Warangal,Secunderabad,190.3,62.2,17.5,11.5,0.157,Clear,9,6,195.8
12301,Rajdhani,Kanpur,Prayagraj,191.9,71.0,-2.3,3.8,0.223,Clear,2,1,145.3
12627,Express,Chennai,Gudur,165.6,60.6,8.0,12.3,0.53,Clear,23,0,161.6
12723,Express,Hyderabad,Kazipet,161.8,71.3,32.8,6.8,0.282,Clear,23,2,152.6
12951,Rajdhani,Vadodara,Ratlam,231.3,77.1,8.4,21.1,0.111,Rain,5,5,176.0
12301,Rajdhani,Kanpur,Prayagraj,146.3,63.4,5.0,16.0,0.303,Rain,1,0,171.6
12627,Express,Gudur,Nellore,75.2,61.6,9.8,0.0,0.162,Clear,2,2,77.9
12951,Rajdhani,Ratlam,Kota,223.0,76.1,8.4,24.5,0.362,Clear,7,5,189.2
12723,Express,Kazipet,Warangal,40.0,58.8,18.1,12.2,0.243,Heavy Rain,2,0,78.9
12723,Express,Hyderabad,Kazipet,140.3,63.0,18.6,3.2,0.462,Fog,23,2,159.6
12951,Rajdhani,Vadodara,Ratlam,186.7,60.4,4.2,15.0,0.099,Clear,6,2,182.1
12860,Express,Solapur,Kalaburagi,175.1,76.2,11.0,11.5,0.392,Clear,5,5,167.4
12259,Duronto,Dhanbad,Gaya,201.6,75.7,1.6,5.4,0.314,Clear,3,6,158.3
12627,Express,Nellore,Vijayawada,160.6,47.7,42.4,16.8,0.083,Heavy Rain,3,4,217.7
12951,Rajdhani,Mumbai,Surat,217.3,78.8,25.4,0.0,0.163,Rain,0,5,196.0
12860,Express,Mumbai,Pune,257.4,75.9,4.3,18.7,0.072,Clear,0,4,202.0
12259,Duronto,Dhanbad,Gaya,201.8,74.1,20.3,10.5,0.182,Clear,3,4,155.4
12259,Duronto,Asansol,Dhanbad,99.7,68.0,12.9,4.6,0.579,Clear,2,3,115.7
12860,Express,Kalaburagi,Wadi,87.6,64.0,14.5,0.0,0.567,Clear,8,0,98.3
12259,Duronto,DDU,New Delhi,235.7,73.0,13.1,12.9,0.236,Clear,9,0,211.6
12860,Express,Solapur,Kalaburagi,172.5,71.1,20.3,13.4,0.192,Clear,6,6,165.2
12723,Express,Kazipet,Warangal,40.0,50.7,34.8,0.0,0.486,Clear,1,2,65.3
12723,Express,Kazipet,Warangal,42.2,74.6,28.5,12.7,0.068,Clear,2,6,40.6
12860,Express,Wadi,Secunderabad,147.0,57.8,5.4,1.2,0.408,Clear,9,5,179.8
12723,Express,Hyderabad,Kazipet,135.0,60.7,2.0,10.0,0.329,Heavy Rain,23,4,144.6
12301,Rajdhani,Prayagraj,DDU,200.8,79.7,17.9,20.7,0.212,Clear,5,1,176.9
12627,Express,Warangal,Secunderabad,236.7,68.7,7.4,6.0,0.734,Clear,9,0,196.7
12951,Rajdhani,Ratlam,Kota,219.6,71.9,5.1,8.7,0.772,Rain,7,5,203.9
12301,Rajdhani,Kanpur,Prayagraj,192.8,80.6,22.7,4.6,0.241,Clear,2,2,168.9
12627,Express,Warangal,Secunderabad,155.1,58.2,-5.0,15.8,0.507,Clear,9,0,201.1
12301,Rajdhani,New Delhi,Kanpur,175.8,77.2,17.5,9.2,0.09,Rain,0,3,170.8
12860,Express,Mumbai,Pune,262.4,79.2,11.7,3.3,0.225,Fog,23,5,210.5
12860,Express,Solapur,Kalaburagi,155.4,59.5,6.5,10.2,0.325,Rain,6,0,168.1
12723,Express,Vijayawada,Gudur,207.2,63.5,2.5,4.5,0.155,Clear,6,6,209.0
12723,Express,Hyderabad,Kazipet,150.0,64.8,9.3,4.5,0.312,Rain,0,5,146.2
12627,Express,Nellore,Vijayawada,197.4,68.1,12.6,1.1,0.216,Rain,2,3,194.1
12951,Rajdhani,Vadodara,Ratlam,179.1,71.3,15.1,10.9,0.53,Clear,5,3,197.9
12723,Express,Hyderabad,Kazipet,111.6,58.2,22.9,8.6,0.096,Clear,0,6,149.6
12301,Rajdhani,DDU,Gaya,152.8,66.1,1.1,21.7,0.457,Clear,8,1,153.4
12723,Express,Kazipet,Warangal,40.0,56.1,-0.2,19.6,0.443,Clear,2,0,56.4
12951,Rajdhani,Vadodara,Ratlam,234.1,80.4,3.1,13.9,0.221,Rain,4,2,174.7
12627,Express,Nellore,Vijayawada,172.6,50.1,20.7,4.9,0.515,Clear,3,4,210.1
12627,Express,Nellore,Vijayawada,181.8,68.9,7.9,15.4,0.199,Clear,2,6,190.7
12951,Rajdhani,Vadodara,Ratlam,179.2,62.8,19.3,4.9,0.209,Rain,4,0,196.8
12259,Duronto,Sealdah,Asansol,170.1,70.4,5.0,0.5,0.077,Clear,23,2,158.4
12860,Express,Pune,Solapur,189.2,56.4,3.8,10.1,0.23,Clear,2,6,191.6
12259,Duronto,Asansol,Dhanbad,93.9,56.6,-5.0,0.0,0.485,Clear,2,0,117.6
12259,Duronto,Asansol,Dhanbad,116.3,68.7,12.2,2.5,0.733,Rain,3,3,113.0
12259,Duronto,Dhanbad,Gaya,171.0,80.2,15.5,11.2,0.482,Clear,4,1,171.6
12627,Express,Vijayawada,Warangal,155.9,51.6,24.5,0.0,0.35,Rain,7,3,208.3
12860,Express,Pune,Solapur,182.0,59.0,16.6,5.8,0.06,Fog,3,0,205.3
12259,Duronto,Gaya,DDU,174.0,71.5,32.3,7.1,0.568,Rain,6,4,189.1
12951,Rajdhani,Surat,Vadodara,155.3,71.2,30.2,15.1,0.068,Clear,3,2,132.5
12301,Rajdhani,Prayagraj,DDU,218.2,72.1,0.8,20.1,0.593,Clear,4,2,172.2
12259,Duronto,Gaya,DDU,249.3,83.9,28.8,11.6,0.24,Clear,7,6,190.4
12259,Duronto,Sealdah,Asansol,166.6,73.3,17.7,4.7,0.228,Clear,0,5,169.5
12301,Rajdhani,Gaya,Howrah,180.0,62.2,8.2,10.9,0.36,Clear,9,4,183.2
12301,Rajdhani,New Delhi,Kanpur,129.8,59.0,12.3,8.9,0.538,Clear,0,0,168.7
12860,Express,Solapur,Kalaburagi,185.0,74.2,-1.9,7.2,0.203,Heavy Rain,6,6,167.2
12723,Express,Vijayawada,Gudur,193.8,68.6,-0.0,20.2,0.291,Clear,5,1,201.0
12627,Express,Gudur,Nellore,61.9,62.3,22.8,4.4,0.174,Clear,1,3,73.8
12627,Express,Warangal,Secunderabad,159.2,61.6,8.8,4.4,0.088,Clear,9,5,191.5
12259,Duronto,Sealdah,Asansol,148.0,68.7,4.8,5.1,0.043,Heavy Rain,23,2,164.3
12259,Duronto,Gaya,DDU,169.8,62.3,19.6,4.5,0.509,Clear,7,2,188.2
12951,Rajdhani,Surat,Vadodara,165.1,76.2,5.8,13.6,0.331,Fog,2,6,138.9
12259,Duronto,Asansol,Dhanbad,127.4,76.9,7.6,18.2,0.47,Rain,2,4,129.2
12860,Express,Pune,Solapur,217.2,69.8,16.5,3.1,0.267,Fog,2,5,207.8
12259,Duronto,Gaya,DDU,168.2,60.7,27.3,18.0,0.165,Fog,6,2,198.0
12860,Express,Pune,Solapur,271.3,80.1,19.2,4.3,0.168,Clear,2,2,182.3
12951,Rajdhani,Ratlam,Kota,237.2,83.2,12.9,16.0,0.281,Fog,8,5,199.3
12951,Rajdhani,Ratlam,Kota,219.1,81.9,-5.0,11.8,0.384,Clear,7,4,192.1
12259,Duronto,Dhanbad,Gaya,165.0,73.5,12.9,11.6,0.272,Clear,4,3,160.4
12860,Express,Wadi,Secunderabad,112.3,43.5,23.6,6.1,0.579,Clear,9,6,198.5
12860,Express,Pune,Solapur,188.4,62.2,5.0,9.0,0.089,Rain,3,3,190.6
12951,Rajdhani,Mumbai,Surat,236.1,69.5,5.5,4.3,0.206,Clear,0,2,187.9
12723,Express,Hyderabad,Kazipet,124.0,59.2,17.8,12.1,0.024,Rain,0,6,155.5
12723,Express,Kazipet,Warangal,40.0,73.0,-4.6,0.0,0.115,Clear,1,0,30.5
12723,Express,Gudur,Chennai,206.6,58.5,3.9,0.0,0.156,Clear,9,6,209.0
12951,Rajdhani,Mumbai,Surat,214.2,66.6,26.6,10.5,0.236,Clear,0,1,199.1
12723,Express,Vijayawada,Gudur,185.0,55.4,10.6,11.7,0.09,Clear,6,4,212.2
12951,Rajdhani,Ratlam,Kota,162.8,56.6,21.6,16.9,0.391,Rain,7,5,207.4
12301,Rajdhani,New Delhi,Kanpur,169.2,76.2,-5.0,0.0,0.544,Clear,0,3,169.7
12860,Express,Pune,Solapur,151.8,58.2,19.1,6.9,0.163,Clear,3,3,199.8
12860,Express,Wadi,Secunderabad,193.3,63.8,4.9,6.0,0.255,Rain,9,3,181.1
12301,Rajdhani,Gaya,Howrah,155.1,54.8,28.9,9.4,0.073,Clear,10,3,192.6
12723,Express,Vijayawada,Gudur,195.1,67.7,22.3,0.4,0.202,Clear,6,6,209.1
12723,Express,Warangal,Vijayawada,206.2,74.6,16.0,0.0,0.302,Clear,2,0,212.7
12627,Express,Warangal,Secunderabad,193.9,62.3,-5.0,3.8,0.303,Clear,9,1,189.4
12723,Express,Gudur,Chennai,167.2,55.9,-5.0,12.8,0.303,Clear,9,3,203.8
12951,Rajdhani,Mumbai,Surat,193.4,65.3,17.4,6.4,0.078,Clear,23,0,193.0
12259,Duronto,Gaya,DDU,177.0,69.3,30.3,13.5,0.295,Clear,6,0,182.5
12259,Duronto,DDU,New Delhi,238.3,75.3,-5.0,16.3,0.012,Fog,9,3,211.5
12951,Rajdhani,Kota,New Delhi,203.9,67.5,8.4,13.6,0.092,Clear,9,3,209.2
12627,Express,Warangal,Secunderabad,153.7,56.3,13.9,11.3,0.192,Clear,9,0,211.9
12627,Express,Nellore,Vijayawada,161.0,61.3,23.0,12.4,0.255,Rain,3,1,195.4
12627,Express,Vijayawada,Warangal,226.2,69.3,8.8,25.6,0.343,Rain,7,3,197.8
12860,Express,Pune,Solapur,183.9,56.3,7.4,4.9,0.431,Clear,3,6,205.4
12301,Rajdhani,Gaya,Howrah,207.2,68.5,7.1,16.9,0.248,Clear,9,2,184.9
12301,Rajdhani,New Delhi,Kanpur,162.4,65.0,24.4,0.0,0.068,Rain,23,0,169.3
12723,Express,Warangal,Vijayawada,218.0,60.3,43.2,25.4,0.645,Clear,2,5,235.8
12301,Rajdhani,New Delhi,Kanpur,167.5,61.8,18.2,9.9,0.108,Clear,23,5,178.3
12723,Express,Kazipet,Warangal,40.0,58.2,28.8,11.5,0.153,Clear,2,4,56.7
12951,Rajdhani,Kota,New Delhi,272.9,71.7,30.3,0.0,0.263,Rain,10,3,221.3
12860,Express,Pune,Solapur,194.7,74.1,-4.4,2.4,0.148,Clear,4,4,185.8
12860,Express,Wadi,Secunderabad,224.5,78.3,-5.0,20.2,0.249,Rain,10,0,185.9
12951,Rajdhani,Kota,New Delhi,207.0,72.0,8.6,10.3,0.494,Clear,10,6,219.6
12951,Rajdhani,Mumbai,Surat,234.9,76.8,31.2,18.5,0.095,Clear,23,5,193.4
12259,Duronto,Sealdah,Asansol,174.8,70.1,2.6,12.2,0.164,Clear,23,3,152.4
12259,Duronto,Sealdah,Asansol,168.6,66.5,17.4,21.7,0.424,Heavy Rain,0,5,178.6
12301,Rajdhani,Kanpur,Prayagraj,204.0,68.0,-0.5,11.0,0.184,Clear,2,5,158.1
12860,Express,Solapur,Kalaburagi,206.7,74.6,26.8,4.0,0.457,Rain,6,3,178.4
12301,Rajdhani,Gaya,Howrah,243.8,78.2,13.5,16.4,0.221,Rain,9,4,186.0
12860,Express,Solapur,Kalaburagi,175.1,66.6,-5.0,0.5,0.592,Clear,5,1,149.6
12723,Express,Hyderabad,Kazipet,123.3,64.5,27.6,8.6,0.319,Clear,23,4,154.5
12301,Rajdhani,Kanpur,Prayagraj,129.4,53.5,25.2,14.1,0.501,Heavy Rain,2,6,201.9
12860,Express,Solapur,Kalaburagi,131.2,58.2,8.5,13.7,0.265,Clear,6,2,173.4
12860,Express,Pune,Solapur,181.4,63.3,-1.6,3.7,0.163,Clear,3,6,185.6
12723,Express,Vijayawada,Gudur,231.5,63.0,18.6,7.4,0.1,Clear,5,2,209.4
12723,Express,Kazipet,Warangal,40.0,43.5,10.3,0.0,0.089,Clear,1,4,66.2
12259,Duronto,Asansol,Dhanbad,141.9,82.8,3.9,14.1,0.191,Rain,2,6,105.7
12723,Express,Vijayawada,Gudur,175.9,57.2,-5.0,8.8,0.262,Clear,5,2,213.2
12860,Express,Kalaburagi,Wadi,83.1,62.4,23.0,23.4,0.213,Clear,8,6,91.3
12951,Rajdhani,Vadodara,Ratlam,225.9,73.4,18.7,8.1,0.626,Clear,5,4,190.1
12723,Express,Gudur,Chennai,251.9,70.2,15.2,8.5,0.382,Clear,9,4,202.7
12723,Express,Gudur,Chennai,170.1,56.9,26.4,0.0,0.343,Heavy Rain,9,3,226.3
12627,Express,Gudur,Nellore,61.3,58.0,26.1,12.2,0.196,Clear,1,0,80.5
12301,Rajdhani,New Delhi,Kanpur,190.3,76.0,3.6,5.9,0.146,Rain,23,2,160.1
12951,Rajdhani,Ratlam,Kota,197.5,68.5,16.9,0.0,0.379,Rain,8,4,204.4
12951,Rajdhani,Kota,New Delhi,260.7,75.2,-5.0,15.5,0.327,Clear,10,0,199.9
12860,Express,Wadi,Secunderabad,139.9,54.6,15.7,9.4,0.254,Clear,9,3,183.2
12860,Express,Pune,Solapur,182.9,69.2,20.5,2.3,0.41,Clear,3,5,195.5
12301,Rajdhani,Kanpur,Prayagraj,272.8,89.1,2.1,22.8,0.11,Clear,1,3,175.4
12723,Express,Gudur,Chennai,181.8,50.3,14.7,8.9,0.043,Fog,9,1,236.6
12627,Express,Chennai,Gudur,190.1,68.7,19.1,0.0,0.153,Rain,0,1,159.7
12259,Duronto,Sealdah,Asansol,164.3,71.1,-5.0,22.7,0.572,Clear,23,1,163.5
12951,Rajdhani,Kota,New Delhi,248.2,76.4,15.0,1.1,0.289,Clear,11,4,211.6
12723,Express,Hyderabad,Kazipet,109.3,59.0,19.3,11.9,0.029,Rain,0,5,146.7
12951,Rajdhani,Mumbai,Surat,190.6,67.2,-5.0,23.0,0.395,Heavy Rain,23,4,205.7
12259,Duronto,Dhanbad,Gaya,199.6,73.7,2.2,6.7,0.187,Clear,3,4,158.8
12301,Rajdhani,Prayagraj,DDU,184.3,65.0,25.9,21.5,0.595,Heavy Rain,4,2,199.0
12259,Duronto,Sealdah,Asansol,152.3,68.3,18.8,21.1,0.265,Clear,0,3,166.5
12723,Express,Hyderabad,Kazipet,146.0,58.9,6.0,4.2,0.633,Clear,23,6,155.4
12723,Express,Gudur,Chennai,160.3,57.0,2.9,0.0,0.637,Clear,9,3,215.4
12860,Express,Wadi,Secunderabad,151.7,65.1,8.1,23.1,0.084,Clear,9,1,166.2
12860,Express,Solapur,Kalaburagi,152.9,68.0,19.2,8.8,0.486,Clear,6,6,171.0
12259,Duronto,DDU,New Delhi,195.6,52.5,17.4,0.0,0.734,Heavy Rain,10,2,249.1
12259,Duronto,DDU,New Delhi,175.9,57.7,5.0,18.6,0.213,Clear,8,0,224.1
12259,Duronto,Gaya,DDU,183.7,62.9,16.3,14.1,0.351,Clear,7,2,181.5
12627,Express,Vijayawada,Warangal,254.7,84.3,8.9,13.6,0.422,Clear,7,1,191.0
12860,Express,Kalaburagi,Wadi,99.6,70.4,-0.7,0.7,0.233,Fog,7,3,86.6
12259,Duronto,DDU,New Delhi,255.3,71.4,29.0,20.8,0.159,Clear,9,0,217.3
12301,Rajdhani,Prayagraj,DDU,196.0,70.7,24.8,14.6,0.257,Clear,4,3,168.7
12860,Express,Solapur,Kalaburagi,195.8,70.0,-5.0,4.2,0.151,Clear,5,6,154.0
12627,Express,Vijayawada,Warangal,160.4,62.8,11.9,21.0,0.157,Rain,7,4,190.3
12860,Express,Pune,Solapur,239.3,71.9,-5.0,15.0,0.036,Clear,3,3,169.2
12723,Express,Vijayawada,Gudur,226.5,61.0,0.2,19.1,0.436,Clear,5,4,218.5
12860,Express,Pune,Solapur,196.2,59.5,-4.0,3.8,0.121,Rain,4,3,194.3
12951,Rajdhani,Vadodara,Ratlam,160.5,65.1,12.7,3.9,0.423,Rain,5,3,195.1
12301,Rajdhani,New Delhi,Kanpur,208.6,80.9,-3.2,23.0,0.33,Heavy Rain,0,6,180.2
12860,Express,Solapur,Kalaburagi,187.5,65.2,5.8,17.5,0.191,Fog,6,1,166.0
12627,Express,Chennai,Gudur,160.9,65.7,15.0,0.0,0.179,Rain,0,4,154.9
12627,Express,Warangal,Secunderabad,157.8,55.9,20.8,19.2,0.277,Rain,10,3,210.9
12301,Rajdhani,New Delhi,Kanpur,202.3,68.7,21.6,12.2,0.251,Clear,23,0,160.0
12951,Rajdhani,Ratlam,Kota,212.0,81.1,17.6,12.2,0.381,Clear,7,4,197.6
12301,Rajdhani,DDU,Gaya,136.7,70.0,23.0,16.4,0.201,Rain,8,3,152.0
12259,Duronto,DDU,New Delhi,271.8,81.4,8.2,0.0,0.396,Clear,9,3,214.2
12259,Duronto,Asansol,Dhanbad,139.5,77.1,-2.9,6.2,0.37,Clear,3,1,91.6
12723,Express,Vijayawada,Gudur,192.0,62.4,-3.1,3.2,0.09,Clear,5,3,191.4
12301,Rajdhani,Gaya,Howrah,233.7,77.9,1.6,4.0,0.417,Heavy Rain,9,2,194.4
12259,Duronto,Dhanbad,Gaya,154.1,67.1,-3.1,14.9,0.233,Clear,4,2,153.6
12723,Express,Warangal,Vijayawada,200.2,70.2,18.7,17.7,0.222,Clear,3,6,213.5
12627,Express,Warangal,Secunderabad,207.5,66.0,8.4,10.7,0.266,Fog,9,4,191.5
12723,Express,Warangal,Vijayawada,145.4,46.4,38.6,10.7,0.216,Clear,2,1,234.7
12951,Rajdhani,Kota,New Delhi,236.2,66.1,22.9,11.4,0.245,Clear,10,4,218.7
12259,Duronto,Asansol,Dhanbad,102.7,64.6,-5.0,13.4,0.301,Clear,2,1,104.6
12301,Rajdhani,DDU,Gaya,141.7,59.6,7.0,10.5,0.569,Clear,7,2,155.2
12860,Express,Wadi,Secunderabad,136.8,54.2,16.3,0.0,0.101,Clear,10,0,170.9
12723,Express,Hyderabad,Kazipet,153.6,63.0,9.4,5.2,0.134,Clear,23,4,159.7
12301,Rajdhani,Gaya,Howrah,183.6,63.1,14.3,17.4,0.635,Fog,10,2,205.6
12627,Express,Nellore,Vijayawada,181.0,64.0,11.1,3.0,0.203,Clear,3,6,205.8
12627,Express,Warangal,Secunderabad,184.0,60.9,19.8,17.2,0.019,Rain,10,0,197.1
12627,Express,Chennai,Gudur,141.7,58.5,19.2,22.4,0.164,Rain,0,3,177.7
12951,Rajdhani,Ratlam,Kota,187.7,68.0,31.4,1.2,0.574,Heavy Rain,7,6,218.2
12723,Express,Hyderabad,Kazipet,112.3,55.6,31.7,8.9,0.429,Clear,23,5,162.2
12860,Express,Wadi,Secunderabad,191.3,70.7,7.3,24.9,0.349,Clear,9,1,170.7
12627,Express,Vijayawada,Warangal,205.6,61.9,15.7,29.6,0.313,Clear,6,0,211.1
12723,Express,Kazipet,Warangal,43.3,71.6,-1.8,14.8,0.7,Clear,2,0,60.5
12723,Express,Kazipet,Warangal,45.4,68.1,11.2,3.4,0.28,Fog,1,0,54.3
12951,Rajdhani,Surat,Vadodara,127.8,71.4,3.6,2.6,0.146,Clear,2,5,124.3
12860,Express,Kalaburagi,Wadi,95.0,68.8,3.1,10.4,0.076,Clear,8,4,85.5
12301,Rajdhani,Kanpur,Prayagraj,170.0,68.9,0.9,13.4,0.065,Clear,2,1,163.8
12301,Rajdhani,DDU,Gaya,165.7,76.9,12.8,19.7,0.217,Fog,8,3,166.4
12723,Express,Warangal,Vijayawada,182.7,62.0,7.3,16.7,0.32,Clear,2,5,211.8
12951,Rajdhani,Surat,Vadodara,112.8,57.6,23.5,21.1,0.4,Clear,1,4,131.3
12627,Express,Nellore,Vijayawada,167.7,51.5,3.2,9.6,0.122,Clear,3,1,191.5
12301,Rajdhani,New Delhi,Kanpur,207.3,75.5,13.3,3.0,0.223,Clear,23,4,170.2
12860,Express,Solapur,Kalaburagi,93.7,43.3,42.3,10.6,0.415,Clear,5,6,198.7
12301,Rajdhani,Gaya,Howrah,210.5,68.2,23.8,11.6,0.645,Heavy Rain,9,4,208.3
12627,Express,Vijayawada,Warangal,167.1,62.4,1.6,11.8,0.207,Clear,6,6,186.3
12301,Rajdhani,Prayagraj,DDU,190.4,63.0,30.3,0.0,0.09,Clear,4,0,179.7
12723,Express,Warangal,Vijayawada,216.4,74.9,21.7,1.0,0.207,Clear,3,5,202.9
12723,Express,Gudur,Chennai,194.5,60.5,4.1,7.3,0.321,Clear,8,0,209.7
12259,Duronto,Dhanbad,Gaya,160.8,72.1,16.5,34.0,0.645,Rain,3,1,180.2
12627,Express,Nellore,Vijayawada,216.9,68.6,8.9,16.7,0.36,Clear,3,1,186.2
12627,Express,Vijayawada,Warangal,183.2,71.2,0.1,16.4,0.266,Heavy Rain,5,6,192.4
12860,Express,Mumbai,Pune,206.5,65.2,14.8,14.3,0.11,Clear,23,3,201.8
12723,Express,Vijayawada,Gudur,166.5,54.8,11.0,0.0,0.083,Clear,5,5,211.4
12723,Express,Hyderabad,Kazipet,149.1,73.5,26.5,18.4,0.409,Clear,23,6,152.0
12723,Express,Hyderabad,Kazipet,160.1,65.7,31.5,16.0,0.578,Clear,23,2,153.5
12259,Duronto,DDU,New Delhi,205.6,61.4,11.9,5.0,0.194,Clear,8,2,216.1
12259,Duronto,DDU,New Delhi,296.2,76.9,4.5,10.3,0.074,Fog,9,1,219.2
12627,Express,Warangal,Secunderabad,211.0,64.3,12.1,16.5,0.493,Clear,9,6,198.0
12259,Duronto,Sealdah,Asansol,169.6,74.4,13.6,8.7,0.359,Rain,0,6,170.6
12627,Express,Warangal,Secunderabad,198.1,68.3,-2.6,16.7,0.255,Clear,9,5,187.2
12860,Express,Mumbai,Pune,210.4,62.3,10.2,10.3,0.423,Clear,0,0,206.4
12259,Duronto,Asansol,Dhanbad,102.8,73.0,13.3,0.0,0.258,Rain,2,1,100.9
12627,Express,Nellore,Vijayawada,178.0,67.5,11.1,1.9,0.476,Fog,4,3,208.7
12259,Duronto,Dhanbad,Gaya,198.6,78.8,21.1,13.1,0.591,Clear,3,1,170.6
12951,Rajdhani,Mumbai,Surat,220.5,71.8,5.7,14.6,0.174,Clear,23,4,200.8
12627,Express,Chennai,Gudur,142.3,68.1,22.9,4.1,0.246,Clear,0,1,162.0
12301,Rajdhani,DDU,Gaya,162.4,73.2,4.5,10.0,0.12,Rain,7,3,140.6
12860,Express,Pune,Solapur,188.3,69.1,22.6,15.1,0.392,Clear,2,0,200.2
12860,Express,Mumbai,Pune,183.5,61.8,27.4,6.0,0.433,Fog,0,2,220.6
12951,Rajdhani,Vadodara,Ratlam,193.5,76.6,4.5,7.9,0.466,Clear,4,1,186.7
12301,Rajdhani,New Delhi,Kanpur,241.5,90.8,10.9,4.2,0.513,Clear,0,4,169.3
12723,Express,Gudur,Chennai,215.7,71.9,31.7,0.2,0.154,Clear,9,6,213.4
12259,Duronto,DDU,New Delhi,227.9,71.3,5.0,12.8,0.42,Heavy Rain,9,5,224.7
12860,Express,Pune,Solapur,182.8,62.3,5.6,9.9,0.13,Clear,2,5,200.2
12627,Express,Warangal,Secunderabad,211.1,70.9,-3.1,6.9,0.202,Clear,10,6,176.6
12301,Rajdhani,Prayagraj,DDU,218.1,73.5,-1.0,4.8,0.219,Clear,5,2,169.2
12259,Duronto,Gaya,DDU,183.1,64.5,4.2,14.4,0.101,Rain,6,4,183.5
12860,Express,Pune,Solapur,168.2,63.7,-1.5,13.6,0.241,Clear,2,6,191.3
12723,Express,Kazipet,Warangal,40.0,64.2,6.3,11.3,0.086,Rain,2,4,50.4
12860,Express,Solapur,Kalaburagi,150.9,55.5,8.1,15.9,0.165,Clear,6,3,170.3
12860,Express,Kalaburagi,Wadi,84.7,71.2,22.5,8.2,0.61,Rain,8,1,99.6
12259,Duronto,Gaya,DDU,186.1,67.5,1.2,18.2,0.469,Clear,7,4,175.2
12951,Rajdhani,Kota,New Delhi,226.1,71.4,32.7,14.3,0.249,Rain,10,0,225.0
12627,Express,Vijayawada,Warangal,218.2,67.0,19.0,10.6,0.208,Clear,5,3,192.7
12301,Rajdhani,Kanpur,Prayagraj,178.5,78.1,15.4,4.4,0.577,Clear,2,4,170.3
12860,Express,Wadi,Secunderabad,162.0,59.9,29.8,3.8,0.186,Clear,9,1,181.2
12951,Rajdhani,Kota,New Delhi,372.8,110.0,28.0,8.0,0.452,Clear,10,0,219.5
12259,Duronto,Sealdah,Asansol,171.9,60.2,2.2,12.1,0.169,Clear,0,4,153.0
12951,Rajdhani,Mumbai,Surat,241.4,72.4,-1.3,7.6,0.184,Rain,23,5,190.8
12723,Express,Vijayawada,Gudur,155.4,54.9,22.3,0.0,0.609,Rain,5,2,219.6
12723,Express,Kazipet,Warangal,40.0,62.4,10.9,13.7,0.172,Rain,1,6,60.3
12259,Duronto,DDU,New Delhi,306.0,78.1,24.4,7.8,0.09,Clear,9,6,209.5
12860,Express,Kalaburagi,Wadi,85.6,65.8,-2.9,13.9,0.054,Clear,8,2,78.4
12951,Rajdhani,Surat,Vadodara,156.3,78.3,21.0,5.2,0.486,Heavy Rain,3,6,153.1
12259,Duronto,Gaya,DDU,205.4,74.8,22.3,11.7,0.479,Clear,7,0,185.4
12627,Express,Nellore,Vijayawada,190.6,65.4,18.3,3.1,0.265,Rain,3,1,199.8
12627,Express,Gudur,Nellore,78.4,72.8,5.6,26.7,0.107,Clear,3,4,68.2
12860,Express,Pune,Solapur,188.1,64.3,14.4,28.8,0.167,Clear,3,3,198.7
12951,Rajdhani,Surat,Vadodara,120.7,62.9,-5.0,1.8,0.141,Clear,2,4,117.8
12723,Express,Kazipet,Warangal,40.0,49.1,24.7,9.2,0.075,Heavy Rain,1,1,79.5
12723,Express,Warangal,Vijayawada,194.7,54.4,11.4,20.2,0.096,Clear,2,0,218.8
12301,Rajdhani,Gaya,Howrah,192.1,69.7,22.3,8.9,0.35,Clear,10,1,192.6
12951,Rajdhani,Mumbai,Surat,265.0,79.2,7.0,4.1,0.253,Clear,23,3,196.8
12627,Express,Nellore,Vijayawada,144.4,54.2,13.1,12.7,0.083,Fog,3,5,202.1
12951,Rajdhani,Mumbai,Surat,200.5,65.8,-5.0,0.0,0.181,Heavy Rain,23,5,196.8
12951,Rajdhani,Kota,New Delhi,199.9,64.4,21.9,0.0,0.182,Clear,11,5,207.2
12860,Express,Kalaburagi,Wadi,63.6,53.1,6.9,10.0,0.819,Fog,8,0,109.8
12860,Express,Mumbai,Pune,232.9,72.2,-4.3,2.1,0.053,Rain,23,0,197.3
12301,Rajdhani,DDU,Gaya,118.2,46.4,10.6,9.0,0.51,Rain,7,1,167.9
12627,Express,Chennai,Gudur,137.6,62.8,-5.0,16.6,0.296,Clear,23,4,152.9
12627,Express,Warangal,Secunderabad,155.6,52.0,32.4,17.0,0.041,Rain,9,6,207.3
12723,Express,Vijayawada,Gudur,174.6,58.0,15.4,15.7,0.126,Clear,5,5,216.8
12860,Express,Pune,Solapur,185.7,54.1,18.4,11.6,0.194,Rain,2,1,204.7
12627,Express,Warangal,Secunderabad,173.9,52.2,22.1,24.9,0.358,Rain,9,3,220.7
12723,Express,Gudur,Chennai,213.0,70.1,17.0,9.1,0.192,Heavy Rain,9,5,225.3
12627,Express,Gudur,Nellore,58.0,56.7,35.5,5.2,0.36,Rain,2,0,101.1
12860,Express,Solapur,Kalaburagi,156.0,60.0,10.1,4.8,0.085,Clear,7,4,164.6
12951,Rajdhani,Ratlam,Kota,210.8,68.2,33.7,18.2,0.211,Heavy Rain,7,3,213.8
12723,Express,Kazipet,Warangal,40.0,58.1,-5.0,9.1,0.199,Clear,1,1,49.7
12259,Duronto,Asansol,Dhanbad,86.6,56.0,11.2,11.1,0.412,Rain,1,5,122.0
12627,Express,Vijayawada,Warangal,156.7,57.2,13.7,8.6,0.038,Clear,5,3,192.9
12259,Duronto,Gaya,DDU,258.6,92.9,-5.0,0.0,0.081,Clear,6,5,164.5
12951,Rajdhani,Kota,New Delhi,231.8,73.9,-1.2,17.9,0.293,Fog,10,2,215.7
12627,Express,Gudur,Nellore,74.3,67.2,-5.0,0.0,0.07,Clear,2,2,74.5
12951,Rajdhani,Mumbai,Surat,243.8,73.3,2.5,12.4,0.326,Clear,23,2,199.8
12259,Duronto,Dhanbad,Gaya,153.9,65.6,18.3,25.1,0.178,Clear,4,5,167.6
12259,Duronto,DDU,New Delhi,201.2,63.9,15.8,3.1,0.098,Rain,9,0,207.0
12259,Duronto,DDU,New Delhi,194.5,66.5,-1.4,4.2,0.1,Clear,9,0,219.2
12723,Express,Warangal,Vijayawada,230.6,71.1,16.0,12.6,0.085,Clear,2,2,211.2
12860,Express,Kalaburagi,Wadi,60.9,52.1,9.2,0.0,0.168,Clear,9,5,97.5
12723,Express,Kazipet,Warangal,41.0,76.0,9.3,9.2,0.303,Rain,2,1,47.1
12951,Rajdhani,Kota,New Delhi,230.3,64.9,-0.1,16.4,0.283,Heavy Rain,10,0,216.8
12723,Express,Kazipet,Warangal,41.7,67.0,3.2,1.9,0.033,Clear,2,4,40.0
12860,Express,Kalaburagi,Wadi,75.6,56.0,31.4,13.1,0.168,Rain,8,4,113.4
12951,Rajdhani,Ratlam,Kota,234.1,73.6,8.7,0.8,0.179,Clear,8,1,177.5
12627,Express,Vijayawada,Warangal,171.4,53.8,29.7,8.3,0.29,Clear,6,2,195.8
12627,Express,Chennai,Gudur,167.4,61.0,30.2,9.1,0.493,Clear,23,3,171.4
12860,Express,Wadi,Secunderabad,174.1,57.9,10.7,8.9,0.182,Clear,10,2,179.4
12627,Express,Warangal,Secunderabad,174.0,67.6,36.7,20.9,0.547,Clear,9,3,199.7
12723,Express,Gudur,Chennai,216.1,63.1,-1.8,2.5,0.162,Clear,9,4,200.1
12259,Duronto,Dhanbad,Gaya,188.1,68.1,18.5,9.8,0.146,Clear,3,6,152.8
12951,Rajdhani,Vadodara,Ratlam,179.1,71.9,8.7,4.8,0.258,Clear,5,0,183.4
12860,Express,Mumbai,Pune,207.9,60.4,24.3,0.0,0.075,Clear,23,0,202.3
12259,Duronto,DDU,New Delhi,290.9,81.8,35.2,21.4,0.666,Fog,9,2,251.9
12627,Express,Vijayawada,Warangal,157.8,61.5,-5.0,17.6,0.078,Rain,6,2,191.4
12860,Express,Mumbai,Pune,162.6,57.1,6.0,6.5,0.207,Heavy Rain,22,3,212.5
12951,Rajdhani,Kota,New Delhi,197.4,66.1,16.8,13.5,0.205,Rain,10,0,211.3
12627,Express,Gudur,Nellore,54.9,55.3,-5.0,5.0,0.179,Rain,2,1,80.5
12301,Rajdhani,DDU,Gaya,147.1,63.0,13.8,18.0,0.299,Heavy Rain,7,4,172.4
12860,Express,Pune,Solapur,201.6,59.6,17.4,7.9,0.581,Clear,4,0,201.0
12259,Duronto,Dhanbad,Gaya,201.9,74.9,31.7,2.9,0.451,Heavy Rain,3,4,185.1
12301,Rajdhani,Gaya,Howrah,174.1,67.0,28.9,0.0,0.433,Clear,10,3,184.7
12301,Rajdhani,Kanpur,Prayagraj,160.0,59.2,19.3,28.4,0.161,Rain,2,5,191.2
12259,Duronto,DDU,New Delhi,270.1,75.0,5.3,9.3,0.284,Fog,8,2,219.0
12301,Rajdhani,Gaya,Howrah,212.3,70.8,11.8,0.0,0.135,Fog,10,6,182.4
12301,Rajdhani,Prayagraj,DDU,203.5,71.0,13.3,18.2,0.219,Rain,5,3,184.0
12860,Express,Kalaburagi,Wadi,74.0,60.5,11.8,12.8,0.177,Clear,8,4,85.0
12259,Duronto,Sealdah,Asansol,178.0,62.8,18.4,21.1,0.285,Rain,23,3,176.8
12951,Rajdhani,Ratlam,Kota,183.8,71.9,30.9,4.4,0.092,Clear,8,6,186.8
12627,Express,Vijayawada,Warangal,192.6,60.0,0.2,3.1,0.655,Clear,6,2,187.0
12723,Express,Warangal,Vijayawada,189.8,62.0,37.3,13.5,0.204,Clear,3,2,222.4
12860,Express,Solapur,Kalaburagi,135.1,57.6,17.1,6.6,0.549,Rain,6,6,181.2
12259,Duronto,DDU,New Delhi,212.4,55.7,30.4,1.4,0.288,Clear,8,0,226.7
12301,Rajdhani,Kanpur,Prayagraj,201.6,67.6,-5.0,1.8,0.396,Clear,1,6,170.9
12860,Express,Kalaburagi,Wadi,94.2,72.6,1.4,9.2,0.239,Rain,9,3,90.7
12951,Rajdhani,Vadodara,Ratlam,194.0,63.7,19.1,3.7,0.255,Rain,4,6,192.1
12951,Rajdhani,Vadodara,Ratlam,187.9,61.8,-1.6,12.4,0.549,Clear,5,5,186.5
12951,Rajdhani,Surat,Vadodara,154.2,69.0,16.4,15.3,0.033,Clear,2,0,143.3
12301,Rajdhani,Prayagraj,DDU,203.1,73.2,-1.3,15.4,0.505,Fog,5,1,172.3
12301,Rajdhani,Gaya,Howrah,190.0,66.1,12.4,20.0,0.133,Clear,10,3,175.8
12301,Rajdhani,DDU,Gaya,162.2,81.1,6.6,21.2,0.359,Heavy Rain,7,0,165.1
12301,Rajdhani,Gaya,Howrah,240.6,83.3,1.5,12.7,0.593,Clear,9,4,196.1
12723,Express,Kazipet,Warangal,40.3,71.0,3.6,5.5,0.106,Clear,1,5,43.5
12259,Duronto,Sealdah,Asansol,181.0,67.6,23.5,16.7,0.643,Clear,23,6,180.1
12860,Express,Mumbai,Pune,217.6,78.9,7.4,0.6,0.156,Clear,0,3,196.5
12301,Rajdhani,Prayagraj,DDU,193.0,64.9,6.4,16.8,0.3,Clear,5,6,177.8
12951,Rajdhani,Kota,New Delhi,231.0,66.2,-5.0,11.1,0.273,Rain,11,5,212.2
12259,Duronto,Sealdah,Asansol,123.0,56.2,18.2,3.1,0.202,Heavy Rain,0,1,185.8
12259,Duronto,Asansol,Dhanbad,97.4,67.6,19.5,4.5,0.462,Clear,3,6,114.0
12860,Express,Wadi,Secunderabad,141.5,61.0,5.3,10.3,0.247,Clear,9,1,181.4
12951,Rajdhani,Vadodara,Ratlam,221.8,70.6,4.8,8.2,0.408,Clear,4,0,180.5
12723,Express,Hyderabad,Kazipet,151.3,73.1,22.6,15.7,0.202,Clear,23,1,141.1
12627,Express,Vijayawada,Warangal,166.0,61.0,19.8,7.1,0.466,Clear,6,6,203.4
12259,Duronto,Dhanbad,Gaya,187.8,80.3,-5.0,9.9,0.523,Clear,3,6,163.8
12301,Rajdhani,Gaya,Howrah,210.8,77.7,21.0,7.4,0.027,Clear,10,2,174.2
12860,Express,Pune,Solapur,225.3,75.6,-5.0,8.1,0.134,Heavy Rain,3,5,195.6
12723,Express,Vijayawada,Gudur,228.9,66.4,37.0,4.0,0.318,Clear,6,4,221.8
12301,Rajdhani,Gaya,Howrah,253.3,79.4,10.7,13.2,0.355,Clear,9,1,184.1
12723,Express,Vijayawada,Gudur,169.3,57.8,14.7,0.0,0.061,Clear,5,6,209.1
12627,Express,Vijayawada,Warangal,219.5,69.5,25.4,9.3,0.071,Rain,6,2,202.3
12860,Express,Wadi,Secunderabad,160.4,70.7,15.0,7.9,0.46,Clear,9,1,173.4
12860,Express,Mumbai,Pune,199.1,61.3,13.1,9.7,0.259,Clear,0,4,210.4
12301,Rajdhani,New Delhi,Kanpur,171.0,60.9,3.8,15.9,0.245,Fog,23,1,179.2
12860,Express,Kalaburagi,Wadi,91.0,63.1,7.3,13.0,0.24,Clear,8,5,100.8
12723,Express,Vijayawada,Gudur,214.7,58.9,9.8,3.7,0.125,Heavy Rain,6,2,212.9
12259,Duronto,Asansol,Dhanbad,119.1,76.3,21.7,3.4,0.465,Clear,2,0,121.3
12951,Rajdhani,Mumbai,Surat,186.1,61.8,14.0,7.9,0.364,Clear,23,3,188.8
12301,Rajdhani,New Delhi,Kanpur,168.4,56.9,-5.0,10.6,0.307,Clear,23,0,174.0
12301,Rajdhani,Gaya,Howrah,244.9,75.1,9.5,20.4,0.319,Clear,10,3,173.3
12301,Rajdhani,New Delhi,Kanpur,161.0,70.7,10.0,6.5,0.244,Rain,0,4,168.6
12301,Rajdhani,Prayagraj,DDU,178.9,69.4,-3.8,11.2,0.518,Clear,4,1,173.6
12301,Rajdhani,Kanpur,Prayagraj,210.3,71.4,30.6,10.3,0.245,Rain,2,1,176.1
12860,Express,Kalaburagi,Wadi,88.8,69.1,13.0,16.9,0.169,Clear,8,3,96.5
12259,Duronto,Gaya,DDU,211.7,69.6,8.6,12.7,0.072,Fog,6,2,174.5
12951,Rajdhani,Ratlam,Kota,258.1,76.4,7.1,15.9,0.312,Clear,7,0,194.7
12301,Rajdhani,New Delhi,Kanpur,122.7,55.9,23.1,12.4,0.146,Clear,23,5,178.1
12951,Rajdhani,Ratlam,Kota,222.3,81.0,12.5,12.9,0.063,Clear,7,6,185.1
12723,Express,Hyderabad,Kazipet,149.3,74.4,23.8,9.6,0.284,Clear,0,6,143.6
12860,Express,Solapur,Kalaburagi,126.1,49.0,20.4,6.4,0.253,Rain,6,0,179.7
12723,Express,Gudur,Chennai,207.0,72.0,12.1,0.0,0.228,Fog,8,5,219.6
12723,Express,Hyderabad,Kazipet,129.1,60.1,31.9,17.8,0.054,Clear,0,2,144.9
12951,Rajdhani,Vadodara,Ratlam,263.0,82.8,12.9,12.2,0.293,Rain,4,5,186.4
12860,Express,Pune,Solapur,221.7,65.6,-1.9,4.3,0.267,Rain,3,3,199.4
12951,Rajdhani,Mumbai,Surat,213.5,78.5,7.2,5.2,0.553,Heavy Rain,23,3,203.3
12860,Express,Mumbai,Pune,200.7,60.8,13.0,25.0,0.403,Clear,0,3,206.5
12301,Rajdhani,New Delhi,Kanpur,248.9,86.6,3.6,20.4,0.059,Clear,0,3,152.5
12723,Express,Warangal,Vijayawada,125.8,40.8,-5.0,9.9,0.486,Clear,2,3,219.4
12301,Rajdhani,DDU,Gaya,131.5,64.4,-5.0,15.1,0.154,Heavy Rain,7,2,144.0
12627,Express,Warangal,Secunderabad,188.8,73.9,16.6,13.9,0.218,Clear,9,2,204.4
12301,Rajdhani,Gaya,Howrah,167.3,64.4,2.2,11.5,0.262,Rain,10,2,178.9
12951,Rajdhani,Mumbai,Surat,208.4,69.6,8.5,5.7,0.205,Fog,0,0,195.5
12627,Express,Warangal,Secunderabad,169.1,52.8,-1.5,13.1,0.203,Clear,9,6,206.1
12860,Express,Pune,Solapur,202.6,73.6,18.5,0.0,0.176,Clear,3,3,193.4
12860,Express,Pune,Solapur,159.3,58.9,6.7,8.5,0.315,Rain,3,3,199.8
12951,Rajdhani,Mumbai,Surat,206.9,67.2,8.9,17.4,0.031,Rain,23,2,187.2
12627,Express,Vijayawada,Warangal,198.6,63.9,-1.3,0.0,0.242,Clear,5,3,184.1
12951,Rajdhani,Mumbai,Surat,210.8,72.1,0.9,12.7,0.276,Clear,0,1,186.3
12259,Duronto,Sealdah,Asansol,207.9,77.1,18.7,12.0,0.102,Clear,22,0,154.2
12627,Express,Vijayawada,Warangal,145.5,48.9,-3.5,7.6,0.069,Rain,6,2,194.3
12723,Express,Kazipet,Warangal,40.0,74.2,27.2,8.0,0.29,Rain,2,6,47.0
12951,Rajdhani,Vadodara,Ratlam,184.0,57.6,21.7,9.7,0.32,Clear,4,4,191.0
12951,Rajdhani,Ratlam,Kota,215.6,82.6,-0.2,17.3,0.27,Fog,8,0,202.0
12627,Express,Warangal,Secunderabad,286.9,84.6,22.6,12.7,0.303,Clear,10,4,213.2
12723,Express,Gudur,Chennai,253.4,74.8,13.0,18.8,0.6,Heavy Rain,8,2,230.2
12301,Rajdhani,DDU,Gaya,166.7,74.5,-4.2,9.1,0.336,Heavy Rain,8,6,153.8
12259,Duronto,DDU,New Delhi,238.1,80.3,37.1,13.9,0.212,Fog,8,2,235.3
12860,Express,Pune,Solapur,152.3,48.5,18.2,6.3,0.709,Rain,2,5,225.0
12951,Rajdhani,Kota,New Delhi,251.6,73.1,8.8,0.0,0.47,Clear,10,1,203.8
12301,Rajdhani,Kanpur,Prayagraj,139.3,57.4,16.6,2.4,0.178,Rain,2,3,173.6
12301,Rajdhani,Prayagraj,DDU,165.4,60.0,24.1,19.8,0.085,Clear,5,0,181.4
12301,Rajdhani,Prayagraj,DDU,188.5,73.8,19.1,2.7,0.416,Clear,6,3,176.8
12951,Rajdhani,Ratlam,Kota,240.0,78.7,33.1,12.5,0.336,Clear,8,3,200.9
12951,Rajdhani,Mumbai,Surat,211.2,73.0,-4.7,13.9,0.32,Clear,1,4,198.8
12301,Rajdhani,DDU,Gaya,175.5,68.1,15.7,14.1,0.082,Rain,8,0,148.0
12627,Express,Nellore,Vijayawada,178.3,65.2,2.0,6.7,0.335,Fog,3,1,198.0
12301,Rajdhani,Prayagraj,DDU,201.2,69.8,16.9,0.0,0.199,Clear,5,6,177.4
12301,Rajdhani,Gaya,Howrah,164.6,62.7,19.4,0.0,0.298,Heavy Rain,10,3,200.1
12627,Express,Vijayawada,Warangal,181.8,60.5,34.7,0.0,0.087,Clear,7,5,186.5
12860,Express,Pune,Solapur,140.5,54.8,23.9,8.7,0.416,Clear,2,4,211.1
12627,Express,Vijayawada,Warangal,173.3,54.7,7.8,4.2,0.121,Rain,6,3,195.3
12301,Rajdhani,New Delhi,Kanpur,180.6,69.5,16.7,24.7,0.147,Clear,23,5,166.9
12627,Express,Chennai,Gudur,144.6,56.5,-5.0,10.1,0.436,Clear,0,2,165.5
12723,Express,Kazipet,Warangal,40.0,57.4,18.5,17.3,0.099,Rain,2,1,47.5
12301,Rajdhani,Gaya,Howrah,200.6,72.8,36.6,13.8,0.487,Fog,10,2,187.0
12723,Express,Kazipet,Warangal,40.0,64.9,23.9,2.0,0.156,Fog,2,3,55.8
12723,Express,Vijayawada,Gudur,214.6,70.5,-3.9,9.9,0.274,Clear,6,6,213.7
12951,Rajdhani,Vadodara,Ratlam,185.4,71.6,17.5,23.1,0.588,Clear,4,6,200.3
12301,Rajdhani,DDU,Gaya,149.2,58.2,23.8,13.1,0.175,Rain,8,6,154.6
12627,Express,Vijayawada,Warangal,248.4,76.9,19.2,0.0,0.362,Rain,6,2,189.1
12951,Rajdhani,Ratlam,Kota,217.1,73.7,30.1,4.7,0.302,Clear,7,2,197.4
12723,Express,Gudur,Chennai,211.6,56.8,15.0,8.3,0.321,Clear,9,4,207.6
12301,Rajdhani,Prayagraj,DDU,183.0,65.1,11.0,15.3,0.384,Clear,5,5,176.2
12301,Rajdhani,Prayagraj,DDU,192.6,69.8,14.4,13.7,0.294,Rain,5,1,178.5
12301,Rajdhani,Kanpur,Prayagraj,190.6,67.8,20.7,11.5,0.345,Fog,2,2,187.0
12951,Rajdhani,Ratlam,Kota,235.9,71.7,-5.0,17.6,0.248,Rain,7,6,171.0
12860,Express,Pune,Solapur,170.4,51.7,36.7,32.6,0.39,Clear,2,4,229.7
12259,Duronto,DDU,New Delhi,265.2,67.7,7.3,13.9,0.25,Clear,8,1,222.7
12301,Rajdhani,Prayagraj,DDU,245.1,82.1,4.9,7.4,0.385,Rain,5,6,189.0
12627,Express,Chennai,Gudur,170.5,78.8,12.9,7.6,0.47,Clear,1,0,161.3
12301,Rajdhani,New Delhi,Kanpur,156.9,69.5,2.7,0.9,0.158,Clear,22,1,154.1
12627,Express,Gudur,Nellore,62.2,50.9,3.5,14.2,0.469,Clear,1,0,87.2
12723,Express,Vijayawada,Gudur,182.2,54.4,16.3,0.0,0.415,Rain,5,1,219.0
12627,Express,Warangal,Secunderabad,180.1,62.6,17.2,4.8,0.348,Heavy Rain,8,4,212.6
12259,Duronto,Gaya,DDU,181.3,67.2,22.3,8.5,0.146,Clear,6,2,182.0
12951,Rajdhani,Kota,New Delhi,222.2,61.1,6.3,25.1,0.167,Clear,10,6,231.4
12627,Express,Gudur,Nellore,73.0,69.0,-0.0,16.3,0.572,Rain,3,5,91.4
12860,Express,Pune,Solapur,191.8,68.6,-5.0,12.4,0.044,Clear,3,3,188.3
12951,Rajdhani,Ratlam,Kota,214.8,80.6,5.7,10.9,0.28,Clear,7,3,190.3
12860,Express,Solapur,Kalaburagi,213.4,82.6,2.8,1.9,0.356,Rain,6,5,169.7
12259,Duronto,Dhanbad,Gaya,210.9,81.0,1.6,12.5,0.227,Rain,3,6,161.4
12627,Express,Vijayawada,Warangal,228.3,66.6,3.5,13.0,0.264,Fog,7,0,206.6
12259,Duronto,DDU,New Delhi,245.2,76.5,1.8,12.1,0.306,Rain,9,3,222.4
12301,Rajdhani,DDU,Gaya,149.7,60.4,18.2,7.8,0.196,Rain,7,3,147.1
12951,Rajdhani,Surat,Vadodara,169.4,84.5,8.0,5.6,0.101,Clear,2,4,127.1
12259,Duronto,DDU,New Delhi,280.9,74.0,12.3,5.4,0.182,Clear,9,1,209.0
12723,Express,Vijayawada,Gudur,191.9,66.6,16.4,24.7,0.3,Fog,6,0,214.0
12627,Express,Warangal,Secunderabad,239.1,70.8,22.8,8.0,0.249,Clear,8,0,196.1
12259,Duronto,Dhanbad,Gaya,157.8,66.3,29.1,4.9,0.117,Rain,4,5,169.3
12259,Duronto,Dhanbad,Gaya,166.5,79.6,8.6,20.5,0.534,Clear,3,5,155.0
12301,Rajdhani,Gaya,Howrah,156.1,64.0,7.9,0.2,0.522,Rain,11,5,187.9
12951,Rajdhani,Kota,New Delhi,224.5,69.2,3.1,17.7,0.094,Rain,11,1,202.2
12723,Express,Vijayawada,Gudur,167.7,60.2,2.8,0.9,0.412,Clear,5,0,213.2
12259,Duronto,Gaya,DDU,204.5,73.8,-1.0,11.7,0.125,Rain,6,5,175.4
12627,Express,Gudur,Nellore,57.8,52.6,12.3,17.8,0.239,Fog,2,1,97.4
12723,Express,Kazipet,Warangal,40.0,60.7,0.9,17.0,0.203,Clear,2,0,50.4
12951,Rajdhani,Vadodara,Ratlam,198.7,63.7,8.9,0.0,0.11,Clear,4,4,180.1
12951,Rajdhani,Ratlam,Kota,215.6,67.6,22.4,8.8,0.14,Clear,7,0,202.0
12301,Rajdhani,Kanpur,Prayagraj,153.4,66.6,4.4,14.6,0.146,Clear,2,2,167.1
12301,Rajdhani,Gaya,Howrah,245.7,75.7,1.4,21.9,0.172,Clear,9,3,177.4
12301,Rajdhani,Gaya,Howrah,167.8,63.3,15.7,17.2,0.378,Rain,9,5,193.7
12627,Express,Gudur,Nellore,68.0,63.6,29.8,5.2,0.277,Clear,2,2,90.6
12723,Express,Kazipet,Warangal,41.1,65.1,5.8,7.2,0.366,Heavy Rain,2,4,64.1
12627,Express,Vijayawada,Warangal,199.6,66.2,11.6,0.6,0.204,Clear,6,0,189.7
12259,Duronto,Gaya,DDU,205.9,68.4,23.8,21.8,0.096,Rain,7,6,176.7
12301,Rajdhani,Prayagraj,DDU,257.7,85.9,4.0,11.3,0.091,Clear,5,5,163.2
12259,Duronto,Gaya,DDU,165.0,70.2,-5.0,12.0,0.128,Clear,7,1,170.1
12259,Duronto,Gaya,DDU,182.8,73.2,3.3,5.3,0.265,Clear,6,2,177.6
12259,Duronto,Gaya,DDU,179.4,59.7,20.7,14.3,0.133,Clear,5,1,188.7
12301,Rajdhani,Gaya,Howrah,264.7,81.4,19.0,11.6,0.141,Clear,10,2,178.5
12860,Express,Pune,Solapur,185.8,64.3,6.6,0.0,0.095,Clear,3,4,180.7
12860,Express,Kalaburagi,Wadi,84.8,61.4,18.3,7.7,0.233,Clear,9,3,98.4
12723,Express,Warangal,Vijayawada,198.0,64.3,39.3,1.6,0.011,Rain,2,3,207.6
12860,Express,Solapur,Kalaburagi,166.9,58.2,8.7,9.4,0.298,Clear,5,4,170.5
12259,Duronto,Asansol,Dhanbad,79.8,58.6,0.5,7.9,0.277,Rain,2,5,118.6
12951,Rajdhani,Ratlam,Kota,208.6,74.5,6.7,4.9,0.22,Clear,8,5,188.7
12951,Rajdhani,Kota,New Delhi,225.2,68.6,44.6,20.4,0.423,Clear,11,2,237.3
12951,Rajdhani,Ratlam,Kota,164.2,59.5,8.1,10.9,0.353,Clear,8,5,194.0
12860,Express,Wadi,Secunderabad,180.8,78.6,7.4,5.3,0.119,Rain,9,0,175.8
12301,Rajdhani,Gaya,Howrah,170.6,60.5,15.4,4.6,0.092,Clear,9,2,181.8
12723,Express,Vijayawada,Gudur,176.4,61.6,-0.6,13.8,0.207,Clear,6,0,208.7
12951,Rajdhani,Kota,New Delhi,193.8,61.0,10.1,0.0,0.1,Clear,11,4,216.8
12723,Express,Warangal,Vijayawada,202.0,59.6,27.6,0.0,0.13,Clear,2,6,210.7
12301,Rajdhani,New Delhi,Kanpur,135.7,61.4,-3.4,13.1,0.495,Clear,23,6,168.2
12627,Express,Vijayawada,Warangal,184.3,55.6,3.5,16.9,0.473,Clear,7,5,197.1
12627,Express,Vijayawada,Warangal,177.4,51.6,15.1,2.0,0.262,Clear,7,1,201.4
12259,Duronto,DDU,New Delhi,263.9,79.3,25.1,7.5,0.121,Clear,9,0,221.3
12301,Rajdhani,Prayagraj,DDU,185.0,71.8,17.6,6.1,0.208,Clear,5,2,172.9
12860,Express,Pune,Solapur,186.1,56.3,9.1,13.8,0.219,Clear,3,4,199.3
12259,Duronto,DDU,New Delhi,213.6,62.0,-4.5,5.5,0.306,Clear,9,4,209.6
12951,Rajdhani,Kota,New Delhi,209.2,62.1,25.2,18.3,0.164,Clear,10,6,227.6
12259,Duronto,DDU,New Delhi,232.4,64.5,24.4,13.0,0.234,Fog,8,2,234.1
12259,Duronto,Asansol,Dhanbad,133.0,77.7,9.1,16.3,0.241,Clear,1,1,112.9
12259,Duronto,Dhanbad,Gaya,156.3,70.7,21.7,8.7,0.326,Clear,4,4,161.7
12860,Express,Pune,Solapur,173.8,60.2,0.3,7.8,0.526,Rain,2,6,204.3
12860,Express,Mumbai,Pune,194.1,65.8,12.8,20.1,0.216,Rain,23,1,220.3
12259,Duronto,DDU,New Delhi,208.0,67.9,-5.0,25.0,0.36,Fog,10,0,216.6
12951,Rajdhani,Surat,Vadodara,161.9,72.8,16.6,13.4,0.25,Heavy Rain,2,2,143.0
12860,Express,Wadi,Secunderabad,140.2,55.4,7.8,0.0,0.515,Heavy Rain,10,5,183.9
12860,Express,Wadi,Secunderabad,128.0,48.3,45.6,7.1,0.086,Clear,9,2,190.7
12259,Duronto,Asansol,Dhanbad,118.5,71.1,8.9,18.3,0.244,Clear,3,6,112.9
12627,Express,Chennai,Gudur,182.9,72.2,14.1,5.8,0.234,Clear,23,6,148.2
12723,Express,Vijayawada,Gudur,277.5,78.4,22.8,0.0,0.262,Rain,5,6,216.6
12723,Express,Warangal,Vijayawada,221.0,62.4,14.2,0.3,0.131,Clear,2,0,199.3
12951,Rajdhani,Ratlam,Kota,215.6,63.2,10.9,10.1,0.347,Clear,8,1,189.6
12259,Duronto,Asansol,Dhanbad,89.5,65.1,34.8,10.1,0.13,Clear,2,0,113.2
12723,Express,Gudur,Chennai,183.4,52.2,4.6,0.0,0.524,Heavy Rain,8,0,231.2
12259,Duronto,Dhanbad,Gaya,174.8,71.5,-2.7,1.0,0.408,Clear,4,4,152.2
12951,Rajdhani,Vadodara,Ratlam,190.4,63.7,-5.0,25.1,0.292,Rain,4,1,192.2
12259,Duronto,Gaya,DDU,164.7,67.5,21.6,18.3,0.23,Clear,7,5,190.5
12259,Duronto,DDU,New Delhi,197.6,59.3,14.7,10.5,0.072,Heavy Rain,8,0,240.1
12951,Rajdhani,Surat,Vadodara,142.7,80.2,26.1,0.0,0.579,Rain,1,2,137.8
12259,Duronto,DDU,New Delhi,247.3,74.5,32.7,26.4,0.164,Clear,9,2,230.6
12860,Express,Solapur,Kalaburagi,148.0,61.5,2.8,3.8,0.555,Clear,6,3,154.4
12627,Express,Nellore,Vijayawada,160.4,59.3,1.6,9.4,0.357,Clear,3,4,189.9
12723,Express,Hyderabad,Kazipet,166.5,66.9,7.6,19.8,0.242,Clear,0,6,142.5
12301,Rajdhani,DDU,Gaya,164.2,74.3,8.9,18.0,0.344,Heavy Rain,8,2,151.1
12627,Express,Nellore,Vijayawada,168.1,60.9,-5.0,22.0,0.252,Clear,3,1,189.6
12723,Express,Hyderabad,Kazipet,147.0,71.0,14.6,10.8,0.041,Rain,0,2,142.1
12301,Rajdhani,Kanpur,Prayagraj,201.6,72.8,13.7,23.5,0.492,Clear,1,5,179.2
12627,Express,Nellore,Vijayawada,195.8,74.6,-4.5,11.3,0.23,Rain,3,2,190.1
12951,Rajdhani,Surat,Vadodara,142.6,64.2,6.1,7.4,0.315,Clear,3,3,132.4
12951,Rajdhani,Vadodara,Ratlam,157.3,61.0,24.5,13.5,0.29,Clear,4,0,192.0
12723,Express,Vijayawada,Gudur,182.6,59.8,6.8,0.8,0.049,Clear,5,0,197.3
12951,Rajdhani,Kota,New Delhi,185.4,60.5,38.9,23.1,0.338,Clear,11,6,239.2
12860,Express,Solapur,Kalaburagi,169.8,63.5,22.3,0.0,0.306,Clear,5,2,173.7
12951,Rajdhani,Vadodara,Ratlam,185.8,67.3,17.8,13.7,0.525,Rain,5,4,192.2
12627,Express,Warangal,Secunderabad,232.1,81.4,14.8,5.8,0.794,Rain,9,4,211.1
12951,Rajdhani,Vadodara,Ratlam,164.0,56.1,23.2,0.0,0.447,Fog,4,6,202.9
12723,Express,Hyderabad,Kazipet,178.6,73.7,23.7,7.3,0.44,Clear,23,6,158.2
12723,Express,Gudur,Chennai,226.3,75.6,6.4,0.0,0.307,Rain,8,4,206.0
12627,Express,Nellore,Vijayawada,210.3,70.9,11.7,19.2,0.127,Heavy Rain,3,3,208.5
12301,Rajdhani,Prayagraj,DDU,192.4,77.3,18.2,5.8,0.258,Rain,5,5,174.6
12723,Express,Hyderabad,Kazipet,99.4,53.0,-0.5,11.3,0.223,Clear,23,6,136.3
12301,Rajdhani,DDU,Gaya,139.7,66.3,5.9,3.0,0.123,Fog,8,0,162.7
12301,Rajdhani,Kanpur,Prayagraj,222.6,74.0,-0.9,14.6,0.55,Rain,2,1,183.6
12627,Express,Gudur,Nellore,71.5,60.9,12.4,2.3,0.443,Clear,3,3,87.4
12259,Duronto,Asansol,Dhanbad,133.0,77.9,10.8,0.0,0.101,Clear,2,3,95.8
12951,Rajdhani,Kota,New Delhi,243.8,70.4,9.5,8.6,0.453,Clear,10,3,219.5
12259,Duronto,Dhanbad,Gaya,158.2,69.9,-5.0,4.8,0.403,Rain,3,3,160.8
12627,Express,Nellore,Vijayawada,196.8,64.8,4.4,14.0,0.56,Clear,3,4,200.1
12301,Rajdhani,DDU,Gaya,197.4,77.4,17.7,14.8,0.543,Clear,8,6,163.0
12627,Express,Chennai,Gudur,190.2,85.0,32.4,11.4,0.232,Clear,0,1,162.6
12259,Duronto,DDU,New Delhi,198.5,57.9,10.7,19.6,0.115,Clear,9,2,219.6
12259,Duronto,Dhanbad,Gaya,160.1,72.1,7.1,11.4,0.237,Clear,3,3,159.1
12627,Express,Vijayawada,Warangal,167.1,59.7,19.2,28.1,0.226,Clear,6,5,209.1
12259,Duronto,DDU,New Delhi,262.9,67.8,5.9,16.3,0.138,Clear,8,0,219.4
12723,Express,Warangal,Vijayawada,217.7,65.5,7.7,7.1,0.404,Clear,2,4,208.0
12860,Express,Wadi,Secunderabad,148.7,56.7,20.6,22.0,0.183,Clear,10,6,176.8
12723,Express,Hyderabad,Kazipet,160.5,64.5,24.8,15.5,0.463,Fog,23,4,151.5
12627,Express,Gudur,Nellore,73.3,60.2,1.8,2.3,0.456,Rain,1,0,88.4
12723,Express,Warangal,Vijayawada,232.8,66.0,8.5,11.9,0.393,Clear,3,6,217.0
12259,Duronto,Dhanbad,Gaya,197.7,89.0,14.4,1.0,0.474,Clear,4,5,157.1
12259,Duronto,DDU,New Delhi,230.9,60.3,3.9,28.7,0.393,Clear,8,2,234.7
12301,Rajdhani,Kanpur,Prayagraj,173.8,65.9,24.6,6.9,0.309,Rain,2,5,176.2
12627,Express,Gudur,Nellore,62.2,58.1,13.5,12.6,0.467,Clear,1,5,90.0
12627,Express,Gudur,Nellore,63.6,65.7,0.7,3.4,0.277,Fog,3,3,80.6
12259,Duronto,Asansol,Dhanbad,114.4,65.6,26.7,13.8,0.15,Rain,2,4,120.4
12259,Duronto,Sealdah,Asansol,149.7,59.3,8.2,6.4,0.397,Clear,0,1,168.7
12723,Express,Hyderabad,Kazipet,106.6,54.7,23.8,12.7,0.623,Rain,23,5,167.1
12860,Express,Pune,Solapur,219.9,70.0,22.6,2.9,0.534,Rain,3,1,209.4
12951,Rajdhani,Ratlam,Kota,159.1,54.5,12.5,9.1,0.183,Fog,8,6,203.3
12301,Rajdhani,DDU,Gaya,113.8,55.3,19.9,0.0,0.44,Clear,8,1,147.0
12627,Express,Nellore,Vijayawada,192.7,59.7,2.3,12.2,0.428,Rain,4,3,195.3
12259,Duronto,Gaya,DDU,199.6,68.4,17.8,14.2,0.357,Fog,6,3,184.2
12301,Rajdhani,Gaya,Howrah,192.6,74.3,-5.0,3.7,0.148,Clear,9,6,180.2
12259,Duronto,Dhanbad,Gaya,177.2,71.4,-2.6,3.1,0.249,Heavy Rain,3,4,161.5
12860,Express,Pune,Solapur,209.4,66.2,7.0,10.0,0.439,Heavy Rain,2,1,209.7
12301,Rajdhani,Gaya,Howrah,163.7,66.0,15.9,7.2,0.343,Rain,10,2,186.5
12723,Express,Hyderabad,Kazipet,150.9,62.0,34.4,11.1,0.36,Clear,22,4,162.5
12723,Express,Gudur,Chennai,188.3,68.0,3.6,11.1,0.179,Rain,9,6,202.1
12301,Rajdhani,Gaya,Howrah,173.2,70.0,-0.8,15.0,0.263,Fog,9,5,177.6
12627,Express,Chennai,Gudur,101.4,48.1,23.7,15.8,0.139,Clear,23,6,174.4
12301,Rajdhani,New Delhi,Kanpur,176.8,70.0,29.6,11.2,0.255,Rain,23,1,165.9
12627,Express,Gudur,Nellore,63.0,56.8,3.3,6.2,0.392,Clear,2,5,72.6
12723,Express,Gudur,Chennai,216.5,59.9,16.4,3.4,0.32,Clear,9,5,214.5
12627,Express,Nellore,Vijayawada,196.6,70.4,2.1,0.0,0.288,Clear,3,3,183.8
12627,Express,Nellore,Vijayawada,150.5,49.4,-5.0,7.8,0.51,Clear,2,3,206.3
12259,Duronto,Sealdah,Asansol,159.1,70.5,2.1,11.7,0.178,Clear,23,6,157.3
12259,Duronto,Dhanbad,Gaya,194.9,71.3,12.6,9.5,0.508,Fog,4,6,173.1
12951,Rajdhani,Vadodara,Ratlam,176.3,72.7,16.9,13.5,0.221,Clear,5,3,185.6
12723,Express,Kazipet,Warangal,40.0,61.1,12.0,16.3,0.293,Rain,2,5,44.7
12301,Rajdhani,New Delhi,Kanpur,158.5,71.5,38.7,0.0,0.404,Clear,0,1,177.2
12860,Express,Pune,Solapur,162.8,62.1,17.4,28.1,0.183,Clear,2,6,200.7
12259,Duronto,Asansol,Dhanbad,106.4,60.0,-5.0,0.3,0.274,Clear,2,1,100.5
12301,Rajdhani,Prayagraj,DDU,204.2,69.9,21.2,0.0,0.148,Rain,5,2,168.6
12301,Rajdhani,New Delhi,Kanpur,218.2,79.9,23.2,3.7,0.394,Rain,23,5,179.5
12259,Duronto,Asansol,Dhanbad,91.9,56.4,0.5,9.7,0.188,Clear,1,6,110.9
12301,Rajdhani,Kanpur,Prayagraj,210.4,78.1,5.4,5.6,0.189,Clear,2,3,161.8
12951,Rajdhani,Surat,Vadodara,114.5,64.1,10.7,15.0,0.218,Rain,2,0,145.2
12723,Express,Gudur,Chennai,224.3,68.1,3.6,8.2,0.501,Clear,10,5,197.6
12627,Express,Vijayawada,Warangal,160.4,59.1,2.4,4.6,0.378,Rain,6,1,191.7
12627,Express,Chennai,Gudur,169.2,64.2,23.0,2.9,0.16,Clear,23,2,162.0
12723,Express,Warangal,Vijayawada,234.5,67.8,20.5,14.7,0.326,Heavy Rain,1,5,237.0
12627,Express,Warangal,Secunderabad,204.6,60.6,28.5,7.8,0.548,Fog,9,5,219.5
12860,Express,Wadi,Secunderabad,133.0,49.6,20.7,11.8,0.459,Rain,9,0,210.5
12301,Rajdhani,DDU,Gaya,160.2,71.4,7.6,20.8,0.161,Rain,7,1,142.8
12951,Rajdhani,Mumbai,Surat,220.8,71.7,10.5,12.9,0.154,Fog,23,0,186.9
12259,Duronto,Sealdah,Asansol,208.1,73.0,-0.8,14.5,0.204,Clear,23,0,142.7
12301,Rajdhani,Gaya,Howrah,215.8,73.5,26.4,4.5,0.291,Rain,10,6,186.4
12951,Rajdhani,Vadodara,Ratlam,227.4,74.6,17.2,8.5,0.175,Clear,4,0,178.9
12860,Express,Pune,Solapur,118.4,38.6,-5.0,3.6,0.39,Clear,3,5,210.9
12259,Duronto,Sealdah,Asansol,189.1,71.2,29.1,11.2,0.17,Fog,23,4,167.2
12723,Express,Vijayawada,Gudur,186.5,66.9,18.3,13.0,0.337,Clear,6,4,209.7
12723,Express,Kazipet,Warangal,40.0,61.2,31.8,9.7,0.375,Clear,2,0,56.5
12723,Express,Vijayawada,Gudur,207.5,59.5,18.3,22.4,0.071,Rain,5,3,217.8
12627,Express,Gudur,Nellore,86.9,82.9,16.3,10.7,0.315,Clear,2,5,84.5
12951,Rajdhani,Vadodara,Ratlam,171.7,65.7,-3.5,7.8,0.099,Clear,4,3,176.0
12951,Rajdhani,Surat,Vadodara,139.7,76.2,-4.9,23.4,0.425,Rain,2,5,141.9
12951,Rajdhani,Surat,Vadodara,166.2,92.9,31.3,19.6,0.229,Rain,1,6,145.6
12301,Rajdhani,Gaya,Howrah,182.8,71.2,9.7,3.5,0.344,Fog,8,4,186.5
12259,Duronto,DDU,New Delhi,246.2,71.2,12.3,17.6,0.351,Clear,8,3,211.1
12259,Duronto,Gaya,DDU,195.3,68.5,23.9,14.9,0.551,Clear,6,6,186.2
12627,Express,Vijayawada,Warangal,181.2,61.3,16.1,7.0,0.33,Clear,6,3,201.9
12627,Express,Nellore,Vijayawada,186.3,65.5,9.8,7.8,0.283,Clear,3,5,199.6
12951,Rajdhani,Surat,Vadodara,102.7,57.6,26.1,12.3,0.631,Clear,3,5,147.2
12627,Express,Gudur,Nellore,64.1,60.3,11.8,7.8,0.145,Rain,1,6,82.1
12951,Rajdhani,Mumbai,Surat,208.8,64.5,21.3,0.0,0.324,Clear,0,3,206.4
12259,Duronto,Gaya,DDU,218.7,71.3,-5.0,10.7,0.277,Clear,6,6,176.8
12259,Duronto,Dhanbad,Gaya,164.4,71.1,7.5,18.4,0.302,Fog,3,3,163.8
12627,Express,Chennai,Gudur,143.1,61.5,-5.0,7.9,0.192,Clear,0,1,165.1
12301,Rajdhani,Prayagraj,DDU,157.7,68.0,18.3,10.5,0.149,Clear,5,4,171.3
12723,Express,Warangal,Vijayawada,262.0,73.4,10.0,0.0,0.256,Clear,3,3,195.0
12860,Express,Wadi,Secunderabad,201.6,67.0,5.5,13.7,0.172,Clear,9,4,162.2
12860,Express,Wadi,Secunderabad,143.5,60.7,0.2,3.2,0.35,Clear,10,4,173.9
12860,Express,Wadi,Secunderabad,186.3,68.0,-5.0,3.7,0.213,Clear,9,1,166.9
12723,Express,Gudur,Chennai,142.1,48.6,3.6,0.0,0.251,Clear,10,1,211.3
12259,Duronto,Asansol,Dhanbad,122.1,67.4,33.3,7.3,0.215,Clear,3,0,111.8
12860,Express,Solapur,Kalaburagi,165.8,63.9,31.2,8.1,0.114,Clear,6,5,168.4
12301,Rajdhani,New Delhi,Kanpur,191.8,67.6,6.8,9.1,0.128,Heavy Rain,0,4,170.1
12860,Express,Pune,Solapur,160.2,53.2,5.7,10.2,0.592,Clear,2,3,204.3
12951,Rajdhani,Surat,Vadodara,145.2,64.8,1.5,5.0,0.091,Rain,3,2,128.0
12627,Express,Warangal,Secunderabad,238.1,69.9,11.2,6.1,0.528,Clear,9,5,192.0
12860,Express,Kalaburagi,Wadi,87.1,66.7,7.7,6.4,0.175,Fog,9,1,95.7
12723,Express,Kazipet,Warangal,40.0,52.9,24.2,6.2,0.263,Rain,2,3,69.3
12627,Express,Vijayawada,Warangal,155.9,57.7,38.0,2.5,0.068,Clear,6,4,203.7
12860,Express,Pune,Solapur,166.3,61.4,21.5,1.9,0.175,Heavy Rain,3,3,211.6
12723,Express,Kazipet,Warangal,40.0,53.2,6.4,23.5,0.187,Clear,2,0,59.2
12951,Rajdhani,Ratlam,Kota,205.9,67.9,-5.0,20.6,0.187,Heavy Rain,7,5,194.4
12723,Express,Gudur,Chennai,151.9,51.5,11.8,5.6,0.039,Clear,9,3,213.3
12301,Rajdhani,Prayagraj,DDU,221.3,82.5,20.7,7.4,0.63,Clear,4,2,178.5
12723,Express,Kazipet,Warangal,41.9,63.1,-5.0,6.8,0.229,Clear,2,4,40.8
12259,Duronto,Asansol,Dhanbad,109.5,70.0,16.1,21.5,0.109,Clear,1,4,109.4
12951,Rajdhani,Ratlam,Kota,229.0,79.0,10.8,12.9,0.733,Clear,7,2,200.5
12951,Rajdhani,Kota,New Delhi,278.6,75.0,10.0,15.5,0.277,Clear,9,3,220.7
12723,Express,Vijayawada,Gudur,209.8,60.4,23.0,8.7,0.372,Heavy Rain,6,6,224.1
12860,Express,Wadi,Secunderabad,163.1,54.8,22.9,11.1,0.205,Clear,10,4,178.3
12723,Express,Gudur,Chennai,181.9,58.6,-5.0,16.5,0.243,Clear,9,6,203.8
12627,Express,Gudur,Nellore,48.1,48.2,-1.0,21.9,0.482,Clear,1,0,91.9
12627,Express,Nellore,Vijayawada,156.9,58.0,9.9,12.0,0.618,Rain,3,0,216.6
12259,Duronto,Dhanbad,Gaya,143.8,56.4,8.4,6.7,0.141,Rain,3,1,158.4
12723,Express,Hyderabad,Kazipet,118.4,63.9,8.5,6.2,0.215,Rain,0,2,141.3
12723,Express,Gudur,Chennai,234.8,63.3,22.0,12.0,0.444,Clear,8,0,203.7
12627,Express,Nellore,Vijayawada,144.1,55.3,8.3,23.8,0.071,Clear,3,6,195.8
12627,Express,Gudur,Nellore,74.2,66.8,15.0,17.3,0.228,Rain,2,2,92.2
12860,Express,Kalaburagi,Wadi,88.5,60.3,9.8,15.8,0.316,Clear,9,3,96.8
12723,Express,Warangal,Vijayawada,202.3,55.1,-4.4,10.5,0.326,Clear,2,6,214.9
12723,Express,Vijayawada,Gudur,176.4,62.9,15.1,13.2,0.604,Clear,6,2,220.7
12259,Duronto,Asansol,Dhanbad,122.9,79.6,49.1,6.9,0.485,Clear,3,2,124.3
12951,Rajdhani,Kota,New Delhi,244.2,66.0,1.4,0.0,0.305,Rain,10,2,212.2
12951,Rajdhani,Ratlam,Kota,239.7,73.4,19.4,5.8,0.234,Clear,7,4,190.9
12723,Express,Gudur,Chennai,197.9,65.0,9.2,21.5,0.144,Rain,9,1,208.6
12259,Duronto,Asansol,Dhanbad,82.1,56.5,14.1,2.0,0.388,Clear,2,4,115.9
12951,Rajdhani,Ratlam,Kota,231.3,74.6,19.3,12.0,0.086,Clear,7,5,201.0
12951,Rajdhani,Kota,New Delhi,187.8,58.7,-5.0,0.3,0.053,Clear,10,3,189.2
12951,Rajdhani,Surat,Vadodara,123.9,64.0,3.9,0.0,0.493,Rain,2,4,145.9
12723,Express,Warangal,Vijayawada,171.1,61.7,22.5,3.3,0.613,Clear,2,6,219.4
12723,Express,Hyderabad,Kazipet,127.2,58.6,-5.0,16.8,0.3,Fog,23,4,154.0
12259,Duronto,DDU,New Delhi,237.5,60.6,3.3,5.5,0.434,Heavy Rain,9,1,233.3
12723,Express,Gudur,Chennai,196.9,62.1,18.5,4.8,0.146,Clear,9,1,209.9
12301,Rajdhani,DDU,Gaya,133.3,66.8,11.7,25.0,0.548,Clear,7,1,152.1
12951,Rajdhani,Surat,Vadodara,113.4,60.3,13.8,6.6,0.367,Clear,2,3,135.9
12860,Express,Wadi,Secunderabad,181.1,71.6,38.5,0.0,0.331,Clear,10,4,186.7
12723,Express,Warangal,Vijayawada,216.4,60.3,29.4,27.1,0.573,Clear,2,2,227.8
12860,Express,Mumbai,Pune,225.4,66.8,7.4,21.0,0.631,Clear,23,3,210.5
12951,Rajdhani,Ratlam,Kota,213.0,72.3,10.9,9.4,0.284,Rain,8,4,207.9
12627,Express,Gudur,Nellore,73.4,70.3,-5.0,20.2,0.139,Clear,1,4,66.9
12259,Duronto,DDU,New Delhi,305.8,81.1,43.2,6.9,0.193,Clear,8,0,226.4
12860,Express,Mumbai,Pune,151.6,45.0,1.3,1.0,0.408,Clear,23,1,218.5
12259,Duronto,DDU,New Delhi,247.5,64.4,27.3,14.3,0.374,Heavy Rain,9,2,242.6
12951,Rajdhani,Ratlam,Kota,235.1,71.1,16.6,4.0,0.058,Clear,7,5,188.7
12301,Rajdhani,DDU,Gaya,175.7,73.3,11.9,6.7,0.281,Clear,7,3,148.7
12259,Duronto,DDU,New Delhi,215.2,73.7,35.7,10.1,0.153,Clear,8,6,215.5
12723,Express,Vijayawada,Gudur,181.4,59.2,-2.1,3.5,0.128,Rain,5,0,203.9
12259,Duronto,Dhanbad,Gaya,188.8,69.2,-0.3,16.2,0.663,Clear,4,6,149.4
12301,Rajdhani,Gaya,Howrah,154.1,63.2,14.3,6.5,0.299,Clear,10,3,178.8
12627,Express,Vijayawada,Warangal,230.5,67.7,5.1,11.8,0.403,Clear,6,2,189.4
12259,Duronto,DDU,New Delhi,248.7,76.2,1.1,6.5,0.216,Clear,10,4,206.2
12951,Rajdhani,Vadodara,Ratlam,158.2,64.8,30.1,0.0,0.363,Clear,5,3,190.3
12627,Express,Nellore,Vijayawada,179.6,67.7,26.5,17.1,0.339,Rain,4,3,203.2
12301,Rajdhani,New Delhi,Kanpur,167.0,75.1,8.7,18.2,0.424,Rain,0,0,179.8
12951,Rajdhani,Surat,Vadodara,162.9,73.0,5.5,0.0,0.392,Rain,4,3,128.8
12259,Duronto,DDU,New Delhi,245.3,80.0,-4.6,8.5,0.346,Heavy Rain,8,5,219.7
12723,Express,Warangal,Vijayawada,214.2,68.0,12.6,8.6,0.144,Clear,2,2,202.6
12301,Rajdhani,DDU,Gaya,99.7,48.8,18.1,1.4,0.371,Rain,8,5,155.5
12951,Rajdhani,Mumbai,Surat,200.6,69.5,2.1,16.3,0.067,Clear,23,5,186.7
12259,Duronto,Asansol,Dhanbad,91.9,68.3,14.5,8.4,0.308,Clear,2,3,106.5
12627,Express,Gudur,Nellore,75.3,69.2,23.2,17.8,0.051,Clear,3,4,80.2
12723,Express,Kazipet,Warangal,40.0,65.3,30.0,0.0,0.145,Clear,1,6,51.4
12259,Duronto,Sealdah,Asansol,143.3,64.0,16.2,6.2,0.086,Rain,23,2,168.2
12301,Rajdhani,Kanpur,Prayagraj,212.2,76.8,28.1,9.4,0.292,Clear,2,2,176.4
12259,Duronto,Gaya,DDU,178.7,75.8,20.5,10.1,0.439,Heavy Rain,6,6,197.7
12259,Duronto,Asansol,Dhanbad,118.6,66.6,4.8,3.5,0.077,Clear,3,2,90.4
12259,Duronto,Sealdah,Asansol,196.5,79.9,36.4,9.7,0.579,Heavy Rain,23,4,194.7
12951,Rajdhani,Vadodara,Ratlam,150.1,53.2,14.6,13.7,0.137,Fog,5,6,209.2
12627,Express,Nellore,Vijayawada,177.2,55.5,13.7,12.2,0.498,Clear,4,2,209.4
12951,Rajdhani,Ratlam,Kota,205.5,71.2,-3.0,0.0,0.115,Heavy Rain,7,6,192.5
12951,Rajdhani,Surat,Vadodara,125.3,64.2,13.6,13.3,0.054,Clear,2,5,131.0
12723,Express,Hyderabad,Kazipet,127.7,55.4,15.4,8.6,0.181,Fog,1,6,149.3
12860,Express,Solapur,Kalaburagi,154.9,63.2,29.8,20.5,0.336,Rain,5,5,177.4
12627,Express,Gudur,Nellore,83.0,76.4,-5.0,7.1,0.226,Clear,2,6,70.4
12627,Express,Chennai,Gudur,128.1,47.4,-5.0,6.6,0.605,Fog,1,3,186.0
12723,Express,Warangal,Vijayawada,209.1,58.4,20.3,16.0,0.133,Clear,3,3,208.7
12723,Express,Vijayawada,Gudur,258.2,74.0,10.4,17.2,0.344,Fog,6,5,221.5
12951,Rajdhani,Mumbai,Surat,202.5,60.0,9.8,1.6,0.17,Clear,0,5,191.1
12723,Express,Vijayawada,Gudur,202.4,69.1,23.2,21.6,0.21,Clear,5,5,219.2
12259,Duronto,DDU,New Delhi,316.5,85.8,40.1,17.5,0.132,Clear,8,2,224.7
12259,Duronto,Asansol,Dhanbad,107.5,63.0,-2.5,0.0,0.218,Clear,2,3,99.1
12301,Rajdhani,Gaya,Howrah,218.8,74.4,-3.8,13.3,0.312,Clear,10,2,171.7
12951,Rajdhani,Ratlam,Kota,244.9,86.8,0.4,18.0,0.263,Clear,8,5,177.4
12951,Rajdhani,Vadodara,Ratlam,239.4,74.7,1.3,10.5,0.12,Clear,4,6,177.1
12627,Express,Gudur,Nellore,65.8,55.8,12.1,5.8,0.213,Heavy Rain,2,5,101.0
12860,Express,Pune,Solapur,204.9,68.7,4.5,6.7,0.096,Clear,3,2,182.2
12723,Express,Warangal,Vijayawada,153.1,47.7,23.9,14.2,0.576,Heavy Rain,2,6,256.8
12301,Rajdhani,Prayagraj,DDU,166.3,69.0,14.8,0.0,0.223,Fog,4,6,173.9
12860,Express,Pune,Solapur,182.8,67.2,3.8,4.1,0.207,Fog,2,5,187.7
12259,Duronto,Sealdah,Asansol,179.5,67.8,27.0,6.0,0.27,Clear,23,4,165.8
12860,Express,Solapur,Kalaburagi,143.0,64.8,25.5,18.5,0.453,Clear,6,3,172.8
12723,Express,Hyderabad,Kazipet,134.4,71.2,13.6,13.3,0.211,Clear,0,0,139.1
12951,Rajdhani,Vadodara,Ratlam,207.5,72.4,5.8,10.3,0.757,Clear,4,3,186.3
12951,Rajdhani,Mumbai,Surat,198.6,69.0,18.6,18.6,0.261,Clear,23,1,202.6
12301,Rajdhani,Prayagraj,DDU,203.6,69.3,14.4,11.3,0.161,Heavy Rain,5,6,171.2
12723,Express,Vijayawada,Gudur,192.7,57.5,4.4,5.0,0.274,Clear,6,6,209.8
12951,Rajdhani,Kota,New Delhi,233.9,64.9,18.7,3.5,0.418,Clear,11,4,212.7
12627,Express,Nellore,Vijayawada,174.1,54.5,6.9,2.6,0.126,Heavy Rain,4,2,224.8
12723,Express,Kazipet,Warangal,40.0,59.6,12.4,12.6,0.269,Rain,1,6,58.6
12627,Express,Gudur,Nellore,51.8,51.9,27.5,32.6,0.11,Clear,2,5,104.7
12723,Express,Kazipet,Warangal,40.0,65.9,0.7,7.6,0.018,Clear,2,6,39.8
12723,Express,Gudur,Chennai,228.6,68.8,4.6,17.7,0.154,Clear,8,5,200.1
12259,Duronto,Asansol,Dhanbad,109.5,63.2,-2.2,0.0,0.464,Clear,1,2,106.8
12723,Express,Vijayawada,Gudur,173.2,60.9,12.0,21.2,0.227,Clear,5,2,218.9
12860,Express,Pune,Solapur,160.8,61.4,-5.0,4.9,0.196,Rain,3,6,200.8
12301,Rajdhani,DDU,Gaya,222.3,89.2,-2.7,9.0,0.335,Heavy Rain,7,0,150.6
12301,Rajdhani,Gaya,Howrah,239.7,78.1,2.8,3.4,0.538,Clear,9,4,176.6
12723,Express,Hyderabad,Kazipet,177.8,73.4,16.1,19.7,0.439,Clear,23,0,157.5
12860,Express,Solapur,Kalaburagi,180.1,77.1,3.8,13.7,0.241,Clear,6,4,164.2
12259,Duronto,Sealdah,Asansol,194.1,72.3,8.1,17.8,0.183,Clear,0,6,168.5
12301,Rajdhani,Prayagraj,DDU,237.5,85.1,13.8,15.5,0.098,Clear,6,0,182.9
12627,Express,Gudur,Nellore,92.0,78.8,28.9,4.4,0.108,Clear,2,6,79.6
12259,Duronto,Gaya,DDU,193.2,81.1,20.8,15.1,0.233,Clear,5,3,181.5
12860,Express,Mumbai,Pune,226.5,69.2,7.4,14.0,0.579,Rain,0,5,220.1
12627,Express,Gudur,Nellore,78.5,67.2,14.9,7.6,0.125,Clear,2,0,72.0
12301,Rajdhani,Kanpur,Prayagraj,196.6,73.5,3.8,9.2,0.308,Clear,3,2,172.3
12627,Express,Chennai,Gudur,182.9,65.9,27.4,7.6,0.329,Clear,23,6,158.3
12723,Express,Kazipet,Warangal,40.0,59.1,14.7,1.0,0.102,Fog,2,0,59.8
12301,Rajdhani,DDU,Gaya,146.7,69.5,19.6,8.6,0.192,Clear,6,3,145.8
12627,Express,Chennai,Gudur,162.5,75.0,24.0,0.0,0.144,Clear,0,3,159.4
12860,Express,Mumbai,Pune,172.9,56.7,22.0,19.0,0.385,Rain,0,0,215.3
12259,Duronto,Asansol,Dhanbad,118.4,66.1,1.5,0.0,0.188,Clear,2,4,96.4
12259,Duronto,DDU,New Delhi,238.8,69.0,17.4,0.0,0.092,Rain,9,2,221.5
12301,Rajdhani,New Delhi,Kanpur,207.0,70.5,-2.9,17.5,0.167,Clear,0,6,163.7
12627,Express,Gudur,Nellore,76.6,61.8,4.7,13.3,0.187,Heavy Rain,2,4,94.4
12627,Express,Nellore,Vijayawada,217.7,64.5,-5.0,10.6,0.135,Clear,3,4,178.3
12627,Express,Nellore,Vijayawada,164.4,62.0,2.0,8.0,0.206,Clear,3,3,186.7
12951,Rajdhani,Ratlam,Kota,195.2,66.4,20.3,23.7,0.261,Clear,7,6,205.4
12301,Rajdhani,DDU,Gaya,135.1,69.6,4.7,13.6,0.283,Clear,8,6,144.6
12259,Duronto,Dhanbad,Gaya,146.3,71.2,15.9,12.8,0.2,Rain,4,3,162.1
12259,Duronto,Sealdah,Asansol,154.8,72.3,-5.0,6.9,0.093,Clear,23,6,150.3
12301,Rajdhani,Prayagraj,DDU,168.1,65.3,19.3,1.4,0.095,Rain,4,2,168.7
12259,Duronto,Sealdah,Asansol,164.8,57.9,1.9,13.4,0.365,Clear,0,1,175.7
12627,Express,Chennai,Gudur,170.5,67.8,13.7,16.0,0.245,Fog,0,4,173.8
12860,Express,Solapur,Kalaburagi,176.2,65.7,19.0,19.4,0.715,Clear,6,6,171.6
12951,Rajdhani,Mumbai,Surat,257.0,87.6,-5.0,0.1,0.041,Heavy Rain,23,6,201.4
12951,Rajdhani,Vadodara,Ratlam,144.6,58.1,21.7,10.1,0.175,Clear,5,3,194.1
12301,Rajdhani,Gaya,Howrah,167.8,68.4,10.0,6.2,0.293,Clear,10,5,180.7
12627,Express,Chennai,Gudur,130.6,62.9,9.3,16.3,0.487,Fog,0,2,164.7
12259,Duronto,Sealdah,Asansol,187.6,66.8,-5.0,13.1,0.272,Clear,0,0,160.4
12951,Rajdhani,Surat,Vadodara,138.5,64.1,22.0,8.8,0.287,Clear,3,4,133.9
12723,Express,Gudur,Chennai,223.0,67.4,19.0,18.8,0.179,Clear,9,1,215.4
12259,Duronto,Sealdah,Asansol,142.9,65.1,7.8,9.1,0.496,Fog,0,1,171.7
12723,Express,Gudur,Chennai,220.2,64.5,11.3,13.5,0.188,Rain,9,1,206.6
12951,Rajdhani,Surat,Vadodara,154.2,68.2,16.3,16.8,0.414,Rain,3,4,147.1
12860,Express,Mumbai,Pune,255.2,82.7,4.7,2.5,0.562,Rain,0,2,209.7
12627,Express,Gudur,Nellore,58.0,54.2,-5.0,11.2,0.288,Rain,2,1,79.3
12860,Express,Solapur,Kalaburagi,146.0,53.2,9.3,0.0,0.496,Clear,5,2,176.5
12259,Duronto,Sealdah,Asansol,147.7,65.4,34.9,11.9,0.532,Clear,1,1,175.8
12301,Rajdhani,Kanpur,Prayagraj,164.2,61.8,14.5,22.9,0.278,Clear,2,4,174.1
12259,Duronto,Gaya,DDU,158.3,66.4,1.0,5.2,0.371,Clear,6,3,170.3
12723,Express,Kazipet,Warangal,40.0,56.7,2.1,6.4,0.164,Clear,2,1,52.4
12259,Duronto,Gaya,DDU,224.8,74.5,-1.8,5.9,0.21,Clear,5,2,165.6
12627,Express,Gudur,Nellore,62.0,59.9,14.9,21.6,0.328,Clear,2,4,87.4
12627,Express,Chennai,Gudur,128.2,46.8,20.4,9.4,0.346,Heavy Rain,23,4,189.5
12301,Rajdhani,Gaya,Howrah,206.1,74.9,9.2,10.1,0.325,Clear,10,6,178.0
12627,Express,Gudur,Nellore,54.9,48.3,-5.0,16.2,0.39,Clear,2,1,86.4
12627,Express,Warangal,Secunderabad,208.2,70.3,22.5,7.3,0.166,Clear,10,0,183.9
12951,Rajdhani,Kota,New Delhi,202.0,69.6,-5.0,10.2,0.2,Fog,11,4,222.9
12259,Duronto,Sealdah,Asansol,144.7,64.6,13.8,18.4,0.404,Clear,0,3,173.3
12860,Express,Mumbai,Pune,108.0,35.0,19.6,12.9,0.247,Clear,0,0,230.1
12259,Duronto,DDU,New Delhi,267.3,80.7,9.0,0.0,0.274,Clear,9,3,214.6
12301,Rajdhani,Kanpur,Prayagraj,169.9,66.2,13.9,0.0,0.148,Clear,2,2,176.1
12860,Express,Wadi,Secunderabad,179.1,58.5,36.7,8.5,0.771,Clear,9,5,195.7
12860,Express,Pune,Solapur,217.9,68.9,19.5,3.0,0.308,Rain,2,3,190.8
12259,Duronto,DDU,New Delhi,239.6,63.6,17.1,23.5,0.186,Clear,10,1,232.4
12301,Rajdhani,New Delhi,Kanpur,215.5,74.4,23.5,20.4,0.356,Clear,0,3,173.5
12301,Rajdhani,Gaya,Howrah,254.5,79.0,15.4,4.1,0.036,Fog,10,4,188.1
12860,Express,Wadi,Secunderabad,143.0,56.3,-5.0,11.1,0.206,Fog,9,0,165.5
12723,Express,Hyderabad,Kazipet,111.1,58.2,22.4,1.2,0.126,Clear,0,0,156.1
12301,Rajdhani,Prayagraj,DDU,209.6,70.0,3.2,0.0,0.316,Clear,6,3,166.8
12301,Rajdhani,Kanpur,Prayagraj,187.4,77.1,15.6,16.8,0.207,Clear,2,0,166.1
12301,Rajdhani,DDU,Gaya,191.0,77.2,-2.2,2.5,0.238,Rain,7,2,137.9
12723,Express,Gudur,Chennai,185.6,50.0,20.9,7.2,0.699,Clear,9,2,230.5
12723,Express,Warangal,Vijayawada,206.3,69.7,4.5,0.0,0.26,Fog,2,3,212.7
12627,Express,Vijayawada,Warangal,187.3,67.2,0.1,13.4,0.145,Clear,5,2,190.0
12951,Rajdhani,Mumbai,Surat,246.1,73.5,-5.0,20.9,0.396,Heavy Rain,23,6,196.7
12951,Rajdhani,Ratlam,Kota,209.1,69.4,2.6,21.9,0.213,Clear,8,1,190.8
12259,Duronto,Gaya,DDU,162.7,56.1,3.6,2.1,0.212,Clear,5,5,180.9
12723,Express,Warangal,Vijayawada,218.8,64.6,4.1,8.5,0.349,Rain,2,0,209.1
12860,Express,Wadi,Secunderabad,204.5,69.7,-4.1,18.0,0.207,Clear,10,5,175.9
12627,Express,Gudur,Nellore,54.4,57.8,3.0,0.6,0.308,Clear,1,5,68.4
12860,Express,Kalaburagi,Wadi,101.7,68.8,13.4,9.2,0.214,Clear,8,3,91.1
12301,Rajdhani,Kanpur,Prayagraj,155.2,67.3,10.9,3.3,0.106,Rain,3,3,179.1
12301,Rajdhani,Kanpur,Prayagraj,126.5,55.0,11.1,7.1,0.104,Clear,2,1,175.3
12301,Rajdhani,DDU,Gaya,123.4,51.4,9.9,23.9,0.072,Clear,7,0,159.0
12627,Express,Chennai,Gudur,185.2,73.3,3.5,0.0,0.228,Clear,0,2,149.9
12301,Rajdhani,DDU,Gaya,154.8,76.7,-1.2,12.9,0.312,Clear,7,1,150.3
12259,Duronto,Gaya,DDU,202.3,78.6,3.7,0.0,0.46,Clear,6,3,180.0
12259,Duronto,Gaya,DDU,186.4,65.2,21.0,14.0,0.293,Rain,6,4,188.3
12860,Express,Solapur,Kalaburagi,194.9,70.1,19.6,11.9,0.247,Rain,5,1,169.8
12860,Express,Kalaburagi,Wadi,106.8,70.2,8.2,3.3,0.154,Rain,8,0,89.8
12627,Express,Vijayawada,Warangal,156.8,54.0,6.7,27.9,0.293,Heavy Rain,6,3,217.6
12860,Express,Mumbai,Pune,164.8,55.2,25.3,4.1,0.402,Rain,0,4,226.7
12860,Express,Wadi,Secunderabad,134.5,52.8,0.3,1.5,0.62,Clear,9,4,174.1
12301,Rajdhani,Prayagraj,DDU,141.6,59.2,41.3,14.6,0.187,Clear,5,5,189.8
12723,Express,Gudur,Chennai,168.6,60.1,10.6,4.9,0.427,Clear,9,6,209.5
12627,Express,Gudur,Nellore,68.7,72.3,-5.0,10.3,0.288,Clear,1,5,59.6
12259,Duronto,Asansol,Dhanbad,107.2,67.0,31.2,1.5,0.255,Fog,1,4,117.4
12723,Express,Hyderabad,Kazipet,146.9,66.6,14.8,0.0,0.499,Rain,23,4,152.8
12627,Express,Warangal,Secunderabad,210.7,61.4,29.1,16.6,0.166,Heavy Rain,9,4,214.8
12860,Express,Mumbai,Pune,172.6,58.3,14.9,14.9,0.121,Clear,23,6,202.5
12723,Express,Hyderabad,Kazipet,148.9,74.1,-5.0,0.0,0.218,Clear,0,0,141.3
12860,Express,Solapur,Kalaburagi,174.6,69.6,-5.0,7.8,0.303,Clear,6,3,154.4
12860,Express,Mumbai,Pune,243.8,74.2,6.1,16.4,0.165,Clear,0,3,202.1
12951,Rajdhani,Kota,New Delhi,234.7,77.6,12.3,5.7,0.081,Rain,10,5,209.4
12259,Duronto,Gaya,DDU,197.7,76.2,23.7,7.4,0.229,Rain,6,2,179.5
12723,Express,Hyderabad,Kazipet,111.0,48.1,6.4,4.2,0.235,Fog,0,1,166.7
12301,Rajdhani,New Delhi,Kanpur,203.0,80.4,17.6,3.8,0.424,Rain,0,5,172.3
12301,Rajdhani,Kanpur,Prayagraj,184.5,72.5,17.7,9.2,0.434,Rain,2,6,179.8
12860,Express,Wadi,Secunderabad,159.0,60.0,13.6,19.9,0.369,Heavy Rain,9,5,195.0
12259,Duronto,Dhanbad,Gaya,143.8,63.7,3.4,16.5,0.206,Clear,4,3,158.1
12259,Duronto,Asansol,Dhanbad,106.8,72.6,27.8,11.7,0.092,Clear,2,6,113.4
12951,Rajdhani,Mumbai,Surat,247.5,73.6,0.4,11.8,0.098,Rain,23,1,181.1
12951,Rajdhani,Surat,Vadodara,140.3,76.3,7.8,0.0,0.315,Rain,3,4,129.2
12860,Express,Solapur,Kalaburagi,150.3,58.3,6.8,13.7,0.103,Clear,5,4,168.6
12259,Duronto,Sealdah,Asansol,176.0,61.9,22.2,15.9,0.405,Clear,23,5,177.2
12860,Express,Kalaburagi,Wadi,77.6,53.3,6.0,3.8,0.162,Rain,7,6,102.7
12723,Express,Warangal,Vijayawada,235.5,67.0,19.9,2.0,0.166,Rain,3,6,206.8
12723,Express,Vijayawada,Gudur,167.6,59.6,4.2,8.9,0.2,Rain,5,1,214.2
12259,Duronto,Gaya,DDU,208.5,70.2,24.5,4.9,0.448,Clear,6,2,182.5
12301,Rajdhani,Gaya,Howrah,243.4,81.5,3.3,5.6,0.316,Rain,10,6,185.0
12723,Express,Vijayawada,Gudur,133.7,45.2,-5.0,15.9,0.76,Fog,6,2,235.1
12860,Express,Solapur,Kalaburagi,128.0,45.8,13.8,8.0,0.468,Clear,5,4,179.2
12951,Rajdhani,Ratlam,Kota,217.2,73.1,36.8,5.4,0.409,Clear,8,1,197.4
12627,Express,Gudur,Nellore,73.4,61.6,23.6,8.0,0.36,Rain,2,3,86.6
12860,Express,Pune,Solapur,178.2,69.6,14.1,15.0,0.416,Clear,2,1,201.6
12723,Express,Vijayawada,Gudur,234.8,63.2,22.1,9.0,0.563,Clear,6,3,202.5
12860,Express,Solapur,Kalaburagi,155.9,61.9,8.0,11.2,0.694,Clear,6,3,176.7
12951,Rajdhani,Kota,New Delhi,219.0,65.8,14.3,12.6,0.268,Clear,10,4,212.5
12951,Rajdhani,Vadodara,Ratlam,268.7,83.0,10.7,20.1,0.147,Clear,5,3,173.0
12259,Duronto,DDU,New Delhi,206.4,60.1,32.4,16.4,0.043,Clear,9,2,227.0
12860,Express,Wadi,Secunderabad,175.4,61.4,6.8,3.4,0.15,Clear,10,1,166.9
12951,Rajdhani,Ratlam,Kota,201.8,65.0,2.6,16.8,0.285,Clear,7,0,192.0
12723,Express,Vijayawada,Gudur,201.4,61.1,-0.4,3.7,0.144,Heavy Rain,6,5,216.7
12860,Express,Wadi,Secunderabad,176.1,73.1,17.2,22.1,0.371,Rain,9,0,179.2
12627,Express,Nellore,Vijayawada,159.2,46.3,-5.0,15.7,0.253,Clear,3,1,210.6
12301,Rajdhani,Prayagraj,DDU,229.6,76.4,6.8,0.0,0.412,Clear,4,3,164.6
12301,Rajdhani,New Delhi,Kanpur,185.6,68.8,17.2,14.4,0.606,Clear,23,3,182.4
12301,Rajdhani,Prayagraj,DDU,227.8,79.8,5.1,10.2,0.395,Clear,5,0,169.1
12627,Express,Vijayawada,Warangal,147.2,55.2,19.7,0.0,0.159,Heavy Rain,5,1,217.4
12951,Rajdhani,Vadodara,Ratlam,150.6,58.2,-4.6,0.0,0.413,Clear,4,6,192.7
12627,Express,Vijayawada,Warangal,231.1,72.9,28.2,18.6,0.186,Rain,7,1,204.9
12951,Rajdhani,Ratlam,Kota,203.3,73.7,10.4,7.8,0.114,Clear,8,6,190.2
12723,Express,Vijayawada,Gudur,172.6,58.4,-5.0,0.0,0.148,Clear,6,3,206.3
12951,Rajdhani,Ratlam,Kota,177.9,68.3,13.5,23.7,0.226,Clear,7,1,195.6
12259,Duronto,Dhanbad,Gaya,166.6,64.0,10.3,5.6,0.38,Clear,3,0,157.8
12723,Express,Gudur,Chennai,221.9,69.7,27.8,15.1,0.565,Rain,9,3,221.7
12860,Express,Solapur,Kalaburagi,166.9,60.7,9.2,9.8,0.279,Clear,6,1,166.2
12627,Express,Chennai,Gudur,179.1,66.9,7.3,23.2,0.135,Clear,23,1,145.6
12951,Rajdhani,Surat,Vadodara,175.3,76.7,7.7,5.9,0.645,Clear,2,0,141.4
12951,Rajdhani,Kota,New Delhi,233.0,73.3,6.3,0.0,0.063,Heavy Rain,10,1,201.5
12627,Express,Warangal,Secunderabad,213.5,76.6,31.0,6.3,0.115,Clear,10,6,195.8
12627,Express,Vijayawada,Warangal,167.8,57.0,17.4,21.6,0.301,Clear,6,4,204.1
12627,Express,Vijayawada,Warangal,176.1,59.4,4.3,7.8,0.385,Rain,6,0,201.1
12860,Express,Solapur,Kalaburagi,92.7,40.9,38.0,19.3,0.239,Heavy Rain,5,6,200.0
12723,Express,Kazipet,Warangal,40.0,57.7,16.6,0.9,0.05,Clear,1,1,43.3
12951,Rajdhani,Kota,New Delhi,216.7,60.0,32.3,7.5,0.216,Clear,10,2,222.4
12860,Express,Pune,Solapur,213.0,68.7,8.3,17.5,0.438,Clear,3,1,195.5
12627,Express,Gudur,Nellore,60.5,55.1,24.5,10.5,0.286,Clear,1,5,89.7
12301,Rajdhani,Gaya,Howrah,209.7,66.0,23.2,24.2,0.462,Rain,10,2,194.2
12301,Rajdhani,Gaya,Howrah,200.8,81.2,5.9,10.7,0.356,Clear,9,1,182.0
12951,Rajdhani,Surat,Vadodara,154.4,72.5,23.4,8.6,0.378,Clear,3,0,137.9
12259,Duronto,Sealdah,Asansol,183.4,72.1,3.8,3.1,0.208,Rain,0,0,161.2
12951,Rajdhani,Vadodara,Ratlam,205.1,66.6,18.4,2.8,0.272,Heavy Rain,4,1,193.4
12259,Duronto,DDU,New Delhi,240.5,71.3,16.2,9.5,0.436,Rain,9,1,225.9
12951,Rajdhani,Mumbai,Surat,214.9,64.1,-5.0,3.6,0.246,Clear,1,1,179.0
12951,Rajdhani,Vadodara,Ratlam,210.6,75.2,-5.0,0.0,0.158,Clear,4,3,173.5
12860,Express,Pune,Solapur,173.1,62.5,17.9,20.3,0.445,Clear,3,5,205.2
12259,Duronto,Gaya,DDU,211.4,72.3,17.4,13.1,0.408,Clear,5,2,194.4
12259,Duronto,DDU,New Delhi,189.4,60.4,-5.0,24.1,0.219,Clear,9,3,226.1
12860,Express,Kalaburagi,Wadi,87.0,62.5,20.2,14.4,0.16,Clear,8,1,103.8
12301,Rajdhani,DDU,Gaya,101.3,51.3,12.6,7.0,0.252,Clear,7,0,154.2
12259,Duronto,DDU,New Delhi,239.8,70.2,25.5,0.0,0.323,Clear,9,1,221.8
12951,Rajdhani,Surat,Vadodara,156.6,83.5,20.5,0.5,0.37,Clear,2,2,128.2
12627,Express,Nellore,Vijayawada,197.8,57.8,25.3,12.6,0.544,Clear,3,6,199.8
12301,Rajdhani,New Delhi,Kanpur,182.2,69.8,4.3,10.1,0.254,Fog,23,0,163.6
12301,Rajdhani,New Delhi,Kanpur,203.0,73.6,21.3,14.7,0.187,Clear,0,0,173.3
12259,Duronto,DDU,New Delhi,233.8,74.9,18.6,2.7,0.792,Clear,8,2,229.0
12951,Rajdhani,Kota,New Delhi,215.0,59.1,21.5,19.9,0.362,Clear,11,3,230.9
12860,Express,Solapur,Kalaburagi,118.4,50.2,0.4,17.9,0.451,Fog,5,4,181.9
12259,Duronto,Asansol,Dhanbad,125.6,69.9,21.6,11.2,0.222,Clear,2,5,114.3
12627,Express,Vijayawada,Warangal,153.0,48.6,5.3,3.0,0.123,Clear,6,2,198.3
12860,Express,Mumbai,Pune,223.9,62.9,12.1,11.6,0.338,Clear,22,3,209.0
12723,Express,Gudur,Chennai,221.5,63.3,10.5,12.6,0.386,Clear,9,2,223.4
12627,Express,Warangal,Secunderabad,209.5,73.8,16.9,1.9,0.265,Rain,9,4,189.0
12723,Express,Vijayawada,Gudur,252.2,77.7,-5.0,9.2,0.191,Rain,5,4,197.9
12301,Rajdhani,New Delhi,Kanpur,196.0,73.7,18.0,9.1,0.229,Clear,0,0,169.0
12723,Express,Warangal,Vijayawada,178.5,63.7,0.5,20.1,0.481,Fog,1,5,217.7
12951,Rajdhani,Kota,New Delhi,170.1,56.7,6.5,13.4,0.541,Fog,10,3,229.1
12723,Express,Kazipet,Warangal,40.0,63.5,13.0,9.6,0.295,Clear,2,5,48.9
12627,Express,Warangal,Secunderabad,162.7,56.5,10.1,8.7,0.384,Clear,9,5,206.4
12723,Express,Gudur,Chennai,184.1,63.1,-5.0,7.4,0.233,Clear,9,5,200.4
12860,Express,Mumbai,Pune,212.0,59.7,13.2,27.6,0.224,Fog,23,2,204.5
12259,Duronto,Sealdah,Asansol,150.5,58.1,6.1,6.0,0.301,Rain,0,2,158.6
12627,Express,Chennai,Gudur,145.7,62.3,-5.0,0.0,0.405,Heavy Rain,23,2,169.9
12259,Duronto,Sealdah,Asansol,203.0,71.2,17.2,3.8,0.757,Clear,0,3,168.4
12951,Rajdhani,Surat,Vadodara,129.9,71.2,15.0,1.0,0.498,Clear,1,3,143.0
12259,Duronto,Dhanbad,Gaya,174.7,74.8,26.9,7.5,0.314,Heavy Rain,4,3,190.1
12860,Express,Solapur,Kalaburagi,144.8,53.0,-5.0,18.5,0.124,Clear,5,1,159.6
12951,Rajdhani,Ratlam,Kota,167.8,64.3,30.6,1.4,0.163,Clear,7,5,190.2
12301,Rajdhani,Kanpur,Prayagraj,194.2,65.2,6.9,19.4,0.272,Clear,2,3,178.1
12951,Rajdhani,Vadodara,Ratlam,185.3,72.6,21.6,5.9,0.394,Rain,4,1,207.2
12860,Express,Kalaburagi,Wadi,81.2,55.2,16.3,13.2,0.538,Clear,8,2,103.5
12627,Express,Warangal,Secunderabad,159.7,61.1,13.1,2.5,0.098,Fog,9,1,201.8
12951,Rajdhani,Vadodara,Ratlam,207.9,65.3,26.2,14.4,0.292,Clear,4,6,187.1
12860,Express,Wadi,Secunderabad,165.0,62.2,3.7,15.0,0.193,Heavy Rain,10,2,182.9
12951,Rajdhani,Kota,New Delhi,213.8,64.7,7.3,3.7,0.469,Clear,11,3,211.0
12301,Rajdhani,Gaya,Howrah,190.8,74.0,28.3,6.7,0.217,Clear,10,4,189.6
12860,Express,Mumbai,Pune,279.5,79.9,17.8,24.7,0.069,Clear,23,0,202.2
12627,Express,Gudur,Nellore,65.3,70.4,20.5,27.6,0.191,Clear,2,1,78.2
12860,Express,Pune,Solapur,205.7,63.7,23.5,3.4,0.415,Clear,3,5,198.8
12951,Rajdhani,Vadodara,Ratlam,219.5,71.0,12.8,7.8,0.217,Clear,5,5,183.5
12301,Rajdhani,Prayagraj,DDU,212.4,80.2,1.2,15.7,0.234,Clear,5,1,169.8
12627,Express,Warangal,Secunderabad,167.5,57.3,1.1,7.9,0.199,Rain,10,2,197.7
12627,Express,Nellore,Vijayawada,235.1,69.5,16.8,14.8,0.568,Clear,4,3,202.9
12627,Express,Vijayawada,Warangal,201.4,68.2,13.6,5.3,0.238,Clear,6,4,194.0
12259,Duronto,Dhanbad,Gaya,166.5,72.6,30.9,22.6,0.105,Clear,3,0,170.3
12860,Express,Wadi,Secunderabad,134.5,54.0,0.3,0.8,0.32,Fog,9,4,188.6
12259,Duronto,Gaya,DDU,218.4,73.5,26.9,0.6,0.312,Fog,7,6,192.1
12259,Duronto,DDU,New Delhi,264.0,71.2,28.8,9.8,0.738,Clear,8,5,235.8
12860,Express,Pune,Solapur,214.8,77.9,21.8,10.4,0.343,Clear,2,4,196.2
12627,Express,Vijayawada,Warangal,212.8,65.4,5.7,21.9,0.158,Rain,5,3,190.7
12627,Express,Warangal,Secunderabad,177.7,56.1,46.1,7.0,0.323,Clear,8,2,209.5
12723,Express,Warangal,Vijayawada,244.8,71.6,5.1,16.5,0.485,Clear,3,0,206.9
12951,Rajdhani,Kota,New Delhi,233.8,62.8,4.1,24.3,0.427,Clear,10,6,218.1
12951,Rajdhani,Ratlam,Kota,215.2,78.6,39.1,5.1,0.359,Clear,8,0,207.0
12860,Express,Wadi,Secunderabad,173.0,56.8,17.6,14.8,0.532,Rain,10,4,193.1
12627,Express,Chennai,Gudur,163.5,72.4,-1.6,5.8,0.199,Clear,0,6,153.2
12627,Express,Warangal,Secunderabad,160.0,59.5,40.1,2.2,0.356,Clear,9,4,205.8
12860,Express,Wadi,Secunderabad,137.1,57.1,-5.0,14.2,0.202,Rain,9,0,179.0
12951,Rajdhani,Kota,New Delhi,249.2,67.1,11.4,14.5,0.08,Fog,10,4,212.9
12723,Express,Gudur,Chennai,246.8,70.6,24.2,0.0,0.284,Clear,10,5,195.7
12723,Express,Hyderabad,Kazipet,132.1,54.6,24.8,20.4,0.195,Fog,23,0,166.3
12259,Duronto,Dhanbad,Gaya,153.6,59.2,33.6,3.8,0.385,Clear,3,5,165.9
12860,Express,Wadi,Secunderabad,137.0,57.6,15.0,15.4,0.138,Clear,9,5,188.0
12723,Express,Hyderabad,Kazipet,134.3,64.8,19.8,14.9,0.355,Clear,0,6,153.0
12259,Duronto,Gaya,DDU,201.3,67.3,13.4,6.6,0.089,Clear,6,6,178.1
12951,Rajdhani,Surat,Vadodara,107.6,50.5,-5.0,0.5,0.578,Rain,2,5,157.0
12723,Express,Warangal,Vijayawada,161.8,58.5,-5.0,8.3,0.186,Rain,2,4,209.0
12723,Express,Gudur,Chennai,260.3,71.2,16.2,0.0,0.074,Rain,8,6,212.0
12860,Express,Mumbai,Pune,154.7,54.9,29.3,0.0,0.394,Fog,23,1,228.6
12860,Express,Solapur,Kalaburagi,173.0,61.1,5.8,18.8,0.395,Clear,6,2,166.6
12951,Rajdhani,Kota,New Delhi,217.0,69.1,12.5,19.6,0.205,Clear,10,2,218.5
12860,Express,Mumbai,Pune,165.9,58.8,15.8,18.2,0.588,Clear,0,1,220.2
12860,Express,Wadi,Secunderabad,197.7,69.9,2.0,17.8,0.088,Clear,10,3,161.3
12723,Express,Hyderabad,Kazipet,98.4,47.6,19.5,14.2,0.397,Clear,23,5,163.9
12259,Duronto,Dhanbad,Gaya,187.0,71.5,20.5,8.6,0.334,Rain,3,3,161.2
12951,Rajdhani,Ratlam,Kota,218.3,66.7,10.3,5.0,0.356,Rain,8,0,191.1
12860,Express,Kalaburagi,Wadi,74.0,49.7,2.9,16.8,0.555,Clear,8,2,103.1
12860,Express,Mumbai,Pune,166.4,60.1,-3.5,8.7,0.083,Clear,0,4,193.5
12723,Express,Warangal,Vijayawada,234.1,73.4,52.7,18.6,0.301,Clear,2,3,223.9
12259,Duronto,Gaya,DDU,159.2,53.1,15.7,20.0,0.446,Clear,6,1,186.0
12723,Express,Warangal,Vijayawada,159.9,52.6,22.8,5.5,0.357,Fog,1,6,230.8
12860,Express,Mumbai,Pune,218.6,64.9,0.9,18.6,0.161,Clear,0,4,203.4
12301,Rajdhani,Prayagraj,DDU,193.7,73.3,9.6,18.2,0.096,Heavy Rain,5,4,177.5
12723,Express,Gudur,Chennai,237.5,77.7,31.1,3.5,0.047,Clear,9,1,192.5
12259,Duronto,Dhanbad,Gaya,157.7,57.2,0.2,24.5,0.398,Clear,4,0,151.2
12951,Rajdhani,Mumbai,Surat,234.4,68.8,20.6,17.0,0.152,Clear,23,6,194.6
12627,Express,Gudur,Nellore,62.9,57.5,14.2,7.8,0.719,Heavy Rain,1,6,96.4
12259,Duronto,Asansol,Dhanbad,136.4,76.1,20.5,17.5,0.18,Clear,2,2,112.6
12860,Express,Wadi,Secunderabad,174.0,69.7,27.1,17.4,0.255,Clear,9,1,173.0
12301,Rajdhani,New Delhi,Kanpur,181.7,75.7,-4.8,20.7,0.393,Clear,0,0,171.0
12860,Express,Wadi,Secunderabad,208.2,76.8,-5.0,21.8,0.567,Clear,9,6,180.2
12860,Express,Wadi,Secunderabad,198.0,67.2,-5.0,14.4,0.452,Rain,9,0,167.4
12259,Duronto,Dhanbad,Gaya,166.2,77.4,14.8,13.7,0.299,Clear,3,4,155.0
12723,Express,Gudur,Chennai,204.6,65.1,22.7,14.8,0.259,Fog,9,4,221.6
12860,Express,Kalaburagi,Wadi,90.4,60.1,-5.0,4.8,0.295,Clear,8,0,83.1
12860,Express,Wadi,Secunderabad,196.8,72.7,20.1,15.1,0.321,Heavy Rain,10,5,196.0
12301,Rajdhani,New Delhi,Kanpur,146.0,62.0,4.3,8.4,0.082,Clear,0,2,165.7
12951,Rajdhani,Mumbai,Surat,196.4,67.9,20.3,13.4,0.645,Clear,0,5,209.4
12301,Rajdhani,Kanpur,Prayagraj,191.2,64.0,-1.0,0.0,0.127,Rain,2,1,171.2
12627,Express,Gudur,Nellore,74.0,60.5,-5.0,0.0,0.09,Rain,2,1,80.8
12723,Express,Kazipet,Warangal,40.0,55.8,15.2,4.3,0.241,Rain,2,2,60.1
12723,Express,Kazipet,Warangal,40.0,65.2,6.3,19.5,0.42,Rain,2,0,63.0
12860,Express,Kalaburagi,Wadi,83.4,73.0,34.8,0.0,0.19,Clear,9,2,96.5
12301,Rajdhani,DDU,Gaya,173.9,72.6,13.7,8.5,0.133,Clear,8,1,148.3
12723,Express,Warangal,Vijayawada,232.3,74.5,14.3,15.3,0.404,Rain,1,0,214.5
12627,Express,Warangal,Secunderabad,193.3,64.4,23.8,19.4,0.138,Clear,9,4,193.6
12723,Express,Kazipet,Warangal,43.6,72.9,-4.6,8.2,0.282,Clear,1,1,47.4
12951,Rajdhani,Vadodara,Ratlam,161.7,57.4,24.2,20.8,0.319,Heavy Rain,5,2,212.4
12860,Express,Wadi,Secunderabad,170.8,69.3,8.7,8.9,0.435,Fog,10,5,170.7
12259,Duronto,Asansol,Dhanbad,143.8,79.4,23.7,18.9,0.121,Clear,2,4,111.0
12723,Express,Kazipet,Warangal,40.5,75.0,9.5,0.0,0.341,Clear,1,0,53.1
12951,Rajdhani,Vadodara,Ratlam,189.2,74.7,6.8,6.7,0.249,Rain,5,5,185.7
12951,Rajdhani,Vadodara,Ratlam,168.6,68.7,11.6,17.5,0.351,Rain,5,0,195.9
12723,Express,Hyderabad,Kazipet,124.8,53.9,1.6,9.5,0.234,Rain,0,6,155.5
12860,Express,Wadi,Secunderabad,244.0,81.7,-3.9,20.5,0.108,Heavy Rain,10,4,181.8
12301,Rajdhani,DDU,Gaya,133.8,68.7,12.6,7.8,0.212,Rain,8,1,145.2
12627,Express,Chennai,Gudur,183.1,66.6,18.6,0.0,0.387,Clear,23,6,158.7
12627,Express,Chennai,Gudur,121.4,48.5,-5.0,5.6,0.429,Clear,0,5,168.4
12627,Express,Nellore,Vijayawada,186.0,68.9,13.4,14.8,0.194,Clear,4,1,190.2
12627,Express,Chennai,Gudur,140.2,50.5,5.9,1.7,0.192,Rain,0,4,169.9
12627,Express,Vijayawada,Warangal,167.2,65.2,0.6,2.1,0.43,Clear,6,6,191.6
12301,Rajdhani,New Delhi,Kanpur,218.3,83.8,21.0,10.6,0.537,Rain,0,1,187.5
12301,Rajdhani,Gaya,Howrah,180.9,69.6,23.6,7.0,0.189,Clear,9,6,184.4
12951,Rajdhani,Mumbai,Surat,208.4,63.5,8.1,10.2,0.109,Clear,23,6,199.8
12723,Express,Hyderabad,Kazipet,126.3,63.9,1.4,8.5,0.212,Clear,0,2,141.4
12627,Express,Warangal,Secunderabad,262.1,80.5,17.5,15.6,0.333,Clear,10,4,194.0
12301,Rajdhani,New Delhi,Kanpur,194.7,72.9,-0.9,3.1,0.367,Clear,23,3,165.1
12259,Duronto,Sealdah,Asansol,153.5,54.5,29.8,10.3,0.151,Clear,23,2,174.6
12259,Duronto,Asansol,Dhanbad,110.9,79.3,26.0,0.0,0.195,Clear,3,2,103.6
12301,Rajdhani,New Delhi,Kanpur,152.9,59.6,8.4,0.0,0.025,Clear,23,6,173.6
12860,Express,Wadi,Secunderabad,157.7,55.5,5.2,12.0,0.04,Clear,9,1,165.1
12259,Duronto,DDU,New Delhi,241.7,75.5,-0.9,14.3,0.068,Clear,9,2,216.5
12951,Rajdhani,Surat,Vadodara,104.8,51.1,19.2,18.9,0.491,Fog,3,4,168.7
12627,Express,Gudur,Nellore,74.8,71.7,0.9,7.9,0.164,Rain,2,6,84.0
12723,Express,Vijayawada,Gudur,159.9,57.1,16.2,11.9,0.16,Heavy Rain,6,4,223.7
12259,Duronto,Asansol,Dhanbad,98.8,66.6,7.0,8.8,0.061,Clear,2,2,99.2
12860,Express,Mumbai,Pune,189.9,59.2,0.7,23.8,0.085,Heavy Rain,0,1,209.1
12301,Rajdhani,Gaya,Howrah,212.5,76.9,32.0,22.2,0.347,Clear,10,3,190.8
12627,Express,Vijayawada,Warangal,134.5,40.2,14.9,5.0,0.18,Heavy Rain,6,6,228.9
12259,Duronto,Dhanbad,Gaya,159.2,69.0,20.2,0.4,0.202,Clear,4,4,146.0
12301,Rajdhani,New Delhi,Kanpur,187.9,74.2,4.9,24.9,0.29,Fog,23,6,186.7
12259,Duronto,DDU,New Delhi,214.8,57.6,3.8,12.0,0.337,Clear,9,2,226.6
12301,Rajdhani,Gaya,Howrah,218.8,71.3,28.8,17.2,0.497,Clear,9,4,186.9
12723,Express,Kazipet,Warangal,40.0,67.5,24.6,1.6,0.143,Clear,2,2,48.2
12301,Rajdhani,Gaya,Howrah,172.0,64.3,-5.0,7.1,0.304,Clear,9,6,181.6
12627,Express,Chennai,Gudur,112.0,49.1,18.5,9.0,0.166,Rain,0,3,179.0
12860,Express,Wadi,Secunderabad,142.1,59.1,13.6,0.9,0.24,Rain,9,3,187.7
12951,Rajdhani,Kota,New Delhi,218.3,69.6,13.5,9.2,0.216,Clear,11,0,211.1
12723,Express,Gudur,Chennai,213.4,59.6,12.1,31.8,0.182,Clear,9,5,216.6
12951,Rajdhani,Surat,Vadodara,102.4,55.2,6.0,16.3,0.224,Rain,3,4,145.8
12723,Express,Gudur,Chennai,206.1,68.1,10.1,0.0,0.509,Rain,8,2,211.0
12259,Duronto,DDU,New Delhi,261.3,69.7,1.8,17.8,0.1,Clear,9,3,218.1
12951,Rajdhani,Ratlam,Kota,208.4,65.6,16.9,3.1,0.104,Rain,7,3,191.6
12951,Rajdhani,Ratlam,Kota,234.4,90.8,6.5,16.2,0.435,Heavy Rain,7,5,204.6
12301,Rajdhani,Gaya,Howrah,201.5,62.0,26.0,11.2,0.176,Heavy Rain,9,2,202.9
12301,Rajdhani,Kanpur,Prayagraj,155.3,65.4,23.6,3.1,0.235,Clear,2,4,173.2
12627,Express,Nellore,Vijayawada,150.9,54.5,17.3,8.3,0.121,Clear,3,0,199.1
12723,Express,Kazipet,Warangal,40.0,58.8,17.1,19.3,0.616,Clear,2,2,60.1
12259,Duronto,Dhanbad,Gaya,148.5,64.0,5.5,18.4,0.177,Rain,4,4,162.5
12301,Rajdhani,Kanpur,Prayagraj,161.4,70.4,3.4,14.6,0.327,Clear,2,4,177.4
12951,Rajdhani,Ratlam,Kota,184.2,62.1,26.7,7.0,0.538,Fog,7,0,222.9
12860,Express,Kalaburagi,Wadi,99.3,69.4,16.3,17.2,0.121,Heavy Rain,8,4,105.2
12627,Express,Warangal,Secunderabad,180.3,70.1,13.4,10.0,0.186,Clear,9,2,189.8
12301,Rajdhani,New Delhi,Kanpur,157.1,67.0,6.1,2.9,0.195,Rain,0,2,158.0
12951,Rajdhani,Kota,New Delhi,259.1,80.6,18.8,0.8,0.211,Heavy Rain,11,5,224.9
12627,Express,Vijayawada,Warangal,230.1,72.5,-3.5,17.5,0.336,Heavy Rain,6,6,186.4
12723,Express,Kazipet,Warangal,40.0,73.3,24.4,4.9,0.375,Clear,3,3,56.6
12723,Express,Gudur,Chennai,211.0,58.4,4.3,8.5,0.371,Fog,8,6,219.6
12627,Express,Nellore,Vijayawada,177.7,61.7,17.3,7.8,0.593,Heavy Rain,3,3,219.7
12951,Rajdhani,Vadodara,Ratlam,175.3,60.6,5.2,8.0,0.095,Clear,4,6,182.2
12951,Rajdhani,Kota,New Delhi,242.6,69.2,31.1,21.2,0.374,Clear,10,0,225.9
12301,Rajdhani,DDU,Gaya,158.9,75.6,19.9,0.5,0.191,Clear,7,0,147.2
12860,Express,Kalaburagi,Wadi,82.4,63.5,25.3,0.5,0.041,Clear,9,2,100.7
12301,Rajdhani,DDU,Gaya,153.4,60.9,7.6,9.2,0.267,Rain,7,2,151.4
12301,Rajdhani,New Delhi,Kanpur,182.8,62.1,31.7,10.1,0.229,Clear,0,1,177.3
12301,Rajdhani,DDU,Gaya,157.0,74.1,12.4,16.0,0.19,Clear,7,1,130.1
12951,Rajdhani,Vadodara,Ratlam,147.5,49.3,23.5,10.1,0.119,Clear,4,5,194.2
12301,Rajdhani,Gaya,Howrah,205.0,68.7,18.4,7.9,0.142,Clear,10,1,181.9
12860,Express,Pune,Solapur,227.7,77.1,2.5,10.1,0.218,Fog,2,1,194.4
12259,Duronto,Gaya,DDU,201.1,72.6,25.3,21.2,0.091,Clear,5,6,190.1
12860,Express,Mumbai,Pune,179.0,60.1,-0.3,9.9,0.429,Clear,0,3,215.2
12627,Express,Chennai,Gudur,156.8,67.1,12.4,17.2,0.277,Clear,23,2,155.8
12860,Express,Mumbai,Pune,184.5,54.2,19.0,7.7,0.367,Clear,0,4,211.5
12860,Express,Pune,Solapur,171.2,54.0,10.1,15.0,0.062,Clear,2,5,202.9
12951,Rajdhani,Surat,Vadodara,139.9,65.0,18.1,0.0,0.307,Fog,3,4,141.2
12723,Express,Warangal,Vijayawada,207.0,70.7,12.6,5.0,0.22,Clear,2,3,207.7
12259,Duronto,Sealdah,Asansol,140.6,63.0,-2.6,12.0,0.159,Heavy Rain,23,4,174.0
12723,Express,Gudur,Chennai,203.0,57.8,7.4,0.5,0.231,Clear,8,1,207.6
12301,Rajdhani,DDU,Gaya,155.0,70.4,18.3,22.6,0.45,Rain,8,3,155.1
12723,Express,Hyderabad,Kazipet,111.9,56.4,4.3,20.4,0.111,Heavy Rain,23,2,159.0
12301,Rajdhani,Kanpur,Prayagraj,192.6,69.2,12.9,8.7,0.202,Rain,2,0,167.7
12259,Duronto,Sealdah,Asansol,174.9,67.5,33.9,17.3,0.007,Rain,0,4,167.8
12723,Express,Gudur,Chennai,219.4,59.3,28.0,0.0,0.489,Heavy Rain,9,0,241.8
12301,Rajdhani,Gaya,Howrah,172.3,66.6,23.9,5.7,0.224,Clear,9,3,183.6
12860,Express,Kalaburagi,Wadi,81.6,65.7,7.5,8.9,0.214,Clear,8,0,100.7
12723,Express,Hyderabad,Kazipet,139.1,64.8,34.2,8.0,0.124,Fog,0,2,145.9
12301,Rajdhani,New Delhi,Kanpur,141.8,60.3,24.5,7.8,0.524,Heavy Rain,1,0,190.3
12301,Rajdhani,New Delhi,Kanpur,171.6,74.6,11.3,15.8,0.306,Clear,0,6,161.0
12301,Rajdhani,DDU,Gaya,105.5,46.2,19.7,14.6,0.442,Rain,7,2,180.9
12951,Rajdhani,Ratlam,Kota,240.8,76.4,7.2,14.7,0.166,Clear,7,2,195.1
12627,Express,Gudur,Nellore,56.2,57.5,19.1,19.7,0.131,Rain,2,4,77.7
12301,Rajdhani,Gaya,Howrah,165.4,67.1,20.4,14.0,0.246,Rain,9,5,192.7
12951,Rajdhani,Vadodara,Ratlam,185.2,73.7,36.9,18.8,0.043,Fog,4,1,197.5
12259,Duronto,Sealdah,Asansol,214.7,76.7,4.6,0.8,0.427,Clear,0,2,146.7
12951,Rajdhani,Vadodara,Ratlam,201.0,70.5,5.0,17.3,0.477,Rain,4,4,185.8
12301,Rajdhani,Kanpur,Prayagraj,190.3,69.3,16.6,19.5,0.059,Fog,2,3,179.2
12259,Duronto,Gaya,DDU,185.1,59.5,7.8,13.0,0.144,Clear,6,4,177.7
12723,Express,Kazipet,Warangal,40.0,70.1,27.2,7.4,0.106,Heavy Rain,1,0,63.4
12951,Rajdhani,Kota,New Delhi,249.0,65.4,4.8,13.5,0.148,Clear,11,6,211.8
12301,Rajdhani,Kanpur,Prayagraj,222.1,74.6,37.3,8.4,0.396,Clear,2,2,182.6
12627,Express,Warangal,Secunderabad,231.6,70.1,9.5,4.6,0.539,Clear,9,5,182.8
12627,Express,Vijayawada,Warangal,232.0,68.5,23.0,12.0,0.299,Rain,7,5,189.7
12860,Express,Mumbai,Pune,189.4,66.0,12.0,15.7,0.328,Clear,0,1,208.4
12259,Duronto,Sealdah,Asansol,152.6,67.0,17.7,11.0,0.198,Clear,23,2,168.8
12627,Express,Chennai,Gudur,157.7,59.4,3.5,15.4,0.064,Heavy Rain,23,6,158.2
12301,Rajdhani,New Delhi,Kanpur,190.3,76.3,12.3,1.6,0.61,Rain,0,1,171.0
12951,Rajdhani,Mumbai,Surat,211.1,64.7,20.6,11.1,0.259,Heavy Rain,23,6,207.6
12259,Duronto,DDU,New Delhi,272.8,72.8,27.7,0.0,0.152,Clear,10,1,219.6
12301,Rajdhani,Prayagraj,DDU,151.7,66.1,14.5,0.0,0.275,Rain,4,1,183.9
12860,Express,Pune,Solapur,149.9,53.8,12.9,15.4,0.293,Clear,3,6,203.1
12301,Rajdhani,Kanpur,Prayagraj,239.8,81.0,11.8,1.3,0.244,Clear,2,4,174.6
12951,Rajdhani,Surat,Vadodara,134.6,62.5,6.7,10.8,0.228,Clear,2,6,131.1
12627,Express,Warangal,Secunderabad,161.0,55.4,21.3,11.2,0.041,Clear,9,0,199.2
12301,Rajdhani,Gaya,Howrah,253.2,93.2,4.0,6.2,0.241,Rain,9,4,187.3
12951,Rajdhani,Mumbai,Surat,163.5,56.6,10.7,1.0,0.504,Clear,0,4,200.7
12723,Express,Gudur,Chennai,214.4,62.6,-5.0,15.5,0.34,Clear,9,5,216.6
12259,Duronto,Dhanbad,Gaya,183.4,78.1,19.0,11.3,0.454,Clear,4,6,170.5
12951,Rajdhani,Mumbai,Surat,214.3,73.8,16.8,5.3,0.326,Clear,0,6,193.2
12951,Rajdhani,Ratlam,Kota,186.8,69.8,18.5,17.0,0.339,Clear,8,0,189.8
12860,Express,Solapur,Kalaburagi,124.7,50.3,15.8,13.7,0.294,Rain,5,2,179.8
12301,Rajdhani,Kanpur,Prayagraj,173.7,69.5,14.8,0.6,0.627,Rain,2,0,181.3
12860,Express,Mumbai,Pune,134.7,44.1,9.9,7.9,0.052,Rain,0,5,226.9
12627,Express,Vijayawada,Warangal,192.6,63.3,-0.3,6.1,0.261,Rain,6,1,172.1
12259,Duronto,Dhanbad,Gaya,164.6,73.1,-5.0,16.7,0.439,Heavy Rain,4,6,178.3
12951,Rajdhani,Vadodara,Ratlam,237.0,82.0,-2.0,20.3,0.143,Clear,4,3,168.5
12860,Express,Kalaburagi,Wadi,73.6,58.0,16.6,8.8,0.15,Clear,8,3,98.1
12301,Rajdhani,DDU,Gaya,155.1,69.9,23.4,15.2,0.575,Heavy Rain,7,2,167.8
12951,Rajdhani,Kota,New Delhi,179.6,63.0,5.9,8.4,0.045,Clear,10,4,209.2
12259,Duronto,Asansol,Dhanbad,126.2,69.8,4.0,9.0,0.274,Rain,2,0,106.7
12860,Express,Pune,Solapur,203.9,62.9,15.8,2.0,0.533,Clear,3,0,205.0
12627,Express,Gudur,Nellore,63.4,57.4,9.5,7.4,0.08,Clear,2,5,78.9
12259,Duronto,Gaya,DDU,232.4,83.3,20.7,26.7,0.239,Fog,7,4,180.5
12723,Express,Kazipet,Warangal,43.2,68.0,17.2,18.4,0.42,Rain,2,6,45.7
12627,Express,Vijayawada,Warangal,169.8,62.7,27.9,11.5,0.143,Clear,7,6,197.5
12860,Express,Solapur,Kalaburagi,145.0,59.3,19.1,0.0,0.156,Clear,5,4,161.6
12627,Express,Nellore,Vijayawada,172.4,62.8,9.7,5.4,0.328,Fog,3,1,196.8
12627,Express,Vijayawada,Warangal,261.6,81.0,-5.0,13.2,0.358,Clear,6,4,195.4
12301,Rajdhani,DDU,Gaya,143.4,67.8,-5.0,13.2,0.246,Clear,7,3,149.7
12723,Express,Gudur,Chennai,236.8,68.9,4.0,4.7,0.402,Clear,8,2,198.5
12860,Express,Mumbai,Pune,167.8,58.3,25.0,12.6,0.335,Clear,0,6,216.7
12860,Express,Kalaburagi,Wadi,81.2,58.7,21.4,22.9,0.061,Fog,8,4,133.0
12259,Duronto,DDU,New Delhi,217.3,66.2,2.4,0.0,0.155,Clear,9,3,205.9
12301,Rajdhani,New Delhi,Kanpur,137.8,57.1,16.5,25.5,0.132,Clear,23,5,177.1
12259,Duronto,Gaya,DDU,201.5,73.4,15.2,9.5,0.219,Clear,6,1,182.8
12860,Express,Solapur,Kalaburagi,124.0,57.9,-5.0,10.0,0.745,Clear,5,6,181.2
12259,Duronto,Asansol,Dhanbad,103.6,69.9,3.0,0.0,0.402,Rain,2,5,98.7
12723,Express,Hyderabad,Kazipet,145.0,65.7,3.1,4.3,0.214,Rain,23,1,134.2
12951,Rajdhani,Vadodara,Ratlam,188.5,64.1,8.1,8.4,0.586,Clear,4,0,183.6
12301,Rajdhani,New Delhi,Kanpur,156.6,56.2,-2.5,18.0,0.364,Rain,23,1,189.8
12723,Express,Warangal,Vijayawada,207.0,56.2,-5.0,12.2,0.446,Clear,3,6,224.8
12723,Express,Gudur,Chennai,237.9,78.3,6.8,16.5,0.31,Clear,9,4,207.2
12301,Rajdhani,DDU,Gaya,204.6,81.3,4.9,10.3,0.342,Clear,8,4,138.2
12627,Express,Chennai,Gudur,128.5,60.5,1.6,14.8,0.165,Clear,22,5,157.2
12627,Express,Gudur,Nellore,60.1,62.6,26.4,7.3,0.195,Clear,3,5,79.6
12860,Express,Solapur,Kalaburagi,113.0,50.4,15.2,14.6,0.394,Clear,6,5,177.0
12301,Rajdhani,Gaya,Howrah,140.3,53.2,5.6,10.4,0.227,Fog,10,4,195.6
12723,Express,Warangal,Vijayawada,189.1,68.0,20.4,15.0,0.579,Rain,3,0,228.9
12627,Express,Nellore,Vijayawada,149.1,53.3,3.0,0.0,0.577,Clear,4,5,209.5
12723,Express,Kazipet,Warangal,40.0,63.3,-5.0,21.4,0.15,Clear,2,5,46.7
12627,Express,Gudur,Nellore,52.6,50.9,31.2,11.2,0.145,Clear,3,0,98.3
12259,Duronto,Asansol,Dhanbad,114.0,65.1,16.5,16.8,0.134,Clear,3,3,92.8
12951,Rajdhani,Vadodara,Ratlam,156.4,50.3,11.2,10.0,0.235,Rain,5,2,190.3
12723,Express,Hyderabad,Kazipet,111.3,55.1,21.5,11.1,0.072,Clear,23,5,153.5
12301,Rajdhani,Gaya,Howrah,206.1,70.4,6.0,3.3,0.515,Clear,10,3,175.1
12627,Express,Warangal,Secunderabad,208.1,73.7,20.0,7.5,0.522,Rain,9,3,205.2
12259,Duronto,Dhanbad,Gaya,169.1,70.3,13.6,15.1,0.204,Clear,4,1,160.3
12301,Rajdhani,Gaya,Howrah,132.5,52.0,15.1,16.7,0.228,Rain,9,2,207.7
12723,Express,Gudur,Chennai,182.7,62.1,9.6,17.1,0.116,Clear,9,0,208.0
12723,Express,Warangal,Vijayawada,198.5,69.0,6.2,0.0,0.287,Clear,3,2,197.6
12627,Express,Vijayawada,Warangal,214.2,69.3,25.7,8.9,0.161,Clear,6,2,190.1
12627,Express,Nellore,Vijayawada,194.5,61.6,6.8,9.6,0.65,Clear,3,1,203.7
12860,Express,Pune,Solapur,182.2,63.4,27.2,10.6,0.211,Heavy Rain,2,5,210.9
12627,Express,Warangal,Secunderabad,236.9,76.9,9.6,0.0,0.287,Clear,10,6,178.4
12259,Duronto,Dhanbad,Gaya,176.5,78.2,21.1,14.1,0.162,Clear,4,6,158.6
12259,Duronto,DDU,New Delhi,256.8,67.3,15.3,0.0,0.119,Clear,9,0,212.2
12259,Duronto,DDU,New Delhi,221.8,67.3,7.0,0.0,0.443,Rain,9,5,222.6
12627,Express,Vijayawada,Warangal,189.4,61.3,12.1,0.0,0.182,Clear,6,4,198.1
12301,Rajdhani,Prayagraj,DDU,206.4,71.3,6.7,0.0,0.187,Clear,5,4,167.2
12627,Express,Warangal,Secunderabad,193.9,61.7,-5.0,0.9,0.32,Clear,9,5,191.1
12259,Duronto,Asansol,Dhanbad,125.8,73.1,10.9,5.8,0.657,Clear,3,5,105.0
12951,Rajdhani,Surat,Vadodara,128.0,64.5,16.5,13.7,0.511,Clear,2,2,131.1
12723,Express,Gudur,Chennai,184.5,53.6,13.4,18.0,0.166,Clear,9,3,220.2
12723,Express,Hyderabad,Kazipet,148.7,67.0,18.4,15.4,0.243,Clear,23,4,144.1
12301,Rajdhani,DDU,Gaya,152.2,64.9,11.1,0.0,0.425,Fog,7,1,162.6
12723,Express,Gudur,Chennai,162.7,54.1,5.8,20.5,0.429,Rain,9,1,224.1
12951,Rajdhani,Surat,Vadodara,107.5,61.9,9.0,3.5,0.576,Clear,2,0,137.1
12951,Rajdhani,Mumbai,Surat,208.1,61.4,-5.0,22.2,0.265,Rain,0,5,197.2
12259,Duronto,Sealdah,Asansol,150.4,68.1,27.3,0.0,0.362,Fog,23,0,165.8
12627,Express,Vijayawada,Warangal,224.1,70.4,1.3,5.6,0.542,Clear,7,6,196.7
12301,Rajdhani,Gaya,Howrah,150.7,61.1,33.4,8.9,0.098,Clear,11,3,204.2
12860,Express,Pune,Solapur,217.3,72.2,4.3,0.0,0.557,Clear,3,4,190.5
12951,Rajdhani,Vadodara,Ratlam,180.3,71.8,26.7,10.2,0.264,Clear,4,0,184.6
12301,Rajdhani,DDU,Gaya,167.0,77.5,14.3,19.6,0.368,Clear,7,1,155.4
12627,Express,Warangal,Secunderabad,158.5,57.2,23.3,0.0,0.028,Fog,8,3,201.7
12259,Duronto,Asansol,Dhanbad,106.7,73.2,-4.5,17.2,0.158,Fog,3,1,105.4
12860,Express,Solapur,Kalaburagi,170.9,65.5,-0.4,0.2,0.162,Clear,5,0,160.5
12627,Express,Gudur,Nellore,61.1,60.6,23.0,8.0,0.363,Clear,1,4,92.5
12723,Express,Warangal,Vijayawada,164.1,51.6,29.1,12.1,0.229,Clear,2,6,235.9
12860,Express,Wadi,Secunderabad,109.0,38.0,29.0,17.3,0.228,Clear,9,5,209.0
12259,Duronto,Dhanbad,Gaya,166.0,78.5,32.4,7.0,0.188,Clear,3,3,168.9
12951,Rajdhani,Surat,Vadodara,162.5,77.8,20.7,10.9,0.424,Rain,3,2,135.8
12860,Express,Mumbai,Pune,165.7,54.1,-5.0,10.5,0.18,Fog,23,4,208.4
12627,Express,Chennai,Gudur,118.3,53.2,41.7,8.7,0.088,Clear,23,6,179.8
12723,Express,Gudur,Chennai,188.7,60.0,-2.3,15.8,0.162,Fog,8,2,208.8
12259,Duronto,Dhanbad,Gaya,190.2,72.2,19.4,10.1,0.217,Clear,4,1,157.0
12860,Express,Kalaburagi,Wadi,89.5,66.1,19.0,6.8,0.258,Rain,7,1,98.0
12723,Express,Vijayawada,Gudur,217.4,67.1,5.1,22.1,0.283,Rain,6,5,216.1
12723,Express,Kazipet,Warangal,40.0,47.2,-5.0,16.6,0.206,Rain,2,4,61.9
12860,Express,Solapur,Kalaburagi,172.4,71.9,39.4,10.4,0.226,Fog,6,3,180.7
12723,Express,Gudur,Chennai,260.1,71.9,14.8,0.0,0.249,Clear,9,1,210.6
12301,Rajdhani,Prayagraj,DDU,200.7,68.5,10.1,17.9,0.233,Clear,4,1,172.6
12301,Rajdhani,Prayagraj,DDU,163.5,70.5,29.0,11.7,0.302,Clear,5,5,194.4
12860,Express,Kalaburagi,Wadi,69.1,59.4,9.8,15.1,0.349,Fog,8,1,109.9
12259,Duronto,DDU,New Delhi,210.5,59.1,8.8,9.0,0.405,Clear,8,4,234.3
12301,Rajdhani,Kanpur,Prayagraj,153.9,62.2,3.7,22.0,0.316,Fog,1,4,175.5
12723,Express,Warangal,Vijayawada,157.3,54.2,-3.5,10.3,0.453,Clear,2,0,224.7
12627,Express,Chennai,Gudur,96.7,45.5,11.5,7.5,0.257,Clear,23,3,167.6
12723,Express,Gudur,Chennai,206.4,60.0,24.0,0.0,0.59,Rain,9,3,224.3
12301,Rajdhani,Prayagraj,DDU,191.9,68.9,7.1,7.8,0.167,Clear,5,0,172.6
12259,Duronto,Gaya,DDU,176.0,58.6,0.1,9.6,0.531,Clear,6,6,191.0
12627,Express,Chennai,Gudur,135.7,65.3,-3.8,5.3,0.56,Clear,23,1,160.8
12951,Rajdhani,Mumbai,Surat,210.3,78.2,19.7,9.1,0.678,Clear,23,3,197.5
12860,Express,Mumbai,Pune,189.5,65.2,11.1,2.8,0.137,Clear,0,0,192.8
12951,Rajdhani,Mumbai,Surat,238.7,71.2,28.1,5.7,0.21,Clear,23,4,187.5
12301,Rajdhani,Gaya,Howrah,175.2,71.8,6.2,22.3,0.589,Clear,9,0,190.1
12301,Rajdhani,New Delhi,Kanpur,190.5,72.0,14.9,12.6,0.129,Fog,0,0,171.7
12951,Rajdhani,Ratlam,Kota,190.6,69.9,8.8,9.3,0.465,Rain,8,4,199.4
12627,Express,Nellore,Vijayawada,178.2,60.5,14.1,17.0,0.69,Clear,4,4,202.7
12301,Rajdhani,DDU,Gaya,181.0,70.3,21.3,3.6,0.316,Rain,8,0,169.7
12860,Express,Pune,Solapur,242.5,73.3,16.2,7.7,0.492,Rain,3,0,199.9
12259,Duronto,Gaya,DDU,203.9,65.5,12.5,2.6,0.516,Clear,5,6,178.8
12860,Express,Mumbai,Pune,277.3,83.6,7.0,14.7,0.196,Clear,0,0,199.0
12860,Express,Mumbai,Pune,195.4,60.2,6.7,15.1,0.111,Clear,0,3,204.4
12627,Express,Vijayawada,Warangal,170.1,63.8,22.6,4.7,0.41,Clear,7,4,194.3
12301,Rajdhani,New Delhi,Kanpur,210.4,81.0,0.6,22.4,0.196,Clear,0,0,162.9
12259,Duronto,Asansol,Dhanbad,123.2,77.1,-5.0,5.1,0.114,Clear,2,6,97.8
12259,Duronto,Dhanbad,Gaya,170.7,65.2,-5.0,0.5,0.101,Clear,4,5,141.0
12723,Express,Gudur,Chennai,197.9,58.0,18.1,0.0,0.275,Clear,7,3,211.5
12627,Express,Nellore,Vijayawada,169.2,63.5,11.6,20.1,0.332,Clear,3,0,190.2
12259,Duronto,DDU,New Delhi,226.9,67.8,-0.1,20.6,0.046,Fog,9,0,212.8
12301,Rajdhani,New Delhi,Kanpur,161.7,70.0,-5.0,29.8,0.356,Clear,0,5,166.6
12860,Express,Pune,Solapur,204.7,62.8,23.6,9.4,0.24,Clear,2,1,201.7
12301,Rajdhani,New Delhi,Kanpur,166.3,74.8,11.9,19.4,0.246,Clear,23,0,174.4
